70,105
72,105
74,105
76,105
78,105
80,105
82,105
84,105
86,105
88,105
90,105
91,105
92,105
94,105
96,105
98,105
100,105
102,105
103,105
104,105
106,105
107,105
108,105
110,105
111,105
112,105
114,105
115,105
116,105
117,105
118,105
119,105
120,105
121,105
122,105
123,105
124,105
125,105
126,105
127,105
128,105
130,105
131,105
132,105
134,105
135,105
136,105
138,105
139,105
140,105
141,105
142,105
143,105
144,105
146,105
148,105
150,105
152,105
154,105
156,105
158,105
160,105
162,105
164,105
166,105
168,105
170,105
172,105
174,105
176,105
178,105
179,105
180,105
181,105
182,105
183,105
184,105
185,105
186,105
187,105
188,105
189,105
190,105
191,105
192,105
193,105
194,105
195,105
196,105
197,105
198,105
199,105
200,105
201,105
202,105
203,105
204,105
205,105
206,105
207,105
208,105
210,105
211,105
212,105
214,105
215,105
216,105
217,105
218,105
219,105
220,105
221,105
222,105
223,105
224,105
225,105
226,105
227,105
228,105
229,105
230,105
231,105
232,105
233,105
234,105
235,105
236,105
237,105
238,105
239,105
240,105
241,105
242,105
243,105
244,105
245,105
246,105
247,105
248,105
249,105
250,105
251,105
252,105
253,105
254,105
255,105
256,105
257,105
258,105
259,105
260,105
261,105
262,105
263,105
264,105
265,105
266,105
267,105
268,105
269,105
270,105
271,105
272,105
273,105
274,105
275,105
276,105
277,105
278,105
279,105
280,105
281,105
282,105
283,105
284,105
285,105
286,105
287,105
288,105
289,105
290,105
291,105
292,105
293,105
294,105
295,105
296,105
297,105
298,105
299,105
300,105
301,105
302,105
303,105
304,105
305,105
306,105
307,105
308,105
309,105
310,105
311,105
312,105
313,105
314,105
315,105
316,105
317,105
318,105
319,105
320,105
321,105
322,105
323,105
324,105
325,105
326,105
327,105
328,105
329,105
71,106
73,106
75,106
77,106
79,106
81,106
83,106
85,106
87,106
89,106
91,106
93,106
95,106
97,106
99,106
101,106
103,106
105,106
107,106
109,106
111,106
113,106
115,106
117,106
119,106
121,106
123,106
125,106
127,106
129,106
131,106
133,106
135,106
137,106
139,106
141,106
143,106
145,106
147,106
149,106
151,106
153,106
155,106
157,106
159,106
161,106
163,106
165,106
167,106
169,106
171,106
173,106
175,106
177,106
179,106
181,106
183,106
185,106
187,106
189,106
191,106
193,106
195,106
197,106
199,106
201,106
203,106
205,106
207,106
209,106
211,106
213,106
215,106
217,106
219,106
221,106
222,106
223,106
225,106
226,106
227,106
229,106
230,106
231,106
232,106
233,106
234,106
235,106
236,106
237,106
238,106
239,106
240,106
241,106
242,106
243,106
244,106
245,106
246,106
247,106
248,106
249,106
250,106
251,106
252,106
253,106
254,106
255,106
256,106
257,106
258,106
259,106
260,106
261,106
262,106
263,106
264,106
265,106
266,106
267,106
268,106
269,106
270,106
271,106
272,106
273,106
274,106
275,106
276,106
277,106
278,106
279,106
280,106
281,106
282,106
283,106
284,106
285,106
286,106
287,106
288,106
289,106
290,106
291,106
292,106
293,106
294,106
295,106
296,106
297,106
298,106
299,106
300,106
301,106
302,106
303,106
304,106
305,106
306,106
307,106
308,106
309,106
310,106
311,106
312,106
313,106
314,106
315,106
316,106
317,106
318,106
319,106
320,106
321,106
322,106
323,106
324,106
325,106
326,106
327,106
328,106
329,106
70,107
72,107
74,107
76,107
78,107
80,107
82,107
84,107
86,107
88,107
90,107
92,107
94,107
96,107
98,107
100,107
102,107
104,107
106,107
108,107
109,107
110,107
112,107
113,107
114,107
116,107
117,107
118,107
120,107
121,107
122,107
124,107
125,107
126,107
128,107
129,107
130,107
132,107
134,107
136,107
137,107
138,107
140,107
142,107
144,107
146,107
148,107
150,107
152,107
154,107
156,107
158,107
160,107
162,107
164,107
166,107
168,107
170,107
172,107
174,107
176,107
178,107
180,107
181,107
182,107
183,107
184,107
185,107
186,107
188,107
189,107
190,107
192,107
193,107
194,107
196,107
197,107
198,107
199,107
200,107
201,107
202,107
203,107
204,107
205,107
206,107
208,107
209,107
210,107
212,107
213,107
214,107
216,107
217,107
218,107
219,107
220,107
221,107
222,107
223,107
224,107
225,107
226,107
227,107
228,107
229,107
230,107
231,107
232,107
233,107
234,107
235,107
236,107
237,107
238,107
239,107
240,107
241,107
242,107
243,107
244,107
245,107
246,107
247,107
248,107
249,107
250,107
251,107
252,107
253,107
254,107
255,107
256,107
257,107
258,107
259,107
260,107
261,107
262,107
263,107
264,107
265,107
266,107
267,107
268,107
269,107
270,107
271,107
272,107
273,107
274,107
275,107
276,107
277,107
278,107
279,107
280,107
281,107
282,107
283,107
284,107
285,107
286,107
287,107
288,107
289,107
290,107
291,107
292,107
293,107
294,107
295,107
296,107
297,107
298,107
299,107
300,107
301,107
302,107
303,107
304,107
305,107
306,107
307,107
308,107
309,107
310,107
311,107
312,107
313,107
314,107
315,107
316,107
317,107
318,107
319,107
320,107
321,107
322,107
323,107
324,107
325,107
326,107
327,107
328,107
329,107
71,108
73,108
75,108
77,108
79,108
81,108
83,108
85,108
87,108
89,108
91,108
93,108
97,108
101,108
103,108
105,108
107,108
109,108
111,108
113,108
115,108
117,108
119,108
121,108
123,108
125,108
127,108
129,108
131,108
133,108
135,108
137,108
139,108
141,108
143,108
145,108
149,108
153,108
157,108
161,108
165,108
169,108
173,108
177,108
179,108
181,108
183,108
185,108
187,108
189,108
191,108
193,108
195,108
197,108
199,108
201,108
203,108
205,108
207,108
209,108
211,108
213,108
215,108
217,108
219,108
221,108
223,108
225,108
227,108
229,108
231,108
232,108
233,108
234,108
235,108
236,108
237,108
238,108
239,108
240,108
241,108
242,108
243,108
244,108
245,108
246,108
247,108
248,108
249,108
250,108
251,108
252,108
253,108
254,108
255,108
256,108
257,108
258,108
259,108
260,108
261,108
262,108
263,108
264,108
265,108
267,108
268,108
269,108
270,108
271,108
272,108
273,108
275,108
276,108
277,108
279,108
280,108
281,108
283,108
284,108
285,108
287,108
288,108
289,108
291,108
292,108
293,108
295,108
296,108
297,108
299,108
300,108
301,108
303,108
304,108
305,108
307,108
308,108
309,108
311,108
312,108
313,108
315,108
316,108
317,108
319,108
320,108
321,108
323,108
324,108
325,108
327,108
328,108
329,108
70,109
71,109
72,109
74,109
75,109
76,109
78,109
79,109
80,109
82,109
83,109
84,109
86,109
87,109
88,109
90,109
92,109
94,109
96,109
98,109
100,109
102,109
104,109
106,109
107,109
108,109
109,109
110,109
111,109
112,109
114,109
115,109
116,109
118,109
119,109
120,109
122,109
123,109
124,109
126,109
127,109
128,109
130,109
131,109
132,109
134,109
135,109
136,109
138,109
140,109
142,109
144,109
146,109
148,109
150,109
152,109
154,109
156,109
158,109
160,109
162,109
164,109
166,109
168,109
170,109
172,109
174,109
176,109
178,109
179,109
180,109
181,109
182,109
183,109
184,109
185,109
186,109
187,109
188,109
189,109
190,109
191,109
192,109
193,109
194,109
195,109
196,109
197,109
198,109
199,109
200,109
201,109
202,109
203,109
204,109
205,109
206,109
207,109
208,109
209,109
210,109
211,109
212,109
213,109
214,109
215,109
216,109
217,109
218,109
219,109
220,109
221,109
222,109
223,109
224,109
225,109
226,109
227,109
228,109
229,109
230,109
231,109
232,109
233,109
234,109
235,109
236,109
237,109
238,109
239,109
240,109
241,109
242,109
243,109
244,109
245,109
246,109
247,109
248,109
249,109
250,109
251,109
252,109
253,109
254,109
255,109
256,109
257,109
258,109
259,109
260,109
261,109
262,109
263,109
264,109
265,109
266,109
267,109
268,109
269,109
270,109
271,109
272,109
273,109
274,109
275,109
276,109
277,109
278,109
279,109
280,109
281,109
282,109
283,109
284,109
285,109
286,109
287,109
288,109
289,109
290,109
291,109
292,109
293,109
294,109
295,109
296,109
297,109
298,109
299,109
300,109
301,109
302,109
303,109
304,109
305,109
306,109
307,109
308,109
309,109
310,109
311,109
312,109
313,109
314,109
315,109
316,109
317,109
318,109
319,109
320,109
321,109
322,109
323,109
324,109
325,109
326,109
327,109
328,109
329,109
71,110
73,110
75,110
77,110
79,110
81,110
83,110
85,110
87,110
89,110
91,110
93,110
95,110
99,110
103,110
105,110
107,110
109,110
111,110
113,110
115,110
117,110
119,110
121,110
123,110
125,110
127,110
129,110
131,110
133,110
135,110
137,110
139,110
141,110
143,110
145,110
147,110
151,110
153,110
155,110
157,110
159,110
161,110
163,110
165,110
167,110
169,110
171,110
173,110
175,110
177,110
179,110
181,110
183,110
185,110
187,110
189,110
191,110
193,110
195,110
197,110
199,110
201,110
202,110
203,110
205,110
207,110
209,110
211,110
213,110
215,110
217,110
219,110
221,110
223,110
225,110
227,110
229,110
230,110
231,110
232,110
233,110
234,110
235,110
236,110
237,110
238,110
239,110
240,110
241,110
242,110
243,110
244,110
245,110
246,110
247,110
248,110
249,110
250,110
251,110
252,110
253,110
254,110
255,110
256,110
257,110
258,110
259,110
260,110
261,110
262,110
263,110
264,110
265,110
266,110
267,110
268,110
269,110
270,110
271,110
272,110
273,110
274,110
275,110
276,110
277,110
278,110
279,110
280,110
281,110
282,110
283,110
284,110
285,110
286,110
287,110
288,110
289,110
290,110
291,110
292,110
293,110
294,110
295,110
296,110
297,110
298,110
299,110
300,110
301,110
302,110
303,110
304,110
305,110
306,110
307,110
308,110
309,110
310,110
311,110
312,110
313,110
314,110
315,110
316,110
317,110
318,110
319,110
320,110
321,110
322,110
323,110
324,110
325,110
326,110
327,110
328,110
329,110
70,111
72,111
74,111
76,111
77,111
78,111
80,111
81,111
82,111
84,111
86,111
88,111
90,111
92,111
94,111
96,111
98,111
100,111
102,111
104,111
105,111
106,111
108,111
109,111
110,111
112,111
113,111
114,111
116,111
117,111
118,111
120,111
121,111
122,111
124,111
126,111
128,111
130,111
132,111
134,111
136,111
138,111
140,111
142,111
144,111
146,111
148,111
150,111
152,111
154,111
156,111
158,111
160,111
162,111
164,111
166,111
168,111
170,111
172,111
174,111
176,111
178,111
180,111
181,111
182,111
184,111
185,111
186,111
187,111
188,111
189,111
190,111
192,111
193,111
194,111
195,111
196,111
197,111
198,111
199,111
200,111
201,111
202,111
203,111
204,111
205,111
206,111
207,111
208,111
209,111
210,111
211,111
212,111
213,111
214,111
216,111
217,111
218,111
220,111
221,111
222,111
223,111
224,111
225,111
226,111
227,111
228,111
229,111
230,111
231,111
232,111
233,111
234,111
235,111
236,111
237,111
238,111
239,111
240,111
241,111
242,111
243,111
244,111
245,111
246,111
247,111
248,111
249,111
250,111
251,111
252,111
253,111
254,111
255,111
256,111
257,111
258,111
259,111
260,111
261,111
262,111
263,111
264,111
265,111
266,111
267,111
268,111
269,111
270,111
271,111
272,111
273,111
274,111
275,111
276,111
277,111
278,111
279,111
280,111
281,111
282,111
283,111
284,111
285,111
286,111
287,111
288,111
289,111
290,111
291,111
292,111
293,111
294,111
295,111
296,111
297,111
298,111
299,111
300,111
301,111
302,111
303,111
304,111
305,111
306,111
307,111
308,111
309,111
310,111
311,111
312,111
313,111
314,111
315,111
316,111
317,111
318,111
319,111
320,111
321,111
322,111
323,111
324,111
325,111
326,111
327,111
328,111
329,111
71,112
73,112
75,112
77,112
79,112
81,112
83,112
85,112
87,112
89,112
93,112
101,112
105,112
107,112
109,112
111,112
113,112
115,112
117,112
119,112
121,112
123,112
125,112
129,112
133,112
137,112
141,112
145,112
149,112
153,112
157,112
161,112
165,112
169,112
173,112
175,112
177,112
179,112
181,112
183,112
185,112
187,112
189,112
191,112
193,112
195,112
197,112
199,112
201,112
203,112
205,112
207,112
209,112
211,112
213,112
215,112
217,112
219,112
221,112
223,112
225,112
227,112
229,112
231,112
232,112
233,112
234,112
235,112
236,112
237,112
238,112
239,112
240,112
241,112
242,112
243,112
244,112
245,112
246,112
247,112
248,112
249,112
250,112
251,112
252,112
253,112
254,112
255,112
256,112
257,112
258,112
259,112
260,112
261,112
263,112
264,112
265,112
267,112
268,112
269,112
271,112
272,112
273,112
275,112
276,112
277,112
279,112
280,112
281,112
283,112
284,112
285,112
287,112
288,112
289,112
291,112
292,112
293,112
295,112
296,112
297,112
299,112
300,112
301,112
303,112
304,112
305,112
307,112
308,112
309,112
311,112
312,112
313,112
315,112
316,112
317,112
319,112
320,112
321,112
323,112
324,112
325,112
327,112
328,112
329,112
70,113
71,113
72,113
74,113
75,113
76,113
78,113
79,113
80,113
82,113
83,113
84,113
86,113
88,113
90,113
92,113
94,113
96,113
98,113
100,113
102,113
104,113
106,113
107,113
108,113
110,113
111,113
112,113
114,113
115,113
116,113
118,113
119,113
120,113
122,113
123,113
124,113
126,113
128,113
130,113
132,113
134,113
136,113
138,113
140,113
142,113
144,113
146,113
148,113
150,113
152,113
154,113
156,113
158,113
160,113
162,113
164,113
166,113
168,113
170,113
172,113
174,113
176,113
178,113
179,113
180,113
181,113
182,113
183,113
184,113
185,113
186,113
187,113
188,113
189,113
190,113
191,113
192,113
193,113
194,113
195,113
196,113
197,113
198,113
199,113
200,113
201,113
202,113
203,113
204,113
205,113
206,113
207,113
208,113
209,113
210,113
211,113
212,113
213,113
214,113
215,113
216,113
217,113
218,113
219,113
220,113
221,113
222,113
223,113
224,113
225,113
226,113
227,113
228,113
229,113
230,113
231,113
232,113
233,113
234,113
235,113
236,113
237,113
238,113
239,113
240,113
241,113
242,113
243,113
244,113
245,113
246,113
247,113
248,113
249,113
250,113
251,113
252,113
253,113
254,113
255,113
256,113
257,113
258,113
259,113
260,113
261,113
262,113
263,113
264,113
265,113
266,113
267,113
268,113
269,113
270,113
271,113
272,113
273,113
274,113
275,113
276,113
277,113
278,113
279,113
280,113
281,113
282,113
283,113
284,113
285,113
286,113
287,113
288,113
289,113
290,113
291,113
292,113
293,113
294,113
295,113
296,113
297,113
298,113
299,113
300,113
301,113
302,113
303,113
304,113
305,113
306,113
307,113
308,113
309,113
310,113
311,113
312,113
313,113
314,113
315,113
316,113
317,113
318,113
319,113
320,113
321,113
322,113
323,113
324,113
325,113
326,113
327,113
328,113
329,113
71,114
73,114
75,114
77,114
79,114
81,114
83,114
85,114
87,114
91,114
95,114
99,114
103,114
105,114
107,114
109,114
111,114
113,114
115,114
117,114
119,114
121,114
123,114
125,114
127,114
131,114
135,114
139,114
141,114
143,114
145,114
147,114
149,114
151,114
155,114
159,114
161,114
163,114
167,114
171,114
173,114
175,114
177,114
179,114
181,114
183,114
185,114
187,114
189,114
191,114
193,114
195,114
197,114
198,114
199,114
201,114
203,114
205,114
207,114
209,114
211,114
213,114
215,114
217,114
219,114
221,114
223,114
225,114
226,114
227,114
229,114
230,114
231,114
232,114
233,114
234,114
235,114
236,114
237,114
238,114
239,114
240,114
241,114
242,114
243,114
244,114
245,114
246,114
247,114
248,114
249,114
250,114
251,114
252,114
253,114
254,114
255,114
256,114
257,114
258,114
259,114
260,114
261,114
262,114
263,114
264,114
265,114
266,114
267,114
268,114
269,114
270,114
271,114
272,114
273,114
274,114
275,114
276,114
277,114
278,114
279,114
280,114
281,114
282,114
283,114
284,114
285,114
286,114
287,114
288,114
289,114
290,114
291,114
292,114
293,114
294,114
295,114
296,114
297,114
298,114
299,114
300,114
301,114
302,114
303,114
304,114
305,114
306,114
307,114
308,114
309,114
310,114
311,114
312,114
313,114
314,114
315,114
316,114
317,114
318,114
319,114
320,114
321,114
322,114
323,114
324,114
325,114
326,114
327,114
328,114
329,114
70,115
72,115
74,115
76,115
78,115
80,115
82,115
84,115
86,115
88,115
90,115
92,115
94,115
96,115
98,115
100,115
102,115
104,115
106,115
108,115
110,115
112,115
114,115
116,115
117,115
118,115
120,115
121,115
122,115
124,115
126,115
128,115
130,115
132,115
134,115
136,115
138,115
140,115
142,115
144,115
146,115
148,115
150,115
152,115
154,115
156,115
158,115
160,115
162,115
164,115
166,115
168,115
170,115
172,115
174,115
176,115
178,115
180,115
181,115
182,115
184,115
185,115
186,115
188,115
189,115
190,115
191,115
192,115
193,115
194,115
195,115
196,115
197,115
198,115
199,115
200,115
201,115
202,115
203,115
204,115
205,115
206,115
207,115
208,115
209,115
210,115
211,115
212,115
213,115
214,115
216,115
217,115
218,115
220,115
221,115
222,115
223,115
224,115
225,115
226,115
227,115
228,115
229,115
230,115
231,115
232,115
233,115
234,115
235,115
236,115
237,115
238,115
239,115
240,115
241,115
242,115
243,115
244,115
245,115
246,115
247,115
248,115
249,115
250,115
251,115
252,115
253,115
254,115
255,115
256,115
257,115
258,115
259,115
260,115
261,115
262,115
263,115
264,115
265,115
266,115
267,115
268,115
269,115
270,115
271,115
272,115
273,115
274,115
275,115
276,115
277,115
278,115
279,115
280,115
281,115
282,115
283,115
284,115
285,115
286,115
287,115
288,115
289,115
290,115
291,115
292,115
293,115
294,115
295,115
296,115
297,115
298,115
299,115
300,115
301,115
302,115
303,115
304,115
305,115
306,115
307,115
308,115
309,115
310,115
311,115
312,115
313,115
314,115
315,115
316,115
317,115
318,115
319,115
320,115
321,115
322,115
323,115
324,115
325,115
326,115
327,115
328,115
329,115
71,116
73,116
75,116
77,116
79,116
81,116
83,116
85,116
89,116
101,116
103,116
105,116
107,116
109,116
111,116
113,116
115,116
117,116
119,116
121,116
123,116
125,116
129,116
133,116
137,116
141,116
143,116
145,116
149,116
153,116
157,116
161,116
165,116
169,116
173,116
175,116
177,116
179,116
181,116
183,116
185,116
187,116
189,116
191,116
193,116
195,116
197,116
199,116
201,116
203,116
205,116
207,116
209,116
211,116
213,116
215,116
217,116
219,116
221,116
223,116
225,116
227,116
228,116
229,116
231,116
232,116
233,116
234,116
235,116
236,116
237,116
238,116
239,116
240,116
241,116
242,116
243,116
244,116
245,116
246,116
247,116
248,116
249,116
250,116
251,116
252,116
253,116
254,116
255,116
256,116
257,116
258,116
259,116
260,116
261,116
263,116
264,116
265,116
267,116
268,116
269,116
271,116
272,116
273,116
275,116
276,116
277,116
279,116
280,116
281,116
283,116
284,116
285,116
287,116
288,116
289,116
291,116
292,116
293,116
295,116
296,116
297,116
299,116
300,116
301,116
303,116
304,116
305,116
307,116
308,116
309,116
311,116
312,116
313,116
315,116
316,116
317,116
319,116
320,116
321,116
323,116
324,116
325,116
327,116
328,116
329,116
70,117
72,117
74,117
75,117
76,117
78,117
79,117
80,117
82,117
84,117
86,117
88,117
90,117
92,117
94,117
96,117
98,117
100,117
102,117
104,117
106,117
107,117
108,117
110,117
111,117
112,117
114,117
115,117
116,117
117,117
118,117
119,117
120,117
122,117
123,117
124,117
126,117
128,117
130,117
132,117
134,117
136,117
138,117
140,117
142,117
144,117
146,117
148,117
150,117
152,117
154,117
156,117
158,117
160,117
162,117
164,117
166,117
168,117
170,117
172,117
174,117
175,117
176,117
178,117
179,117
180,117
182,117
183,117
184,117
185,117
186,117
187,117
188,117
189,117
190,117
191,117
192,117
193,117
194,117
195,117
196,117
197,117
198,117
199,117
200,117
201,117
202,117
203,117
204,117
205,117
206,117
207,117
208,117
209,117
210,117
211,117
212,117
213,117
214,117
215,117
216,117
217,117
218,117
219,117
220,117
221,117
222,117
223,117
224,117
225,117
226,117
227,117
228,117
229,117
230,117
231,117
232,117
233,117
234,117
235,117
236,117
237,117
238,117
239,117
240,117
241,117
242,117
243,117
244,117
245,117
246,117
247,117
248,117
249,117
250,117
251,117
252,117
253,117
254,117
255,117
256,117
257,117
258,117
259,117
260,117
261,117
262,117
263,117
264,117
265,117
266,117
267,117
268,117
269,117
270,117
271,117
272,117
273,117
274,117
275,117
276,117
277,117
278,117
279,117
280,117
281,117
282,117
283,117
284,117
285,117
286,117
287,117
288,117
289,117
290,117
291,117
292,117
293,117
294,117
295,117
296,117
297,117
298,117
299,117
300,117
301,117
302,117
303,117
304,117
305,117
306,117
307,117
308,117
309,117
310,117
311,117
312,117
313,117
314,117
315,117
316,117
317,117
318,117
319,117
320,117
321,117
322,117
323,117
324,117
325,117
326,117
327,117
328,117
329,117
71,118
73,118
75,118
77,118
79,118
81,118
83,118
85,118
87,118
91,118
95,118
99,118
101,118
103,118
105,118
107,118
109,118
111,118
113,118
115,118
117,118
119,118
121,118
123,118
125,118
127,118
129,118
131,118
133,118
135,118
137,118
139,118
141,118
143,118
145,118
147,118
149,118
151,118
153,118
155,118
159,118
161,118
163,118
165,118
167,118
169,118
171,118
173,118
175,118
177,118
179,118
181,118
183,118
185,118
187,118
189,118
191,118
193,118
195,118
197,118
199,118
201,118
203,118
205,118
207,118
209,118
211,118
213,118
215,118
217,118
219,118
221,118
222,118
223,118
225,118
226,118
227,118
228,118
229,118
230,118
231,118
232,118
233,118
234,118
235,118
236,118
237,118
238,118
239,118
240,118
241,118
242,118
243,118
244,118
245,118
246,118
247,118
248,118
249,118
250,118
251,118
252,118
253,118
254,118
255,118
256,118
257,118
258,118
259,118
260,118
261,118
262,118
263,118
264,118
265,118
266,118
267,118
268,118
269,118
270,118
271,118
272,118
273,118
274,118
275,118
276,118
277,118
278,118
279,118
280,118
281,118
282,118
283,118
284,118
285,118
286,118
287,118
288,118
289,118
290,118
291,118
292,118
293,118
294,118
295,118
296,118
297,118
298,118
299,118
300,118
301,118
302,118
303,118
304,118
305,118
306,118
307,118
308,118
309,118
310,118
311,118
312,118
313,118
314,118
315,118
316,118
317,118
318,118
319,118
320,118
321,118
322,118
323,118
324,118
325,118
326,118
327,118
328,118
329,118
70,119
72,119
74,119
76,119
78,119
80,119
82,119
84,119
86,119
88,119
90,119
92,119
94,119
96,119
98,119
100,119
102,119
104,119
105,119
106,119
108,119
109,119
110,119
112,119
113,119
114,119
115,119
116,119
117,119
118,119
119,119
120,119
121,119
122,119
124,119
126,119
128,119
130,119
132,119
134,119
136,119
138,119
140,119
142,119
144,119
146,119
148,119
150,119
152,119
154,119
156,119
158,119
160,119
162,119
164,119
166,119
168,119
169,119
170,119
172,119
174,119
176,119
178,119
180,119
181,119
182,119
184,119
185,119
186,119
188,119
189,119
190,119
192,119
193,119
194,119
196,119
197,119
198,119
200,119
201,119
202,119
204,119
205,119
206,119
208,119
209,119
210,119
212,119
213,119
214,119
216,119
217,119
218,119
220,119
221,119
222,119
223,119
224,119
225,119
226,119
227,119
228,119
229,119
230,119
231,119
232,119
233,119
234,119
235,119
236,119
237,119
238,119
239,119
240,119
241,119
242,119
243,119
244,119
245,119
246,119
247,119
248,119
249,119
250,119
251,119
252,119
253,119
254,119
255,119
256,119
257,119
258,119
259,119
260,119
261,119
262,119
263,119
264,119
265,119
266,119
267,119
268,119
269,119
270,119
271,119
272,119
273,119
274,119
275,119
276,119
277,119
278,119
279,119
280,119
281,119
282,119
283,119
284,119
285,119
286,119
287,119
288,119
289,119
290,119
291,119
292,119
293,119
294,119
295,119
296,119
297,119
298,119
299,119
300,119
301,119
302,119
303,119
304,119
305,119
306,119
307,119
308,119
309,119
310,119
311,119
312,119
313,119
314,119
315,119
316,119
317,119
318,119
319,119
320,119
321,119
322,119
323,119
324,119
325,119
326,119
327,119
328,119
329,119
73,120
75,120
77,120
79,120
81,120
85,120
89,120
101,120
103,120
105,120
107,120
109,120
111,120
113,120
115,120
117,120
119,120
121,120
123,120
125,120
129,120
133,120
137,120
139,120
141,120
143,120
145,120
147,120
149,120
153,120
157,120
161,120
165,120
169,120
173,120
181,120
183,120
185,120
187,120
189,120
191,120
193,120
195,120
197,120
199,120
201,120
203,120
205,120
207,120
209,120
211,120
213,120
215,120
217,120
219,120
221,120
223,120
225,120
227,120
228,120
229,120
231,120
232,120
233,120
234,120
235,120
236,120
237,120
238,120
239,120
240,120
241,120
242,120
243,120
244,120
245,120
246,120
247,120
248,120
249,120
250,120
251,120
252,120
253,120
254,120
255,120
256,120
257,120
258,120
259,120
260,120
261,120
263,120
264,120
265,120
267,120
268,120
269,120
271,120
272,120
273,120
275,120
276,120
277,120
279,120
280,120
281,120
283,120
284,120
285,120
287,120
288,120
289,120
291,120
292,120
293,120
295,120
296,120
297,120
299,120
300,120
301,120
303,120
304,120
305,120
307,120
308,120
309,120
311,120
312,120
313,120
315,120
316,120
317,120
319,120
320,120
321,120
323,120
324,120
325,120
327,120
328,120
329,120
70,121
72,121
74,121
76,121
78,121
79,121
80,121
82,121
84,121
86,121
88,121
90,121
92,121
94,121
96,121
98,121
100,121
102,121
103,121
104,121
106,121
107,121
108,121
109,121
110,121
111,121
112,121
113,121
114,121
115,121
116,121
117,121
118,121
119,121
120,121
121,121
122,121
123,121
124,121
126,121
128,121
130,121
132,121
134,121
136,121
138,121
140,121
142,121
144,121
146,121
148,121
150,121
152,121
154,121
156,121
158,121
160,121
162,121
164,121
166,121
168,121
170,121
172,121
174,121
176,121
178,121
180,121
182,121
184,121
186,121
187,121
188,121
190,121
191,121
192,121
194,121
195,121
196,121
198,121
199,121
200,121
202,121
203,121
204,121
206,121
207,121
208,121
210,121
211,121
212,121
214,121
215,121
216,121
218,121
219,121
220,121
221,121
222,121
223,121
224,121
225,121
226,121
227,121
228,121
229,121
230,121
231,121
232,121
233,121
234,121
235,121
236,121
237,121
238,121
239,121
240,121
241,121
242,121
243,121
244,121
245,121
246,121
247,121
248,121
249,121
250,121
251,121
252,121
253,121
254,121
255,121
256,121
257,121
258,121
259,121
260,121
261,121
262,121
263,121
264,121
265,121
266,121
267,121
268,121
269,121
270,121
271,121
272,121
273,121
274,121
275,121
276,121
277,121
278,121
279,121
280,121
281,121
282,121
283,121
284,121
285,121
286,121
287,121
288,121
289,121
290,121
291,121
292,121
293,121
294,121
295,121
296,121
297,121
298,121
299,121
300,121
301,121
302,121
303,121
304,121
305,121
306,121
307,121
308,121
309,121
310,121
311,121
312,121
313,121
314,121
315,121
316,121
317,121
318,121
319,121
320,121
321,121
322,121
323,121
324,121
325,121
326,121
327,121
328,121
329,121
71,122
73,122
75,122
77,122
79,122
81,122
83,122
85,122
87,122
91,122
95,122
99,122
101,122
103,122
105,122
107,122
109,122
111,122
113,122
114,122
115,122
117,122
118,122
119,122
121,122
123,122
125,122
127,122
129,122
131,122
133,122
135,122
137,122
139,122
141,122
143,122
145,122
147,122
149,122
151,122
153,122
155,122
157,122
159,122
161,122
163,122
165,122
167,122
169,122
171,122
173,122
175,122
177,122
179,122
183,122
185,122
187,122
189,122
191,122
193,122
195,122
197,122
199,122
201,122
203,122
205,122
207,122
209,122
211,122
213,122
215,122
217,122
219,122
221,122
223,122
225,122
226,122
227,122
229,122
230,122
231,122
232,122
233,122
234,122
235,122
236,122
237,122
238,122
239,122
240,122
241,122
242,122
243,122
244,122
245,122
246,122
247,122
248,122
249,122
250,122
251,122
252,122
253,122
254,122
255,122
256,122
257,122
258,122
259,122
260,122
261,122
262,122
263,122
264,122
265,122
266,122
267,122
268,122
269,122
270,122
271,122
272,122
273,122
274,122
275,122
276,122
277,122
278,122
279,122
280,122
281,122
282,122
283,122
284,122
285,122
286,122
287,122
288,122
289,122
290,122
291,122
292,122
293,122
294,122
295,122
296,122
297,122
298,122
299,122
300,122
301,122
302,122
303,122
304,122
305,122
306,122
307,122
308,122
309,122
310,122
311,122
312,122
313,122
314,122
315,122
316,122
317,122
318,122
319,122
320,122
321,122
322,122
323,122
324,122
325,122
326,122
327,122
328,122
329,122
70,123
72,123
74,123
76,123
77,123
78,123
80,123
82,123
84,123
86,123
88,123
90,123
92,123
94,123
96,123
98,123
100,123
102,123
104,123
105,123
106,123
108,123
109,123
110,123
112,123
113,123
114,123
115,123
116,123
117,123
118,123
119,123
120,123
121,123
122,123
124,123
126,123
128,123
130,123
132,123
134,123
136,123
138,123
140,123
142,123
144,123
146,123
148,123
150,123
152,123
154,123
156,123
158,123
160,123
162,123
164,123
166,123
168,123
170,123
172,123
174,123
176,123
178,123
180,123
182,123
184,123
186,123
188,123
190,123
192,123
194,123
196,123
198,123
200,123
202,123
204,123
206,123
208,123
210,123
212,123
214,123
216,123
218,123
220,123
221,123
222,123
223,123
224,123
225,123
226,123
227,123
228,123
229,123
230,123
231,123
232,123
233,123
234,123
235,123
236,123
237,123
238,123
239,123
240,123
241,123
242,123
243,123
244,123
245,123
246,123
247,123
248,123
249,123
250,123
251,123
252,123
253,123
254,123
255,123
256,123
257,123
258,123
259,123
260,123
261,123
262,123
263,123
264,123
265,123
266,123
267,123
268,123
269,123
270,123
271,123
272,123
273,123
274,123
275,123
276,123
277,123
278,123
279,123
280,123
281,123
282,123
283,123
284,123
285,123
286,123
287,123
288,123
289,123
290,123
291,123
292,123
293,123
294,123
295,123
296,123
297,123
298,123
299,123
300,123
301,123
302,123
303,123
304,123
305,123
306,123
307,123
308,123
309,123
310,123
311,123
312,123
313,123
314,123
315,123
316,123
317,123
318,123
319,123
320,123
321,123
322,123
323,123
324,123
325,123
326,123
327,123
328,123
329,123
73,124
75,124
77,124
79,124
81,124
83,124
85,124
89,124
101,124
103,124
105,124
107,124
109,124
111,124
113,124
115,124
117,124
119,124
121,124
123,124
125,124
127,124
129,124
131,124
133,124
135,124
137,124
139,124
141,124
143,124
145,124
147,124
149,124
151,124
153,124
157,124
161,124
163,124
165,124
167,124
169,124
173,124
177,124
181,124
185,124
187,124
189,124
191,124
193,124
195,124
197,124
199,124
201,124
203,124
205,124
207,124
209,124
211,124
213,124
215,124
217,124
219,124
221,124
223,124
225,124
227,124
229,124
231,124
232,124
233,124
235,124
236,124
237,124
239,124
240,124
241,124
243,124
244,124
245,124
246,124
247,124
248,124
249,124
250,124
251,124
252,124
253,124
254,124
255,124
256,124
257,124
258,124
259,124
260,124
261,124
263,124
264,124
265,124
267,124
268,124
269,124
271,124
272,124
273,124
275,124
276,124
277,124
279,124
280,124
281,124
283,124
284,124
285,124
287,124
288,124
289,124
291,124
292,124
293,124
295,124
296,124
297,124
299,124
300,124
301,124
303,124
304,124
305,124
307,124
308,124
309,124
311,124
312,124
313,124
315,124
316,124
317,124
319,124
320,124
321,124
323,124
324,124
325,124
327,124
328,124
329,124
70,125
72,125
74,125
75,125
76,125
78,125
79,125
80,125
82,125
83,125
84,125
86,125
88,125
90,125
92,125
94,125
96,125
98,125
100,125
102,125
103,125
104,125
106,125
107,125
108,125
109,125
110,125
111,125
112,125
113,125
114,125
115,125
116,125
117,125
118,125
119,125
120,125
121,125
122,125
123,125
124,125
126,125
127,125
128,125
130,125
131,125
132,125
134,125
135,125
136,125
138,125
139,125
140,125
142,125
143,125
144,125
146,125
148,125
150,125
152,125
154,125
156,125
158,125
160,125
162,125
164,125
166,125
168,125
170,125
172,125
174,125
176,125
178,125
180,125
182,125
184,125
186,125
188,125
190,125
191,125
192,125
194,125
195,125
196,125
198,125
199,125
200,125
202,125
203,125
204,125
206,125
207,125
208,125
210,125
211,125
212,125
214,125
216,125
218,125
219,125
220,125
221,125
222,125
223,125
224,125
225,125
226,125
227,125
228,125
229,125
230,125
231,125
232,125
233,125
234,125
235,125
236,125
237,125
238,125
239,125
240,125
241,125
242,125
243,125
244,125
245,125
246,125
247,125
248,125
249,125
250,125
251,125
252,125
253,125
254,125
255,125
256,125
257,125
258,125
259,125
260,125
261,125
262,125
263,125
264,125
265,125
266,125
267,125
268,125
269,125
270,125
271,125
272,125
273,125
274,125
275,125
276,125
277,125
278,125
279,125
280,125
281,125
282,125
283,125
284,125
285,125
286,125
287,125
288,125
289,125
290,125
291,125
292,125
293,125
294,125
295,125
296,125
297,125
298,125
299,125
300,125
301,125
302,125
303,125
304,125
305,125
306,125
307,125
308,125
309,125
310,125
311,125
312,125
313,125
314,125
315,125
316,125
317,125
318,125
319,125
320,125
321,125
322,125
323,125
324,125
325,125
326,125
327,125
328,125
329,125
71,126
73,126
75,126
77,126
79,126
81,126
83,126
85,126
87,126
91,126
95,126
99,126
101,126
103,126
105,126
107,126
109,126
111,126
113,126
115,126
117,126
119,126
121,126
123,126
125,126
127,126
129,126
131,126
133,126
135,126
137,126
139,126
141,126
143,126
145,126
147,126
149,126
151,126
153,126
155,126
157,126
159,126
161,126
163,126
165,126
167,126
169,126
171,126
175,126
179,126
185,126
187,126
189,126
191,126
193,126
195,126
197,126
199,126
201,126
203,126
205,126
207,126
209,126
211,126
213,126
215,126
217,126
219,126
221,126
223,126
225,126
226,126
227,126
229,126
230,126
231,126
233,126
234,126
235,126
237,126
238,126
239,126
240,126
241,126
242,126
243,126
244,126
245,126
246,126
247,126
248,126
249,126
250,126
251,126
252,126
253,126
254,126
255,126
256,126
257,126
258,126
259,126
260,126
261,126
262,126
263,126
264,126
265,126
266,126
267,126
268,126
269,126
270,126
271,126
272,126
273,126
274,126
275,126
276,126
277,126
278,126
279,126
280,126
281,126
282,126
283,126
284,126
285,126
286,126
287,126
288,126
289,126
290,126
291,126
292,126
293,126
294,126
295,126
296,126
297,126
298,126
299,126
300,126
301,126
302,126
303,126
304,126
305,126
306,126
307,126
308,126
309,126
310,126
311,126
312,126
313,126
314,126
315,126
316,126
317,126
318,126
319,126
320,126
321,126
322,126
323,126
324,126
325,126
326,126
327,126
328,126
329,126
70,127
72,127
74,127
76,127
77,127
78,127
79,127
80,127
81,127
82,127
84,127
86,127
88,127
90,127
92,127
94,127
96,127
98,127
100,127
102,127
104,127
105,127
106,127
108,127
109,127
110,127
112,127
113,127
114,127
115,127
116,127
117,127
118,127
119,127
120,127
121,127
122,127
124,127
125,127
126,127
128,127
130,127
132,127
133,127
134,127
136,127
138,127
140,127
142,127
144,127
146,127
148,127
150,127
152,127
154,127
156,127
158,127
160,127
162,127
164,127
166,127
168,127
170,127
172,127
174,127
176,127
178,127
180,127
182,127
184,127
186,127
188,127
190,127
192,127
193,127
194,127
196,127
197,127
198,127
200,127
201,127
202,127
204,127
205,127
206,127
208,127
210,127
212,127
214,127
216,127
218,127
220,127
221,127
222,127
224,127
225,127
226,127
227,127
228,127
229,127
230,127
231,127
232,127
233,127
234,127
235,127
236,127
237,127
238,127
239,127
240,127
241,127
242,127
243,127
244,127
245,127
246,127
247,127
248,127
249,127
250,127
251,127
252,127
253,127
254,127
255,127
256,127
257,127
258,127
259,127
260,127
261,127
262,127
263,127
264,127
265,127
266,127
267,127
268,127
269,127
270,127
271,127
272,127
273,127
274,127
275,127
276,127
277,127
278,127
279,127
280,127
281,127
282,127
283,127
284,127
285,127
286,127
287,127
288,127
289,127
290,127
291,127
292,127
293,127
294,127
295,127
296,127
297,127
298,127
299,127
300,127
301,127
302,127
303,127
304,127
305,127
306,127
307,127
308,127
309,127
310,127
311,127
312,127
313,127
314,127
315,127
316,127
317,127
318,127
319,127
320,127
321,127
322,127
323,127
324,127
325,127
326,127
327,127
328,127
329,127
71,128
73,128
75,128
77,128
79,128
81,128
83,128
85,128
89,128
97,128
101,128
103,128
105,128
107,128
109,128
111,128
113,128
115,128
117,128
119,128
121,128
123,128
125,128
127,128
129,128
131,128
133,128
135,128
137,128
139,128
141,128
143,128
145,128
147,128
149,128
151,128
153,128
155,128
157,128
159,128
161,128
163,128
165,128
167,128
169,128
189,128
191,128
193,128
195,128
197,128
199,128
201,128
203,128
205,128
207,128
209,128
213,128
215,128
217,128
219,128
221,128
223,128
225,128
227,128
229,128
231,128
233,128
235,128
237,128
239,128
240,128
241,128
243,128
244,128
245,128
246,128
247,128
248,128
249,128
250,128
251,128
252,128
253,128
254,128
255,128
256,128
257,128
258,128
259,128
260,128
261,128
262,128
263,128
264,128
265,128
267,128
268,128
269,128
271,128
272,128
273,128
275,128
276,128
277,128
279,128
280,128
281,128
283,128
284,128
285,128
287,128
288,128
289,128
291,128
292,128
293,128
295,128
296,128
297,128
299,128
300,128
301,128
303,128
304,128
305,128
307,128
308,128
309,128
311,128
312,128
313,128
315,128
316,128
317,128
319,128
320,128
321,128
323,128
324,128
325,128
327,128
328,128
329,128
70,129
71,129
72,129
74,129
75,129
76,129
77,129
78,129
79,129
80,129
81,129
82,129
83,129
84,129
86,129
88,129
90,129
92,129
94,129
96,129
98,129
100,129
102,129
103,129
104,129
106,129
107,129
108,129
109,129
110,129
111,129
112,129
113,129
114,129
115,129
116,129
117,129
118,129
119,129
120,129
121,129
122,129
123,129
124,129
125,129
126,129
127,129
128,129
130,129
131,129
132,129
134,129
135,129
136,129
138,129
140,129
142,129
144,129
146,129
148,129
150,129
152,129
154,129
156,129
158,129
160,129
162,129
163,129
164,129
166,129
167,129
168,129
170,129
172,129
174,129
176,129
178,129
180,129
182,129
184,129
186,129
188,129
190,129
192,129
194,129
195,129
196,129
198,129
199,129
200,129
201,129
202,129
204,129
206,129
207,129
208,129
210,129
212,129
214,129
216,129
218,129
219,129
220,129
221,129
222,129
223,129
224,129
225,129
226,129
227,129
228,129
229,129
230,129
231,129
232,129
233,129
234,129
235,129
236,129
237,129
238,129
239,129
240,129
241,129
242,129
243,129
244,129
245,129
246,129
247,129
248,129
249,129
250,129
251,129
252,129
253,129
254,129
255,129
256,129
257,129
258,129
259,129
260,129
261,129
262,129
263,129
264,129
265,129
266,129
267,129
268,129
269,129
270,129
271,129
272,129
273,129
274,129
275,129
276,129
277,129
278,129
279,129
280,129
281,129
282,129
283,129
284,129
285,129
286,129
287,129
288,129
289,129
290,129
291,129
292,129
293,129
294,129
295,129
296,129
297,129
298,129
299,129
300,129
301,129
302,129
303,129
304,129
305,129
306,129
307,129
308,129
309,129
310,129
311,129
312,129
313,129
314,129
315,129
316,129
317,129
318,129
319,129
320,129
321,129
322,129
323,129
324,129
325,129
326,129
327,129
328,129
329,129
71,130
73,130
75,130
77,130
79,130
81,130
83,130
85,130
87,130
91,130
95,130
99,130
101,130
103,130
105,130
107,130
109,130
111,130
113,130
115,130
117,130
118,130
119,130
121,130
123,130
125,130
127,130
129,130
131,130
133,130
135,130
137,130
139,130
141,130
143,130
145,130
147,130
149,130
151,130
153,130
155,130
157,130
159,130
161,130
163,130
167,130
171,130
187,130
189,130
191,130
193,130
195,130
197,130
199,130
201,130
203,130
205,130
207,130
209,130
211,130
215,130
217,130
219,130
221,130
223,130
225,130
227,130
229,130
231,130
233,130
235,130
237,130
238,130
239,130
240,130
241,130
242,130
243,130
244,130
245,130
246,130
247,130
248,130
249,130
250,130
251,130
252,130
253,130
254,130
255,130
256,130
257,130
258,130
259,130
260,130
261,130
262,130
263,130
264,130
265,130
266,130
267,130
268,130
269,130
270,130
271,130
272,130
273,130
274,130
275,130
276,130
277,130
278,130
279,130
280,130
281,130
282,130
283,130
284,130
285,130
286,130
287,130
288,130
289,130
290,130
291,130
292,130
293,130
294,130
295,130
296,130
297,130
298,130
299,130
300,130
301,130
302,130
303,130
304,130
305,130
306,130
307,130
308,130
309,130
310,130
311,130
312,130
313,130
314,130
315,130
316,130
317,130
318,130
319,130
320,130
321,130
322,130
323,130
324,130
325,130
326,130
327,130
328,130
329,130
70,131
72,131
73,131
74,131
75,131
76,131
77,131
78,131
79,131
80,131
81,131
82,131
84,131
86,131
88,131
90,131
92,131
94,131
96,131
98,131
100,131
102,131
104,131
105,131
106,131
108,131
109,131
110,131
112,131
113,131
114,131
116,131
117,131
118,131
119,131
120,131
121,131
122,131
123,131
124,131
125,131
126,131
128,131
130,131
132,131
134,131
136,131
138,131
140,131
142,131
144,131
146,131
148,131
150,131
152,131
154,131
156,131
158,131
160,131
162,131
164,131
166,131
168,131
170,131
172,131
174,131
176,131
180,131
184,131
186,131
188,131
190,131
192,131
194,131
196,131
198,131
200,131
202,131
204,131
206,131
208,131
210,131
212,131
214,131
216,131
218,131
220,131
221,131
222,131
224,131
225,131
226,131
227,131
228,131
229,131
230,131
232,131
233,131
234,131
235,131
236,131
237,131
238,131
239,131
240,131
241,131
242,131
243,131
244,131
245,131
246,131
247,131
248,131
249,131
250,131
251,131
252,131
253,131
254,131
255,131
256,131
257,131
258,131
259,131
260,131
261,131
262,131
263,131
264,131
265,131
266,131
267,131
268,131
269,131
270,131
271,131
272,131
273,131
274,131
275,131
276,131
277,131
278,131
279,131
280,131
281,131
282,131
283,131
284,131
285,131
286,131
287,131
288,131
289,131
290,131
291,131
292,131
293,131
294,131
295,131
296,131
297,131
298,131
299,131
300,131
301,131
302,131
303,131
304,131
305,131
306,131
307,131
308,131
309,131
310,131
311,131
312,131
313,131
314,131
315,131
316,131
317,131
318,131
319,131
320,131
321,131
322,131
323,131
324,131
325,131
326,131
327,131
328,131
329,131
71,132
73,132
75,132
77,132
79,132
81,132
83,132
85,132
89,132
93,132
97,132
101,132
103,132
105,132
107,132
109,132
111,132
113,132
115,132
117,132
119,132
121,132
123,132
125,132
127,132
129,132
131,132
133,132
137,132
141,132
145,132
149,132
151,132
153,132
155,132
157,132
159,132
161,132
193,132
195,132
197,132
199,132
201,132
203,132
207,132
209,132
213,132
217,132
221,132
223,132
225,132
227,132
229,132
231,132
233,132
235,132
237,132
239,132
240,132
241,132
243,132
244,132
245,132
246,132
247,132
248,132
249,132
250,132
251,132
252,132
253,132
254,132
255,132
256,132
257,132
258,132
259,132
260,132
261,132
263,132
264,132
265,132
267,132
268,132
269,132
271,132
272,132
273,132
275,132
276,132
277,132
279,132
280,132
281,132
283,132
284,132
285,132
287,132
288,132
289,132
291,132
292,132
293,132
295,132
296,132
297,132
299,132
300,132
301,132
303,132
304,132
305,132
307,132
308,132
309,132
311,132
312,132
313,132
315,132
316,132
317,132
319,132
320,132
321,132
323,132
324,132
325,132
327,132
328,132
329,132
70,133
71,133
72,133
73,133
74,133
75,133
76,133
77,133
78,133
79,133
80,133
81,133
82,133
83,133
84,133
86,133
88,133
90,133
92,133
94,133
96,133
98,133
100,133
102,133
104,133
106,133
107,133
108,133
110,133
111,133
112,133
114,133
115,133
116,133
117,133
118,133
119,133
120,133
121,133
122,133
123,133
124,133
126,133
127,133
128,133
130,133
132,133
134,133
136,133
138,133
140,133
142,133
144,133
146,133
148,133
150,133
152,133
154,133
155,133
156,133
158,133
159,133
160,133
162,133
164,133
166,133
168,133
170,133
172,133
174,133
176,133
178,133
180,133
182,133
184,133
186,133
188,133
190,133
192,133
194,133
196,133
198,133
200,133
202,133
204,133
206,133
208,133
210,133
212,133
214,133
216,133
218,133
220,133
222,133
223,133
224,133
225,133
226,133
227,133
228,133
229,133
230,133
231,133
232,133
233,133
234,133
235,133
236,133
237,133
238,133
239,133
240,133
241,133
242,133
243,133
244,133
245,133
246,133
247,133
248,133
249,133
250,133
251,133
252,133
253,133
254,133
255,133
256,133
257,133
258,133
259,133
260,133
261,133
262,133
263,133
264,133
265,133
266,133
267,133
268,133
269,133
270,133
271,133
272,133
273,133
274,133
275,133
276,133
277,133
278,133
279,133
280,133
281,133
282,133
283,133
284,133
285,133
286,133
287,133
288,133
289,133
290,133
291,133
292,133
293,133
294,133
295,133
296,133
297,133
298,133
299,133
300,133
301,133
302,133
303,133
304,133
305,133
306,133
307,133
308,133
309,133
310,133
311,133
312,133
313,133
314,133
315,133
316,133
317,133
318,133
319,133
320,133
321,133
322,133
323,133
324,133
325,133
326,133
327,133
328,133
329,133
71,134
73,134
75,134
77,134
78,134
79,134
81,134
83,134
85,134
87,134
89,134
91,134
93,134
95,134
99,134
103,134
105,134
107,134
109,134
111,134
113,134
115,134
117,134
119,134
121,134
123,134
125,134
127,134
129,134
131,134
133,134
135,134
137,134
139,134
143,134
147,134
149,134
151,134
153,134
155,134
157,134
159,134
161,134
163,134
171,134
175,134
187,134
193,134
195,134
199,134
201,134
203,134
207,134
209,134
211,134
213,134
215,134
217,134
219,134
221,134
223,134
225,134
227,134
229,134
231,134
233,134
234,134
235,134
237,134
238,134
239,134
240,134
241,134
242,134
243,134
244,134
245,134
246,134
247,134
248,134
249,134
250,134
251,134
252,134
253,134
254,134
255,134
256,134
257,134
258,134
259,134
260,134
261,134
262,134
263,134
264,134
265,134
266,134
267,134
268,134
269,134
270,134
271,134
272,134
273,134
274,134
275,134
276,134
277,134
278,134
279,134
280,134
281,134
282,134
283,134
284,134
285,134
286,134
287,134
288,134
289,134
290,134
291,134
292,134
293,134
294,134
295,134
296,134
297,134
298,134
299,134
300,134
301,134
302,134
303,134
304,134
305,134
306,134
307,134
308,134
309,134
310,134
311,134
312,134
313,134
314,134
315,134
316,134
317,134
318,134
319,134
320,134
321,134
322,134
323,134
324,134
325,134
326,134
327,134
328,134
329,134
70,135
72,135
73,135
74,135
75,135
76,135
77,135
78,135
79,135
80,135
81,135
82,135
84,135
86,135
88,135
90,135
92,135
94,135
96,135
98,135
100,135
102,135
104,135
106,135
108,135
110,135
112,135
114,135
116,135
117,135
118,135
120,135
121,135
122,135
124,135
125,135
126,135
128,135
130,135
132,135
134,135
136,135
138,135
140,135
142,135
144,135
146,135
148,135
150,135
152,135
154,135
156,135
158,135
160,135
162,135
164,135
166,135
168,135
170,135
172,135
176,135
178,135
180,135
184,135
186,135
188,135
190,135
192,135
194,135
196,135
198,135
200,135
202,135
204,135
206,135
208,135
210,135
212,135
214,135
216,135
218,135
220,135
222,135
224,135
225,135
226,135
227,135
228,135
229,135
230,135
231,135
232,135
233,135
234,135
235,135
236,135
237,135
238,135
239,135
240,135
241,135
242,135
243,135
244,135
245,135
246,135
247,135
248,135
249,135
250,135
251,135
252,135
253,135
254,135
255,135
256,135
257,135
258,135
259,135
260,135
261,135
262,135
263,135
264,135
265,135
266,135
267,135
268,135
269,135
270,135
271,135
272,135
273,135
274,135
275,135
276,135
277,135
278,135
279,135
280,135
281,135
282,135
283,135
284,135
285,135
286,135
287,135
288,135
289,135
290,135
291,135
292,135
293,135
294,135
295,135
296,135
297,135
298,135
299,135
300,135
301,135
302,135
303,135
304,135
305,135
306,135
307,135
308,135
309,135
310,135
311,135
312,135
313,135
314,135
315,135
316,135
317,135
318,135
319,135
320,135
321,135
322,135
323,135
324,135
325,135
326,135
327,135
328,135
329,135
71,136
73,136
75,136
77,136
79,136
81,136
83,136
85,136
89,136
93,136
97,136
101,136
105,136
109,136
113,136
115,136
117,136
119,136
121,136
123,136
125,136
127,136
129,136
131,136
133,136
137,136
141,136
145,136
149,136
151,136
153,136
157,136
177,136
197,136
201,136
209,136
213,136
217,136
221,136
225,136
227,136
229,136
231,136
233,136
235,136
236,136
237,136
239,136
240,136
241,136
243,136
244,136
245,136
246,136
247,136
248,136
249,136
250,136
251,136
252,136
253,136
254,136
255,136
256,136
257,136
258,136
259,136
260,136
261,136
262,136
263,136
264,136
265,136
266,136
267,136
268,136
269,136
270,136
271,136
272,136
273,136
274,136
275,136
276,136
277,136
279,136
280,136
281,136
283,136
284,136
285,136
287,136
288,136
289,136
291,136
292,136
293,136
295,136
296,136
297,136
299,136
300,136
301,136
303,136
304,136
305,136
307,136
308,136
309,136
311,136
312,136
313,136
315,136
316,136
317,136
319,136
320,136
321,136
323,136
324,136
325,136
327,136
328,136
329,136
70,137
71,137
72,137
73,137
74,137
75,137
76,137
77,137
78,137
79,137
80,137
81,137
82,137
83,137
84,137
86,137
88,137
90,137
92,137
94,137
96,137
98,137
100,137
102,137
104,137
106,137
108,137
110,137
112,137
114,137
116,137
118,137
119,137
120,137
122,137
123,137
124,137
126,137
127,137
128,137
130,137
132,137
134,137
136,137
138,137
140,137
142,137
144,137
146,137
148,137
150,137
151,137
152,137
154,137
156,137
158,137
160,137
162,137
164,137
166,137
168,137
170,137
172,137
174,137
176,137
178,137
180,137
182,137
184,137
186,137
188,137
190,137
192,137
194,137
196,137
198,137
200,137
202,137
204,137
206,137
208,137
210,137
212,137
214,137
216,137
218,137
220,137
222,137
224,137
226,137
227,137
228,137
229,137
230,137
231,137
232,137
233,137
234,137
235,137
236,137
237,137
238,137
239,137
240,137
241,137
242,137
243,137
244,137
245,137
246,137
247,137
248,137
249,137
250,137
251,137
252,137
253,137
254,137
255,137
256,137
257,137
258,137
259,137
260,137
261,137
262,137
263,137
264,137
265,137
266,137
267,137
268,137
269,137
270,137
271,137
272,137
273,137
274,137
275,137
276,137
277,137
278,137
279,137
280,137
281,137
282,137
283,137
284,137
285,137
286,137
287,137
288,137
289,137
290,137
291,137
292,137
293,137
294,137
295,137
296,137
297,137
298,137
299,137
300,137
301,137
302,137
303,137
304,137
305,137
306,137
307,137
308,137
309,137
310,137
311,137
312,137
313,137
314,137
315,137
316,137
317,137
318,137
319,137
320,137
321,137
322,137
323,137
324,137
325,137
326,137
327,137
328,137
329,137
71,138
73,138
75,138
77,138
79,138
81,138
83,138
85,138
87,138
89,138
91,138
93,138
95,138
97,138
99,138
103,138
107,138
111,138
113,138
115,138
117,138
119,138
121,138
123,138
125,138
127,138
129,138
131,138
133,138
135,138
137,138
139,138
141,138
143,138
145,138
147,138
149,138
151,138
153,138
155,138
157,138
159,138
161,138
163,138
191,138
195,138
199,138
201,138
203,138
207,138
211,138
213,138
215,138
217,138
219,138
223,138
227,138
229,138
231,138
233,138
234,138
235,138
237,138
238,138
239,138
240,138
241,138
242,138
243,138
244,138
245,138
246,138
247,138
248,138
249,138
250,138
251,138
252,138
253,138
254,138
255,138
256,138
257,138
258,138
259,138
260,138
261,138
262,138
263,138
264,138
265,138
266,138
267,138
268,138
269,138
270,138
271,138
272,138
273,138
274,138
275,138
276,138
277,138
278,138
279,138
280,138
281,138
282,138
283,138
284,138
285,138
286,138
287,138
288,138
289,138
290,138
291,138
292,138
293,138
294,138
295,138
296,138
297,138
298,138
299,138
300,138
301,138
302,138
303,138
304,138
305,138
306,138
307,138
308,138
309,138
310,138
311,138
312,138
313,138
314,138
315,138
316,138
317,138
318,138
319,138
320,138
321,138
322,138
323,138
324,138
325,138
326,138
327,138
328,138
329,138
70,139
72,139
73,139
74,139
75,139
76,139
77,139
78,139
80,139
81,139
82,139
84,139
86,139
88,139
90,139
92,139
94,139
96,139
98,139
100,139
102,139
104,139
106,139
108,139
110,139
112,139
114,139
116,139
118,139
120,139
122,139
124,139
126,139
128,139
130,139
132,139
134,139
136,139
138,139
140,139
142,139
144,139
146,139
148,139
149,139
150,139
152,139
154,139
156,139
158,139
160,139
162,139
164,139
166,139
168,139
170,139
172,139
174,139
176,139
180,139
182,139
184,139
186,139
188,139
190,139
192,139
194,139
196,139
198,139
200,139
202,139
204,139
206,139
208,139
210,139
212,139
214,139
216,139
218,139
220,139
222,139
224,139
226,139
227,139
228,139
229,139
230,139
232,139
233,139
234,139
235,139
236,139
237,139
238,139
239,139
240,139
241,139
242,139
243,139
244,139
245,139
246,139
247,139
248,139
249,139
250,139
251,139
252,139
253,139
254,139
255,139
256,139
257,139
258,139
259,139
260,139
261,139
262,139
263,139
264,139
265,139
266,139
267,139
268,139
269,139
270,139
271,139
272,139
273,139
274,139
275,139
276,139
277,139
278,139
279,139
280,139
281,139
282,139
283,139
284,139
285,139
286,139
287,139
288,139
289,139
290,139
291,139
292,139
293,139
294,139
295,139
296,139
297,139
298,139
299,139
300,139
301,139
302,139
303,139
304,139
305,139
306,139
307,139
308,139
309,139
310,139
311,139
312,139
313,139
314,139
315,139
316,139
317,139
318,139
319,139
320,139
321,139
322,139
323,139
324,139
325,139
326,139
327,139
328,139
329,139
71,140
73,140
75,140
77,140
79,140
81,140
83,140
85,140
89,140
93,140
97,140
101,140
105,140
109,140
113,140
117,140
121,140
123,140
125,140
127,140
129,140
131,140
133,140
135,140
137,140
139,140
141,140
145,140
147,140
149,140
151,140
153,140
193,140
195,140
197,140
199,140
201,140
209,140
211,140
213,140
217,140
223,140
225,140
227,140
229,140
231,140
233,140
235,140
237,140
239,140
240,140
241,140
243,140
244,140
245,140
246,140
247,140
248,140
249,140
250,140
251,140
252,140
253,140
254,140
255,140
256,140
257,140
258,140
259,140
260,140
261,140
262,140
263,140
264,140
265,140
266,140
267,140
268,140
269,140
270,140
271,140
272,140
273,140
274,140
275,140
276,140
277,140
278,140
279,140
280,140
281,140
282,140
283,140
284,140
285,140
286,140
287,140
288,140
289,140
290,140
291,140
292,140
293,140
294,140
295,140
296,140
297,140
299,140
300,140
301,140
303,140
304,140
305,140
307,140
308,140
309,140
311,140
312,140
313,140
315,140
316,140
317,140
319,140
320,140
321,140
323,140
324,140
325,140
327,140
328,140
329,140
70,141
71,141
72,141
73,141
74,141
75,141
76,141
77,141
78,141
79,141
80,141
82,141
84,141
86,141
88,141
90,141
92,141
94,141
96,141
98,141
100,141
102,141
104,141
106,141
108,141
110,141
112,141
114,141
116,141
118,141
120,141
122,141
124,141
126,141
127,141
128,141
130,141
131,141
132,141
134,141
135,141
136,141
138,141
140,141
142,141
144,141
146,141
147,141
148,141
150,141
151,141
152,141
154,141
156,141
158,141
160,141
162,141
164,141
166,141
168,141
170,141
172,141
174,141
176,141
178,141
182,141
184,141
186,141
188,141
190,141
192,141
194,141
196,141
198,141
200,141
202,141
204,141
206,141
208,141
210,141
212,141
214,141
216,141
218,141
220,141
222,141
223,141
224,141
226,141
228,141
229,141
230,141
231,141
232,141
233,141
234,141
235,141
236,141
237,141
238,141
239,141
240,141
241,141
242,141
243,141
244,141
245,141
246,141
247,141
248,141
249,141
250,141
251,141
252,141
253,141
254,141
255,141
256,141
257,141
258,141
259,141
260,141
261,141
262,141
263,141
264,141
265,141
266,141
267,141
268,141
269,141
270,141
271,141
272,141
273,141
274,141
275,141
276,141
277,141
278,141
279,141
280,141
281,141
282,141
283,141
284,141
285,141
286,141
287,141
288,141
289,141
290,141
291,141
292,141
293,141
294,141
295,141
296,141
297,141
298,141
299,141
300,141
301,141
302,141
303,141
304,141
305,141
306,141
307,141
308,141
309,141
310,141
311,141
312,141
313,141
314,141
315,141
316,141
317,141
318,141
319,141
320,141
321,141
322,141
323,141
324,141
325,141
326,141
327,141
328,141
329,141
71,142
73,142
75,142
77,142
79,142
81,142
83,142
85,142
87,142
89,142
91,142
93,142
95,142
97,142
99,142
101,142
103,142
105,142
107,142
109,142
111,142
113,142
115,142
119,142
123,142
125,142
127,142
129,142
131,142
133,142
135,142
137,142
139,142
141,142
143,142
145,142
147,142
149,142
151,142
153,142
155,142
159,142
163,142
167,142
175,142
195,142
197,142
199,142
201,142
203,142
205,142
207,142
211,142
215,142
217,142
223,142
225,142
227,142
229,142
231,142
233,142
235,142
237,142
238,142
239,142
240,142
241,142
242,142
243,142
244,142
245,142
246,142
247,142
248,142
249,142
250,142
251,142
252,142
253,142
254,142
255,142
256,142
257,142
258,142
259,142
260,142
261,142
262,142
263,142
264,142
265,142
266,142
267,142
268,142
269,142
270,142
271,142
272,142
273,142
274,142
275,142
276,142
277,142
278,142
279,142
280,142
281,142
282,142
283,142
284,142
285,142
286,142
287,142
288,142
289,142
290,142
291,142
292,142
293,142
294,142
295,142
296,142
297,142
298,142
299,142
300,142
301,142
302,142
303,142
304,142
305,142
306,142
307,142
308,142
309,142
310,142
311,142
312,142
313,142
314,142
315,142
316,142
317,142
318,142
319,142
320,142
321,142
322,142
323,142
324,142
325,142
326,142
327,142
328,142
329,142
70,143
71,143
72,143
73,143
74,143
75,143
76,143
77,143
78,143
80,143
82,143
84,143
86,143
88,143
90,143
92,143
94,143
96,143
98,143
100,143
102,143
104,143
106,143
108,143
110,143
112,143
114,143
116,143
118,143
120,143
122,143
124,143
126,143
128,143
130,143
132,143
134,143
136,143
138,143
140,143
142,143
144,143
146,143
148,143
150,143
152,143
154,143
156,143
158,143
160,143
162,143
164,143
166,143
168,143
170,143
172,143
176,143
180,143
184,143
188,143
190,143
192,143
194,143
196,143
198,143
200,143
202,143
204,143
206,143
208,143
210,143
212,143
214,143
216,143
218,143
220,143
222,143
224,143
228,143
229,143
230,143
232,143
233,143
234,143
236,143
237,143
238,143
239,143
240,143
241,143
242,143
243,143
244,143
245,143
246,143
247,143
248,143
249,143
250,143
251,143
252,143
253,143
254,143
255,143
256,143
257,143
258,143
259,143
260,143
261,143
262,143
263,143
264,143
265,143
266,143
267,143
268,143
269,143
270,143
271,143
272,143
273,143
274,143
275,143
276,143
277,143
278,143
279,143
280,143
281,143
282,143
283,143
284,143
285,143
286,143
287,143
288,143
289,143
290,143
291,143
292,143
293,143
294,143
295,143
296,143
297,143
298,143
299,143
300,143
301,143
302,143
303,143
304,143
305,143
306,143
307,143
308,143
309,143
310,143
311,143
312,143
313,143
314,143
315,143
316,143
317,143
318,143
319,143
320,143
321,143
322,143
323,143
324,143
325,143
326,143
327,143
328,143
329,143
71,144
73,144
75,144
77,144
79,144
81,144
85,144
89,144
93,144
97,144
101,144
105,144
107,144
109,144
111,144
113,144
121,144
125,144
127,144
129,144
131,144
133,144
135,144
137,144
139,144
141,144
143,144
145,144
147,144
149,144
153,144
201,144
205,144
213,144
217,144
221,144
225,144
229,144
231,144
233,144
235,144
237,144
239,144
240,144
241,144
243,144
244,144
245,144
246,144
247,144
248,144
249,144
250,144
251,144
252,144
253,144
254,144
255,144
256,144
257,144
258,144
259,144
260,144
261,144
263,144
264,144
265,144
266,144
267,144
268,144
269,144
270,144
271,144
272,144
273,144
275,144
276,144
277,144
279,144
280,144
281,144
282,144
283,144
284,144
285,144
286,144
287,144
288,144
289,144
290,144
291,144
292,144
293,144
295,144
296,144
297,144
299,144
300,144
301,144
303,144
304,144
305,144
307,144
308,144
309,144
311,144
312,144
313,144
315,144
316,144
317,144
318,144
319,144
320,144
321,144
322,144
323,144
324,144
325,144
327,144
328,144
329,144
70,145
71,145
72,145
73,145
74,145
75,145
76,145
78,145
80,145
82,145
84,145
86,145
88,145
90,145
92,145
94,145
96,145
98,145
100,145
102,145
104,145
106,145
107,145
108,145
110,145
112,145
114,145
116,145
118,145
120,145
122,145
124,145
126,145
127,145
128,145
130,145
131,145
132,145
134,145
135,145
136,145
138,145
139,145
140,145
142,145
144,145
146,145
148,145
150,145
152,145
154,145
156,145
158,145
160,145
162,145
164,145
166,145
168,145
170,145
172,145
174,145
176,145
178,145
180,145
182,145
184,145
186,145
188,145
190,145
192,145
194,145
196,145
198,145
200,145
202,145
204,145
206,145
208,145
210,145
212,145
214,145
216,145
218,145
220,145
222,145
224,145
226,145
227,145
228,145
229,145
230,145
231,145
232,145
233,145
234,145
235,145
236,145
237,145
238,145
239,145
240,145
241,145
242,145
243,145
244,145
245,145
246,145
247,145
248,145
249,145
250,145
251,145
252,145
253,145
254,145
255,145
256,145
257,145
258,145
259,145
260,145
261,145
262,145
263,145
264,145
265,145
266,145
267,145
268,145
269,145
270,145
271,145
272,145
273,145
274,145
275,145
276,145
277,145
278,145
279,145
280,145
281,145
282,145
283,145
284,145
285,145
286,145
287,145
288,145
289,145
290,145
291,145
292,145
293,145
294,145
295,145
296,145
297,145
298,145
299,145
300,145
301,145
302,145
303,145
304,145
305,145
306,145
307,145
308,145
309,145
310,145
311,145
312,145
313,145
314,145
315,145
316,145
317,145
318,145
319,145
320,145
321,145
322,145
323,145
324,145
325,145
326,145
327,145
328,145
329,145
70,146
71,146
73,146
75,146
77,146
79,146
81,146
83,146
87,146
91,146
95,146
97,146
99,146
103,146
105,146
107,146
109,146
111,146
113,146
115,146
119,146
121,146
123,146
125,146
127,146
129,146
131,146
133,146
135,146
137,146
139,146
141,146
143,146
145,146
147,146
149,146
151,146
153,146
155,146
157,146
167,146
171,146
175,146
189,146
191,146
203,146
211,146
215,146
223,146
227,146
229,146
231,146
233,146
235,146
237,146
238,146
239,146
240,146
241,146
242,146
243,146
244,146
245,146
246,146
247,146
248,146
249,146
250,146
251,146
252,146
253,146
254,146
255,146
256,146
257,146
258,146
259,146
260,146
261,146
262,146
263,146
264,146
265,146
266,146
267,146
268,146
269,146
270,146
271,146
272,146
273,146
274,146
275,146
276,146
277,146
278,146
279,146
280,146
281,146
282,146
283,146
284,146
285,146
286,146
287,146
288,146
289,146
290,146
291,146
292,146
293,146
294,146
295,146
296,146
297,146
298,146
299,146
300,146
301,146
302,146
303,146
304,146
305,146
306,146
307,146
308,146
309,146
310,146
311,146
312,146
313,146
314,146
315,146
316,146
317,146
318,146
319,146
320,146
321,146
322,146
323,146
324,146
325,146
326,146
327,146
328,146
329,146
70,147
71,147
72,147
73,147
74,147
76,147
77,147
78,147
80,147
82,147
84,147
86,147
88,147
90,147
92,147
94,147
96,147
98,147
100,147
102,147
104,147
106,147
108,147
110,147
112,147
114,147
116,147
118,147
120,147
122,147
124,147
126,147
128,147
130,147
132,147
134,147
136,147
138,147
140,147
142,147
144,147
146,147
148,147
150,147
152,147
154,147
156,147
158,147
160,147
162,147
164,147
168,147
170,147
172,147
174,147
176,147
178,147
180,147
184,147
188,147
190,147
192,147
196,147
198,147
200,147
202,147
204,147
206,147
208,147
210,147
212,147
214,147
216,147
218,147
220,147
222,147
224,147
226,147
228,147
229,147
230,147
232,147
233,147
234,147
236,147
237,147
238,147
239,147
240,147
241,147
242,147
243,147
244,147
245,147
246,147
247,147
248,147
249,147
250,147
251,147
252,147
253,147
254,147
255,147
256,147
257,147
258,147
259,147
260,147
261,147
262,147
263,147
264,147
265,147
266,147
267,147
268,147
269,147
270,147
271,147
272,147
273,147
274,147
275,147
276,147
277,147
278,147
279,147
280,147
281,147
282,147
283,147
284,147
285,147
286,147
287,147
288,147
289,147
290,147
291,147
292,147
293,147
294,147
295,147
296,147
297,147
298,147
299,147
300,147
301,147
302,147
303,147
304,147
305,147
306,147
307,147
308,147
309,147
310,147
311,147
312,147
313,147
314,147
315,147
316,147
317,147
318,147
319,147
320,147
321,147
322,147
323,147
324,147
325,147
326,147
327,147
328,147
329,147
71,148
73,148
75,148
77,148
79,148
81,148
85,148
89,148
93,148
97,148
101,148
105,148
109,148
111,148
113,148
117,148
121,148
123,148
125,148
127,148
129,148
131,148
133,148
135,148
137,148
139,148
141,148
143,148
145,148
149,148
151,148
153,148
157,148
161,148
189,148
227,148
229,148
231,148
233,148
235,148
237,148
239,148
240,148
241,148
243,148
244,148
245,148
247,148
248,148
249,148
251,148
252,148
253,148
255,148
256,148
257,148
259,148
260,148
261,148
263,148
264,148
265,148
267,148
268,148
269,148
271,148
272,148
273,148
275,148
276,148
277,148
279,148
280,148
281,148
282,148
283,148
284,148
285,148
286,148
287,148
288,148
289,148
290,148
291,148
292,148
293,148
294,148
295,148
296,148
297,148
299,148
300,148
301,148
303,148
304,148
305,148
307,148
308,148
309,148
311,148
312,148
313,148
315,148
316,148
317,148
319,148
320,148
321,148
323,148
324,148
325,148
327,148
328,148
329,148
70,149
71,149
72,149
73,149
74,149
75,149
76,149
78,149
80,149
82,149
84,149
86,149
88,149
90,149
92,149
94,149
96,149
98,149
100,149
102,149
104,149
106,149
108,149
110,149
112,149
114,149
116,149
118,149
120,149
122,149
124,149
126,149
128,149
130,149
132,149
134,149
136,149
138,149
140,149
142,149
144,149
146,149
148,149
150,149
152,149
154,149
156,149
158,149
160,149
162,149
164,149
166,149
168,149
170,149
172,149
174,149
176,149
178,149
180,149
182,149
184,149
186,149
188,149
190,149
192,149
194,149
196,149
198,149
200,149
202,149
204,149
206,149
208,149
210,149
212,149
214,149
216,149
218,149
220,149
222,149
224,149
226,149
227,149
228,149
230,149
231,149
232,149
234,149
235,149
236,149
237,149
238,149
239,149
240,149
241,149
242,149
243,149
244,149
245,149
246,149
247,149
248,149
249,149
250,149
251,149
252,149
253,149
254,149
255,149
256,149
257,149
258,149
259,149
260,149
261,149
262,149
263,149
264,149
265,149
266,149
267,149
268,149
269,149
270,149
271,149
272,149
273,149
274,149
275,149
276,149
277,149
278,149
279,149
280,149
281,149
282,149
283,149
284,149
285,149
286,149
287,149
288,149
289,149
290,149
291,149
292,149
293,149
294,149
295,149
296,149
297,149
298,149
299,149
300,149
301,149
302,149
303,149
304,149
305,149
306,149
307,149
308,149
309,149
310,149
311,149
312,149
313,149
314,149
315,149
316,149
317,149
318,149
319,149
320,149
321,149
322,149
323,149
324,149
325,149
326,149
327,149
328,149
329,149
71,150
73,150
75,150
77,150
79,150
81,150
83,150
85,150
87,150
89,150
91,150
93,150
95,150
97,150
99,150
103,150
107,150
111,150
113,150
115,150
117,150
119,150
121,150
123,150
125,150
127,150
129,150
131,150
133,150
135,150
137,150
139,150
141,150
143,150
147,150
149,150
151,150
155,150
159,150
163,150
167,150
175,150
187,150
215,150
219,150
225,150
227,150
229,150
231,150
233,150
235,150
237,150
239,150
241,150
242,150
243,150
245,150
246,150
247,150
249,150
250,150
251,150
253,150
254,150
255,150
257,150
258,150
259,150
261,150
262,150
263,150
265,150
266,150
267,150
269,150
270,150
271,150
273,150
274,150
275,150
276,150
277,150
278,150
279,150
280,150
281,150
282,150
283,150
284,150
285,150
286,150
287,150
288,150
289,150
290,150
291,150
292,150
293,150
294,150
295,150
296,150
297,150
298,150
299,150
301,150
303,150
305,150
306,150
307,150
309,150
310,150
311,150
313,150
314,150
315,150
317,150
318,150
319,150
320,150
321,150
322,150
323,150
324,150
325,150
326,150
327,150
329,150
70,151
72,151
73,151
74,151
76,151
78,151
80,151
82,151
84,151
86,151
88,151
90,151
92,151
94,151
96,151
98,151
100,151
102,151
104,151
106,151
108,151
110,151
112,151
114,151
116,151
118,151
120,151
122,151
124,151
126,151
128,151
130,151
132,151
134,151
136,151
138,151
140,151
142,151
144,151
146,151
148,151
150,151
152,151
156,151
158,151
160,151
162,151
164,151
166,151
168,151
172,151
174,151
176,151
178,151
180,151
182,151
184,151
186,151
188,151
190,151
192,151
196,151
198,151
200,151
204,151
208,151
212,151
214,151
216,151
218,151
220,151
222,151
224,151
226,151
228,151
229,151
230,151
232,151
233,151
234,151
236,151
237,151
238,151
239,151
240,151
241,151
242,151
243,151
244,151
245,151
246,151
247,151
248,151
249,151
250,151
251,151
252,151
253,151
254,151
255,151
256,151
257,151
258,151
259,151
260,151
261,151
262,151
263,151
264,151
265,151
266,151
267,151
268,151
269,151
270,151
271,151
272,151
273,151
274,151
275,151
276,151
277,151
278,151
279,151
280,151
281,151
282,151
283,151
284,151
285,151
286,151
287,151
288,151
289,151
290,151
291,151
292,151
293,151
294,151
295,151
296,151
297,151
298,151
299,151
300,151
301,151
302,151
303,151
304,151
305,151
306,151
307,151
308,151
309,151
310,151
311,151
312,151
313,151
314,151
315,151
316,151
317,151
318,151
319,151
320,151
321,151
322,151
323,151
324,151
325,151
326,151
327,151
328,151
329,151
71,152
73,152
75,152
77,152
81,152
85,152
87,152
89,152
91,152
93,152
95,152
97,152
101,152
105,152
109,152
111,152
113,152
115,152
117,152
119,152
121,152
123,152
125,152
127,152
129,152
133,152
135,152
137,152
141,152
145,152
227,152
229,152
231,152
233,152
235,152
237,152
239,152
241,152
243,152
245,152
247,152
249,152
251,152
253,152
255,152
257,152
259,152
261,152
263,152
265,152
267,152
269,152
271,152
272,152
273,152
275,152
276,152
277,152
279,152
280,152
281,152
282,152
283,152
284,152
285,152
286,152
287,152
288,152
289,152
290,152
291,152
292,152
293,152
295,152
296,152
297,152
299,152
301,152
303,152
305,152
307,152
309,152
311,152
313,152
315,152
316,152
317,152
319,152
320,152
321,152
323,152
324,152
325,152
327,152
329,152
70,153
71,153
72,153
74,153
75,153
76,153
78,153
80,153
82,153
84,153
86,153
88,153
90,153
92,153
94,153
96,153
98,153
100,153
102,153
104,153
106,153
108,153
110,153
112,153
114,153
116,153
118,153
119,153
120,153
122,153
124,153
126,153
128,153
130,153
132,153
134,153
136,153
138,153
140,153
142,153
144,153
146,153
148,153
150,153
152,153
154,153
156,153
158,153
160,153
162,153
164,153
166,153
168,153
170,153
172,153
174,153
178,153
180,153
182,153
184,153
186,153
188,153
190,153
192,153
194,153
196,153
198,153
200,153
202,153
204,153
206,153
208,153
210,153
212,153
214,153
216,153
218,153
220,153
222,153
224,153
226,153
228,153
230,153
231,153
232,153
234,153
235,153
236,153
237,153
238,153
239,153
240,153
241,153
242,153
243,153
244,153
245,153
246,153
247,153
248,153
249,153
250,153
251,153
252,153
253,153
254,153
255,153
256,153
257,153
258,153
259,153
260,153
261,153
262,153
263,153
264,153
265,153
266,153
267,153
268,153
269,153
270,153
271,153
272,153
273,153
274,153
275,153
276,153
277,153
278,153
279,153
280,153
281,153
282,153
283,153
284,153
285,153
286,153
287,153
288,153
289,153
290,153
291,153
292,153
293,153
294,153
295,153
296,153
297,153
298,153
299,153
300,153
301,153
302,153
303,153
304,153
306,153
307,153
308,153
309,153
310,153
311,153
312,153
313,153
314,153
315,153
316,153
317,153
318,153
319,153
320,153
321,153
322,153
323,153
324,153
325,153
326,153
327,153
328,153
329,153
71,154
73,154
75,154
77,154
79,154
81,154
83,154
85,154
87,154
89,154
91,154
93,154
95,154
97,154
99,154
103,154
107,154
109,154
111,154
113,154
115,154
117,154
119,154
121,154
123,154
125,154
127,154
129,154
131,154
133,154
135,154
139,154
141,154
143,154
147,154
151,154
155,154
159,154
163,154
167,154
215,154
227,154
229,154
231,154
233,154
235,154
237,154
239,154
241,154
243,154
245,154
247,154
249,154
251,154
253,154
255,154
257,154
259,154
261,154
263,154
265,154
267,154
269,154
270,154
271,154
273,154
274,154
275,154
276,154
277,154
278,154
279,154
280,154
281,154
282,154
283,154
284,154
285,154
286,154
287,154
288,154
289,154
290,154
291,154
292,154
293,154
294,154
295,154
297,154
298,154
299,154
301,154
303,154
305,154
307,154
309,154
311,154
313,154
315,154
317,154
319,154
321,154
323,154
325,154
327,154
329,154
70,155
72,155
74,155
76,155
78,155
80,155
82,155
84,155
86,155
88,155
89,155
90,155
92,155
93,155
94,155
96,155
98,155
100,155
102,155
104,155
106,155
108,155
110,155
112,155
114,155
116,155
118,155
120,155
122,155
124,155
126,155
128,155
130,155
132,155
134,155
136,155
138,155
140,155
142,155
144,155
146,155
148,155
150,155
152,155
154,155
156,155
158,155
160,155
162,155
164,155
166,155
168,155
170,155
172,155
174,155
176,155
180,155
184,155
188,155
192,155
196,155
200,155
204,155
208,155
212,155
214,155
216,155
220,155
224,155
226,155
228,155
230,155
232,155
233,155
234,155
236,155
237,155
238,155
240,155
241,155
242,155
244,155
245,155
246,155
248,155
249,155
250,155
251,155
252,155
253,155
254,155
255,155
256,155
257,155
258,155
259,155
260,155
261,155
262,155
263,155
264,155
265,155
266,155
267,155
268,155
269,155
270,155
271,155
272,155
273,155
274,155
275,155
276,155
277,155
278,155
279,155
280,155
281,155
282,155
283,155
284,155
285,155
286,155
287,155
288,155
289,155
290,155
291,155
292,155
293,155
294,155
295,155
296,155
297,155
298,155
299,155
300,155
301,155
302,155
304,155
305,155
306,155
308,155
309,155
310,155
311,155
312,155
313,155
314,155
315,155
316,155
317,155
318,155
320,155
321,155
322,155
324,155
325,155
326,155
328,155
329,155
71,156
73,156
75,156
77,156
81,156
83,156
85,156
87,156
89,156
91,156
93,156
95,156
97,156
99,156
101,156
103,156
105,156
107,156
109,156
111,156
113,156
115,156
117,156
119,156
121,156
123,156
125,156
129,156
133,156
135,156
137,156
141,156
145,156
229,156
233,156
235,156
237,156
239,156
241,156
243,156
245,156
247,156
249,156
251,156
253,156
255,156
257,156
259,156
261,156
263,156
265,156
267,156
269,156
271,156
273,156
275,156
276,156
277,156
279,156
280,156
281,156
283,156
284,156
285,156
287,156
288,156
289,156
291,156
292,156
293,156
295,156
296,156
297,156
299,156
301,156
303,156
305,156
307,156
309,156
311,156
313,156
315,156
317,156
319,156
321,156
323,156
325,156
327,156
329,156
70,157
71,157
72,157
74,157
76,157
78,157
80,157
82,157
84,157
86,157
87,157
88,157
90,157
91,157
92,157
94,157
95,157
96,157
97,157
98,157
99,157
100,157
101,157
102,157
103,157
104,157
106,157
107,157
108,157
110,157
111,157
112,157
114,157
116,157
118,157
120,157
122,157
124,157
126,157
128,157
130,157
132,157
134,157
135,157
136,157
138,157
140,157
142,157
144,157
146,157
148,157
150,157
152,157
154,157
156,157
158,157
160,157
162,157
164,157
166,157
168,157
170,157
174,157
176,157
178,157
182,157
186,157
188,157
190,157
194,157
198,157
202,157
206,157
210,157
214,157
216,157
218,157
220,157
222,157
224,157
226,157
228,157
230,157
232,157
233,157
234,157
235,157
236,157
237,157
238,157
239,157
240,157
241,157
242,157
243,157
244,157
245,157
246,157
247,157
248,157
249,157
250,157
251,157
252,157
253,157
254,157
255,157
256,157
257,157
258,157
259,157
260,157
261,157
262,157
263,157
264,157
265,157
266,157
267,157
268,157
269,157
270,157
271,157
272,157
273,157
274,157
275,157
276,157
277,157
278,157
279,157
280,157
281,157
282,157
283,157
284,157
285,157
286,157
287,157
288,157
289,157
290,157
291,157
292,157
293,157
294,157
295,157
296,157
297,157
298,157
299,157
300,157
301,157
302,157
303,157
304,157
305,157
306,157
307,157
308,157
309,157
310,157
311,157
312,157
313,157
314,157
315,157
316,157
317,157
318,157
319,157
320,157
321,157
322,157
323,157
324,157
326,157
327,157
328,157
71,158
73,158
75,158
77,158
79,158
81,158
83,158
85,158
87,158
89,158
91,158
93,158
95,158
97,158
99,158
101,158
103,158
105,158
107,158
109,158
111,158
113,158
115,158
117,158
119,158
121,158
123,158
125,158
127,158
129,158
131,158
135,158
137,158
139,158
147,158
151,158
155,158
159,158
163,158
227,158
231,158
233,158
235,158
237,158
239,158
241,158
243,158
245,158
247,158
249,158
250,158
251,158
253,158
254,158
255,158
257,158
258,158
259,158
261,158
263,158
265,158
267,158
269,158
270,158
271,158
273,158
274,158
275,158
277,158
278,158
279,158
281,158
282,158
283,158
284,158
285,158
286,158
287,158
288,158
289,158
290,158
291,158
292,158
293,158
294,158
295,158
297,158
298,158
299,158
301,158
303,158
305,158
306,158
307,158
309,158
311,158
313,158
315,158
317,158
319,158
321,158
323,158
325,158
327,158
329,158
70,159
72,159
74,159
76,159
77,159
78,159
80,159
81,159
82,159
84,159
86,159
88,159
89,159
90,159
92,159
93,159
94,159
96,159
97,159
98,159
100,159
101,159
102,159
103,159
104,159
105,159
106,159
108,159
109,159
110,159
112,159
113,159
114,159
116,159
118,159
120,159
122,159
124,159
126,159
128,159
130,159
132,159
134,159
136,159
137,159
138,159
140,159
142,159
144,159
146,159
148,159
150,159
152,159
154,159
156,159
158,159
160,159
162,159
164,159
166,159
168,159
170,159
172,159
176,159
180,159
184,159
188,159
192,159
196,159
200,159
204,159
208,159
212,159
216,159
220,159
224,159
226,159
228,159
230,159
232,159
234,159
236,159
237,159
238,159
240,159
241,159
242,159
244,159
245,159
246,159
247,159
248,159
249,159
250,159
251,159
252,159
253,159
254,159
255,159
256,159
257,159
258,159
259,159
260,159
261,159
262,159
263,159
264,159
265,159
266,159
267,159
268,159
269,159
270,159
271,159
272,159
273,159
274,159
275,159
276,159
277,159
278,159
279,159
280,159
281,159
282,159
283,159
284,159
285,159
286,159
287,159
288,159
289,159
290,159
291,159
292,159
293,159
294,159
295,159
296,159
297,159
298,159
299,159
300,159
301,159
302,159
303,159
304,159
305,159
306,159
307,159
308,159
309,159
310,159
311,159
312,159
313,159
314,159
315,159
316,159
317,159
318,159
320,159
321,159
322,159
324,159
325,159
326,159
328,159
329,159
71,160
73,160
75,160
77,160
79,160
81,160
83,160
85,160
87,160
89,160
91,160
93,160
95,160
97,160
99,160
101,160
103,160
105,160
107,160
109,160
111,160
113,160
115,160
117,160
119,160
121,160
123,160
125,160
127,160
129,160
137,160
139,160
141,160
233,160
235,160
237,160
239,160
241,160
243,160
245,160
247,160
249,160
251,160
253,160
255,160
257,160
259,160
261,160
263,160
265,160
267,160
269,160
271,160
273,160
275,160
277,160
279,160
280,160
281,160
283,160
284,160
285,160
287,160
288,160
289,160
291,160
292,160
293,160
295,160
296,160
297,160
299,160
301,160
303,160
305,160
307,160
309,160
311,160
313,160
315,160
317,160
319,160
321,160
323,160
325,160
327,160
329,160
70,161
71,161
72,161
74,161
75,161
76,161
77,161
78,161
79,161
80,161
81,161
82,161
83,161
84,161
85,161
86,161
87,161
88,161
90,161
91,161
92,161
93,161
94,161
95,161
96,161
97,161
98,161
99,161
100,161
101,161
102,161
103,161
104,161
105,161
106,161
107,161
108,161
109,161
110,161
111,161
112,161
113,161
114,161
115,161
116,161
118,161
119,161
120,161
121,161
122,161
123,161
124,161
126,161
128,161
130,161
132,161
134,161
136,161
138,161
140,161
142,161
144,161
146,161
148,161
150,161
152,161
154,161
156,161
158,161
160,161
162,161
164,161
166,161
168,161
170,161
172,161
174,161
176,161
178,161
180,161
182,161
186,161
190,161
192,161
194,161
198,161
202,161
206,161
210,161
212,161
214,161
218,161
220,161
222,161
224,161
226,161
228,161
230,161
232,161
234,161
235,161
236,161
238,161
239,161
240,161
242,161
243,161
244,161
246,161
247,161
248,161
249,161
250,161
251,161
252,161
253,161
254,161
255,161
256,161
257,161
258,161
259,161
260,161
261,161
262,161
263,161
264,161
265,161
266,161
267,161
268,161
269,161
270,161
271,161
272,161
273,161
274,161
275,161
276,161
277,161
278,161
279,161
280,161
281,161
282,161
283,161
284,161
285,161
286,161
287,161
288,161
289,161
290,161
291,161
292,161
293,161
294,161
295,161
296,161
297,161
298,161
299,161
300,161
301,161
302,161
303,161
304,161
305,161
306,161
307,161
308,161
309,161
310,161
311,161
312,161
313,161
314,161
315,161
316,161
317,161
318,161
319,161
320,161
322,161
323,161
324,161
326,161
327,161
328,161
71,162
73,162
75,162
77,162
78,162
79,162
81,162
82,162
83,162
85,162
87,162
89,162
91,162
93,162
95,162
97,162
99,162
101,162
103,162
105,162
107,162
109,162
111,162
113,162
115,162
117,162
119,162
121,162
123,162
125,162
127,162
129,162
131,162
137,162
139,162
143,162
219,162
227,162
231,162
233,162
235,162
237,162
239,162
241,162
243,162
245,162
247,162
249,162
251,162
253,162
254,162
255,162
257,162
258,162
259,162
261,162
262,162
263,162
265,162
267,162
269,162
271,162
273,162
275,162
277,162
278,162
279,162
281,162
282,162
283,162
285,162
286,162
287,162
289,162
290,162
291,162
292,162
293,162
294,162
295,162
297,162
298,162
299,162
301,162
302,162
303,162
305,162
307,162
309,162
311,162
313,162
315,162
317,162
319,162
321,162
323,162
325,162
327,162
329,162
70,163
72,163
73,163
74,163
75,163
76,163
77,163
78,163
79,163
80,163
81,163
82,163
83,163
84,163
85,163
86,163
88,163
89,163
90,163
92,163
93,163
94,163
96,163
97,163
98,163
99,163
100,163
101,163
102,163
104,163
105,163
106,163
108,163
109,163
110,163
112,163
113,163
114,163
116,163
117,163
118,163
120,163
121,163
122,163
124,163
125,163
126,163
128,163
130,163
132,163
134,163
136,163
138,163
140,163
142,163
144,163
146,163
148,163
150,163
152,163
156,163
158,163
160,163
162,163
164,163
166,163
168,163
170,163
172,163
174,163
176,163
178,163
180,163
184,163
188,163
192,163
196,163
200,163
204,163
208,163
212,163
216,163
218,163
220,163
224,163
226,163
228,163
232,163
234,163
236,163
237,163
238,163
240,163
242,163
244,163
245,163
246,163
248,163
249,163
250,163
251,163
252,163
253,163
254,163
255,163
256,163
257,163
258,163
259,163
260,163
261,163
262,163
263,163
264,163
265,163
266,163
267,163
268,163
269,163
270,163
271,163
272,163
273,163
274,163
275,163
276,163
277,163
278,163
279,163
280,163
281,163
282,163
283,163
284,163
285,163
286,163
287,163
288,163
289,163
290,163
291,163
292,163
293,163
294,163
295,163
296,163
297,163
298,163
299,163
300,163
301,163
302,163
303,163
304,163
305,163
306,163
307,163
308,163
309,163
310,163
311,163
312,163
313,163
314,163
316,163
317,163
318,163
320,163
322,163
324,163
326,163
328,163
71,164
73,164
75,164
77,164
79,164
80,164
81,164
83,164
85,164
87,164
89,164
91,164
93,164
95,164
97,164
99,164
101,164
103,164
105,164
107,164
109,164
111,164
113,164
115,164
117,164
119,164
121,164
123,164
125,164
127,164
129,164
133,164
233,164
235,164
237,164
239,164
241,164
243,164
245,164
247,164
249,164
251,164
253,164
255,164
257,164
259,164
261,164
263,164
265,164
267,164
269,164
271,164
273,164
275,164
277,164
279,164
281,164
283,164
284,164
285,164
287,164
288,164
289,164
291,164
292,164
293,164
295,164
296,164
297,164
299,164
301,164
303,164
305,164
307,164
309,164
311,164
313,164
315,164
317,164
319,164
321,164
323,164
325,164
327,164
329,164
70,165
71,165
72,165
73,165
74,165
75,165
76,165
77,165
78,165
79,165
80,165
81,165
82,165
83,165
84,165
85,165
86,165
87,165
88,165
89,165
90,165
91,165
92,165
93,165
94,165
95,165
96,165
97,165
98,165
99,165
100,165
101,165
102,165
103,165
104,165
106,165
107,165
108,165
109,165
110,165
111,165
112,165
114,165
115,165
116,165
118,165
119,165
120,165
121,165
122,165
123,165
124,165
125,165
126,165
128,165
130,165
132,165
134,165
136,165
138,165
140,165
142,165
144,165
146,165
148,165
150,165
152,165
154,165
156,165
158,165
160,165
162,165
164,165
166,165
168,165
170,165
172,165
174,165
176,165
178,165
180,165
182,165
184,165
186,165
190,165
194,165
196,165
198,165
202,165
206,165
208,165
210,165
214,165
218,165
220,165
222,165
224,165
226,165
228,165
230,165
232,165
234,165
235,165
236,165
238,165
239,165
240,165
242,165
243,165
244,165
245,165
246,165
247,165
248,165
249,165
250,165
251,165
252,165
253,165
254,165
255,165
256,165
257,165
258,165
259,165
260,165
261,165
262,165
263,165
264,165
265,165
266,165
267,165
268,165
269,165
270,165
271,165
272,165
273,165
274,165
275,165
276,165
277,165
278,165
279,165
280,165
281,165
282,165
283,165
284,165
285,165
286,165
287,165
288,165
289,165
290,165
291,165
292,165
293,165
294,165
295,165
296,165
297,165
298,165
299,165
300,165
301,165
302,165
303,165
304,165
305,165
306,165
307,165
308,165
309,165
310,165
311,165
312,165
313,165
314,165
315,165
316,165
318,165
319,165
320,165
322,165
323,165
324,165
326,165
327,165
328,165
71,166
73,166
75,166
77,166
78,166
79,166
80,166
81,166
82,166
83,166
85,166
86,166
87,166
89,166
91,166
93,166
95,166
97,166
99,166
101,166
103,166
105,166
107,166
109,166
111,166
113,166
115,166
117,166
119,166
121,166
123,166
125,166
127,166
129,166
131,166
135,166
141,166
143,166
147,166
151,166
163,166
231,166
233,166
235,166
237,166
239,166
241,166
243,166
245,166
247,166
249,166
250,166
251,166
253,166
254,166
255,166
257,166
258,166
259,166
261,166
263,166
265,166
267,166
269,166
271,166
273,166
275,166
277,166
279,166
281,166
282,166
283,166
285,166
286,166
287,166
289,166
290,166
291,166
293,166
294,166
295,166
297,166
298,166
299,166
301,166
303,166
305,166
307,166
309,166
311,166
313,166
315,166
317,166
319,166
321,166
323,166
325,166
327,166
329,166
70,167
72,167
73,167
74,167
75,167
76,167
77,167
78,167
79,167
80,167
81,167
82,167
83,167
84,167
85,167
86,167
87,167
88,167
89,167
90,167
91,167
92,167
93,167
94,167
95,167
96,167
97,167
98,167
99,167
100,167
101,167
102,167
104,167
105,167
106,167
108,167
109,167
110,167
112,167
113,167
114,167
116,167
117,167
118,167
120,167
121,167
122,167
124,167
126,167
128,167
130,167
132,167
134,167
136,167
138,167
140,167
142,167
144,167
146,167
148,167
150,167
152,167
156,167
160,167
162,167
164,167
166,167
168,167
172,167
174,167
176,167
178,167
180,167
182,167
184,167
188,167
192,167
196,167
200,167
204,167
208,167
212,167
216,167
220,167
224,167
228,167
230,167
232,167
234,167
236,167
237,167
238,167
240,167
241,167
242,167
244,167
245,167
246,167
247,167
248,167
249,167
250,167
251,167
252,167
253,167
254,167
255,167
256,167
257,167
258,167
259,167
260,167
261,167
262,167
263,167
264,167
265,167
266,167
268,167
269,167
270,167
272,167
273,167
274,167
275,167
276,167
277,167
278,167
279,167
280,167
281,167
282,167
283,167
284,167
285,167
286,167
287,167
288,167
289,167
290,167
291,167
292,167
293,167
294,167
295,167
296,167
297,167
298,167
299,167
300,167
301,167
302,167
304,167
305,167
306,167
308,167
309,167
310,167
312,167
313,167
314,167
316,167
318,167
320,167
322,167
324,167
326,167
328,167
71,168
73,168
75,168
77,168
79,168
80,168
81,168
83,168
84,168
85,168
87,168
89,168
91,168
93,168
95,168
97,168
99,168
101,168
103,168
105,168
107,168
109,168
111,168
113,168
115,168
117,168
119,168
121,168
123,168
125,168
141,168
145,168
233,168
235,168
237,168
239,168
241,168
243,168
245,168
247,168
249,168
251,168
253,168
255,168
257,168
259,168
261,168
263,168
265,168
267,168
269,168
271,168
273,168
275,168
277,168
279,168
281,168
283,168
285,168
287,168
289,168
291,168
293,168
295,168
297,168
299,168
301,168
303,168
305,168
307,168
309,168
311,168
313,168
315,168
317,168
319,168
321,168
323,168
325,168
327,168
329,168
70,169
71,169
72,169
73,169
74,169
75,169
76,169
77,169
78,169
79,169
80,169
81,169
82,169
83,169
84,169
85,169
86,169
87,169
88,169
89,169
90,169
91,169
92,169
93,169
94,169
95,169
96,169
97,169
98,169
99,169
100,169
101,169
102,169
103,169
104,169
105,169
106,169
107,169
108,169
109,169
110,169
111,169
112,169
113,169
114,169
115,169
116,169
118,169
119,169
120,169
122,169
123,169
124,169
126,169
128,169
130,169
132,169
134,169
136,169
138,169
140,169
142,169
144,169
146,169
148,169
150,169
152,169
154,169
156,169
158,169
160,169
162,169
164,169
166,169
168,169
170,169
172,169
174,169
176,169
178,169
180,169
182,169
184,169
186,169
188,169
190,169
194,169
198,169
200,169
202,169
206,169
210,169
214,169
218,169
220,169
222,169
224,169
226,169
228,169
230,169
232,169
234,169
235,169
236,169
237,169
238,169
239,169
240,169
242,169
243,169
244,169
245,169
246,169
247,169
248,169
249,169
250,169
251,169
252,169
253,169
254,169
255,169
256,169
257,169
258,169
259,169
260,169
261,169
262,169
263,169
264,169
265,169
266,169
267,169
268,169
269,169
270,169
271,169
272,169
273,169
274,169
275,169
276,169
277,169
278,169
279,169
280,169
281,169
282,169
283,169
284,169
285,169
286,169
287,169
288,169
289,169
290,169
291,169
292,169
293,169
294,169
295,169
296,169
297,169
298,169
299,169
300,169
301,169
302,169
303,169
304,169
306,169
307,169
308,169
310,169
311,169
312,169
314,169
315,169
316,169
318,169
319,169
320,169
322,169
323,169
324,169
326,169
327,169
328,169
71,170
73,170
75,170
77,170
78,170
79,170
80,170
81,170
82,170
83,170
84,170
85,170
86,170
87,170
89,170
91,170
93,170
94,170
95,170
97,170
98,170
99,170
101,170
102,170
103,170
105,170
106,170
107,170
109,170
110,170
111,170
113,170
115,170
117,170
119,170
121,170
123,170
125,170
127,170
131,170
139,170
143,170
147,170
231,170
233,170
234,170
235,170
237,170
239,170
241,170
243,170
245,170
247,170
249,170
250,170
251,170
253,170
254,170
255,170
257,170
259,170
261,170
263,170
265,170
267,170
269,170
271,170
273,170
275,170
277,170
279,170
281,170
283,170
285,170
287,170
289,170
291,170
293,170
295,170
297,170
299,170
301,170
303,170
305,170
307,170
309,170
311,170
313,170
315,170
317,170
319,170
321,170
323,170
325,170
327,170
329,170
70,171
72,171
73,171
74,171
75,171
76,171
77,171
78,171
79,171
80,171
81,171
82,171
83,171
84,171
85,171
86,171
87,171
88,171
89,171
90,171
91,171
92,171
93,171
94,171
95,171
96,171
97,171
98,171
99,171
100,171
101,171
102,171
103,171
104,171
105,171
106,171
107,171
108,171
109,171
110,171
111,171
112,171
113,171
114,171
115,171
116,171
117,171
118,171
119,171
120,171
121,171
122,171
124,171
125,171
126,171
128,171
130,171
132,171
134,171
136,171
138,171
140,171
142,171
144,171
146,171
148,171
150,171
152,171
154,171
156,171
160,171
162,171
164,171
166,171
168,171
170,171
172,171
174,171
176,171
180,171
182,171
184,171
186,171
188,171
192,171
196,171
198,171
200,171
204,171
208,171
212,171
216,171
220,171
224,171
228,171
230,171
232,171
233,171
234,171
235,171
236,171
237,171
238,171
240,171
241,171
242,171
244,171
245,171
246,171
247,171
248,171
249,171
250,171
251,171
252,171
253,171
254,171
255,171
256,171
257,171
258,171
259,171
260,171
261,171
262,171
264,171
265,171
266,171
268,171
269,171
270,171
272,171
273,171
274,171
276,171
277,171
278,171
280,171
281,171
282,171
284,171
285,171
286,171
287,171
288,171
289,171
290,171
291,171
292,171
293,171
294,171
295,171
296,171
297,171
298,171
299,171
300,171
301,171
302,171
304,171
305,171
306,171
308,171
310,171
312,171
314,171
316,171
317,171
318,171
320,171
321,171
322,171
324,171
325,171
326,171
328,171
71,172
73,172
75,172
76,172
77,172
79,172
80,172
81,172
83,172
84,172
85,172
87,172
89,172
91,172
93,172
95,172
97,172
99,172
100,172
101,172
103,172
105,172
107,172
109,172
111,172
113,172
115,172
117,172
119,172
121,172
123,172
125,172
127,172
233,172
235,172
237,172
239,172
241,172
243,172
245,172
247,172
249,172
251,172
253,172
255,172
257,172
259,172
261,172
263,172
265,172
267,172
269,172
271,172
273,172
275,172
277,172
279,172
281,172
283,172
285,172
287,172
289,172
291,172
293,172
295,172
297,172
299,172
301,172
303,172
305,172
307,172
309,172
311,172
313,172
315,172
317,172
319,172
321,172
323,172
325,172
327,172
329,172
70,173
71,173
72,173
73,173
74,173
75,173
76,173
77,173
78,173
79,173
80,173
81,173
82,173
83,173
84,173
85,173
86,173
87,173
88,173
89,173
90,173
91,173
92,173
93,173
94,173
95,173
96,173
97,173
98,173
99,173
100,173
101,173
102,173
103,173
104,173
105,173
106,173
107,173
108,173
109,173
110,173
111,173
112,173
113,173
114,173
115,173
116,173
117,173
118,173
119,173
120,173
121,173
122,173
123,173
124,173
125,173
126,173
127,173
128,173
130,173
132,173
134,173
136,173
138,173
140,173
142,173
144,173
146,173
148,173
150,173
152,173
154,173
156,173
158,173
160,173
162,173
164,173
166,173
168,173
170,173
172,173
174,173
176,173
178,173
180,173
182,173
184,173
186,173
188,173
190,173
192,173
194,173
196,173
198,173
200,173
202,173
204,173
206,173
208,173
210,173
212,173
214,173
216,173
218,173
220,173
222,173
226,173
228,173
230,173
232,173
233,173
234,173
235,173
236,173
237,173
238,173
239,173
240,173
241,173
242,173
243,173
244,173
245,173
246,173
247,173
248,173
249,173
250,173
251,173
252,173
253,173
254,173
255,173
256,173
257,173
258,173
259,173
260,173
261,173
262,173
263,173
264,173
265,173
266,173
267,173
268,173
269,173
270,173
271,173
272,173
273,173
274,173
275,173
276,173
277,173
278,173
279,173
280,173
281,173
282,173
283,173
284,173
285,173
286,173
287,173
288,173
289,173
290,173
291,173
292,173
293,173
294,173
295,173
296,173
297,173
298,173
299,173
300,173
301,173
302,173
303,173
304,173
305,173
306,173
307,173
308,173
310,173
311,173
312,173
314,173
315,173
316,173
318,173
319,173
320,173
322,173
323,173
324,173
326,173
327,173
328,173
71,174
73,174
75,174
77,174
78,174
79,174
80,174
81,174
82,174
83,174
84,174
85,174
86,174
87,174
89,174
91,174
93,174
94,174
95,174
97,174
98,174
99,174
101,174
102,174
103,174
105,174
106,174
107,174
109,174
110,174
111,174
113,174
114,174
115,174
117,174
118,174
119,174
121,174
122,174
123,174
125,174
127,174
131,174
151,174
155,174
179,174
231,174
233,174
235,174
237,174
239,174
241,174
243,174
245,174
247,174
249,174
251,174
253,174
255,174
257,174
259,174
261,174
263,174
265,174
267,174
269,174
271,174
273,174
275,174
277,174
279,174
281,174
283,174
285,174
287,174
289,174
291,174
293,174
295,174
297,174
299,174
301,174
303,174
305,174
307,174
309,174
311,174
313,174
315,174
317,174
319,174
321,174
323,174
325,174
327,174
329,174
70,175
72,175
73,175
74,175
75,175
76,175
77,175
78,175
79,175
80,175
81,175
82,175
83,175
84,175
85,175
86,175
87,175
88,175
89,175
90,175
91,175
92,175
93,175
94,175
95,175
96,175
97,175
98,175
99,175
100,175
101,175
102,175
103,175
104,175
105,175
106,175
107,175
108,175
109,175
110,175
111,175
112,175
113,175
114,175
115,175
116,175
117,175
118,175
119,175
120,175
121,175
122,175
123,175
124,175
125,175
126,175
128,175
130,175
132,175
134,175
136,175
140,175
144,175
148,175
150,175
152,175
154,175
156,175
158,175
160,175
164,175
166,175
168,175
172,175
176,175
180,175
184,175
188,175
192,175
194,175
196,175
200,175
204,175
208,175
212,175
216,175
220,175
224,175
228,175
230,175
231,175
232,175
233,175
234,175
236,175
237,175
238,175
240,175
241,175
242,175
244,175
245,175
246,175
247,175
248,175
249,175
250,175
251,175
252,175
253,175
254,175
255,175
256,175
257,175
258,175
259,175
260,175
261,175
262,175
263,175
264,175
265,175
266,175
267,175
268,175
269,175
270,175
271,175
272,175
273,175
274,175
276,175
277,175
278,175
280,175
281,175
282,175
284,175
285,175
286,175
287,175
288,175
289,175
290,175
291,175
292,175
293,175
294,175
295,175
296,175
297,175
298,175
299,175
300,175
301,175
302,175
303,175
304,175
305,175
306,175
308,175
309,175
310,175
312,175
313,175
314,175
316,175
317,175
318,175
320,175
321,175
322,175
324,175
325,175
326,175
328,175
329,175
71,176
73,176
75,176
76,176
77,176
79,176
80,176
81,176
83,176
84,176
85,176
87,176
89,176
91,176
93,176
95,176
97,176
99,176
101,176
103,176
105,176
107,176
109,176
111,176
113,176
115,176
117,176
119,176
121,176
123,176
125,176
127,176
129,176
231,176
233,176
235,176
237,176
239,176
241,176
243,176
245,176
247,176
249,176
251,176
253,176
255,176
257,176
259,176
261,176
263,176
265,176
267,176
269,176
271,176
273,176
275,176
277,176
279,176
281,176
283,176
285,176
287,176
289,176
291,176
293,176
295,176
297,176
299,176
301,176
303,176
305,176
307,176
309,176
311,176
313,176
315,176
317,176
319,176
321,176
323,176
325,176
327,176
329,176
70,177
71,177
72,177
73,177
74,177
75,177
76,177
77,177
78,177
79,177
80,177
81,177
82,177
83,177
84,177
85,177
86,177
87,177
88,177
89,177
90,177
91,177
92,177
93,177
94,177
95,177
96,177
97,177
98,177
99,177
100,177
101,177
102,177
103,177
104,177
105,177
106,177
107,177
108,177
109,177
110,177
111,177
112,177
113,177
114,177
115,177
116,177
117,177
118,177
119,177
120,177
121,177
122,177
123,177
124,177
125,177
126,177
127,177
128,177
130,177
132,177
134,177
136,177
138,177
140,177
142,177
144,177
146,177
148,177
150,177
152,177
154,177
156,177
158,177
160,177
162,177
164,177
166,177
168,177
170,177
172,177
174,177
176,177
178,177
180,177
182,177
184,177
186,177
188,177
190,177
192,177
194,177
196,177
198,177
200,177
202,177
204,177
206,177
208,177
210,177
212,177
214,177
218,177
222,177
226,177
228,177
230,177
231,177
232,177
233,177
234,177
235,177
236,177
237,177
238,177
239,177
240,177
241,177
242,177
243,177
244,177
245,177
246,177
247,177
248,177
249,177
250,177
251,177
252,177
253,177
254,177
255,177
256,177
257,177
258,177
259,177
260,177
261,177
262,177
263,177
264,177
265,177
266,177
267,177
268,177
269,177
270,177
271,177
272,177
273,177
274,177
275,177
276,177
277,177
278,177
279,177
280,177
281,177
282,177
283,177
284,177
285,177
286,177
287,177
288,177
289,177
290,177
291,177
292,177
293,177
294,177
295,177
296,177
297,177
298,177
299,177
300,177
301,177
302,177
303,177
304,177
305,177
306,177
307,177
308,177
310,177
311,177
312,177
314,177
315,177
316,177
318,177
319,177
320,177
322,177
323,177
324,177
326,177
327,177
328,177
71,178
73,178
74,178
75,178
77,178
78,178
79,178
80,178
81,178
82,178
83,178
85,178
86,178
87,178
89,178
91,178
93,178
94,178
95,178
97,178
98,178
99,178
101,178
103,178
105,178
106,178
107,178
109,178
110,178
111,178
113,178
115,178
117,178
119,178
121,178
123,178
125,178
127,178
131,178
171,178
179,178
203,178
231,178
233,178
235,178
237,178
239,178
241,178
243,178
245,178
247,178
249,178
251,178
253,178
255,178
257,178
258,178
259,178
261,178
262,178
263,178
265,178
266,178
267,178
269,178
271,178
273,178
275,178
277,178
279,178
281,178
283,178
285,178
287,178
289,178
291,178
293,178
294,178
295,178
297,178
298,178
299,178
301,178
303,178
305,178
307,178
309,178
311,178
313,178
315,178
317,178
319,178
321,178
323,178
325,178
327,178
329,178
70,179
71,179
72,179
73,179
74,179
75,179
76,179
77,179
78,179
79,179
80,179
81,179
82,179
83,179
84,179
85,179
86,179
87,179
88,179
89,179
90,179
91,179
92,179
93,179
94,179
95,179
96,179
97,179
98,179
99,179
100,179
101,179
102,179
103,179
104,179
105,179
106,179
107,179
108,179
109,179
110,179
111,179
112,179
113,179
114,179
115,179
116,179
117,179
118,179
119,179
120,179
121,179
122,179
124,179
125,179
126,179
128,179
132,179
134,179
136,179
140,179
144,179
152,179
154,179
156,179
158,179
160,179
162,179
164,179
166,179
168,179
170,179
172,179
174,179
176,179
178,179
180,179
182,179
184,179
188,179
192,179
194,179
196,179
198,179
200,179
202,179
204,179
206,179
208,179
212,179
216,179
220,179
224,179
228,179
230,179
232,179
233,179
234,179
236,179
237,179
238,179
240,179
241,179
242,179
244,179
245,179
246,179
248,179
249,179
250,179
251,179
252,179
253,179
254,179
255,179
256,179
257,179
258,179
259,179
260,179
261,179
262,179
263,179
264,179
265,179
266,179
267,179
268,179
269,179
270,179
271,179
272,179
273,179
274,179
275,179
276,179
277,179
278,179
280,179
281,179
282,179
284,179
285,179
286,179
287,179
288,179
289,179
290,179
291,179
292,179
293,179
294,179
295,179
296,179
297,179
298,179
299,179
300,179
301,179
302,179
303,179
304,179
305,179
306,179
308,179
309,179
310,179
312,179
313,179
314,179
316,179
317,179
318,179
320,179
322,179
324,179
326,179
328,179
329,179
71,180
73,180
75,180
76,180
77,180
79,180
80,180
81,180
83,180
84,180
85,180
87,180
89,180
91,180
93,180
95,180
97,180
99,180
101,180
103,180
105,180
107,180
109,180
111,180
113,180
115,180
117,180
119,180
121,180
123,180
125,180
127,180
129,180
133,180
201,180
205,180
229,180
231,180
233,180
235,180
237,180
239,180
241,180
243,180
245,180
247,180
249,180
251,180
253,180
255,180
257,180
259,180
261,180
263,180
265,180
267,180
269,180
271,180
273,180
275,180
277,180
279,180
281,180
283,180
285,180
287,180
289,180
291,180
293,180
295,180
297,180
299,180
301,180
303,180
305,180
307,180
309,180
311,180
313,180
315,180
317,180
319,180
321,180
323,180
325,180
327,180
329,180
70,181
71,181
72,181
73,181
74,181
75,181
76,181
77,181
78,181
79,181
80,181
81,181
82,181
83,181
84,181
85,181
86,181
87,181
88,181
89,181
90,181
91,181
92,181
93,181
94,181
95,181
96,181
97,181
98,181
99,181
100,181
101,181
102,181
103,181
104,181
105,181
106,181
107,181
108,181
109,181
110,181
111,181
112,181
113,181
114,181
115,181
116,181
117,181
118,181
119,181
120,181
121,181
122,181
123,181
124,181
126,181
127,181
128,181
130,181
132,181
134,181
136,181
138,181
142,181
144,181
146,181
148,181
150,181
152,181
154,181
158,181
162,181
164,181
166,181
168,181
170,181
174,181
176,181
178,181
180,181
182,181
184,181
186,181
188,181
190,181
192,181
194,181
196,181
198,181
200,181
202,181
204,181
206,181
208,181
210,181
214,181
216,181
218,181
222,181
224,181
226,181
228,181
230,181
231,181
232,181
233,181
234,181
235,181
236,181
237,181
238,181
239,181
240,181
241,181
242,181
243,181
244,181
245,181
246,181
247,181
248,181
249,181
250,181
251,181
252,181
253,181
254,181
255,181
256,181
257,181
258,181
259,181
260,181
261,181
262,181
263,181
264,181
265,181
266,181
267,181
268,181
269,181
270,181
271,181
272,181
273,181
274,181
275,181
276,181
277,181
278,181
279,181
280,181
281,181
282,181
283,181
284,181
285,181
286,181
287,181
288,181
289,181
290,181
291,181
292,181
293,181
294,181
295,181
296,181
297,181
298,181
299,181
300,181
301,181
302,181
303,181
304,181
305,181
306,181
307,181
308,181
310,181
311,181
312,181
314,181
315,181
316,181
318,181
319,181
320,181
322,181
323,181
324,181
326,181
327,181
328,181
71,182
73,182
74,182
75,182
77,182
78,182
79,182
80,182
81,182
82,182
83,182
84,182
85,182
86,182
87,182
89,182
91,182
93,182
94,182
95,182
97,182
99,182
101,182
103,182
105,182
107,182
109,182
111,182
113,182
115,182
117,182
119,182
121,182
123,182
125,182
127,182
129,182
131,182
143,182
187,182
189,182
191,182
193,182
195,182
197,182
199,182
201,182
203,182
205,182
207,182
229,182
231,182
233,182
235,182
237,182
239,182
241,182
243,182
245,182
247,182
249,182
251,182
253,182
255,182
257,182
259,182
261,182
263,182
265,182
267,182
269,182
271,182
273,182
275,182
277,182
279,182
281,182
283,182
285,182
287,182
289,182
291,182
293,182
295,182
297,182
299,182
301,182
303,182
305,182
307,182
309,182
311,182
313,182
315,182
317,182
319,182
321,182
323,182
325,182
327,182
329,182
70,183
71,183
72,183
73,183
74,183
75,183
76,183
77,183
78,183
79,183
80,183
81,183
82,183
83,183
84,183
85,183
86,183
87,183
88,183
89,183
90,183
91,183
92,183
93,183
94,183
95,183
96,183
97,183
98,183
99,183
100,183
101,183
102,183
104,183
105,183
106,183
107,183
108,183
109,183
110,183
111,183
112,183
113,183
114,183
115,183
116,183
117,183
118,183
119,183
120,183
121,183
122,183
124,183
125,183
126,183
128,183
129,183
130,183
132,183
134,183
136,183
140,183
142,183
144,183
148,183
152,183
156,183
160,183
164,183
168,183
172,183
176,183
178,183
180,183
182,183
184,183
186,183
188,183
190,183
192,183
194,183
196,183
198,183
200,183
202,183
204,183
206,183
208,183
212,183
216,183
220,183
224,183
226,183
228,183
229,183
230,183
232,183
233,183
234,183
236,183
237,183
238,183
240,183
241,183
242,183
244,183
245,183
246,183
248,183
249,183
250,183
252,183
253,183
254,183
256,183
257,183
258,183
260,183
261,183
262,183
263,183
264,183
265,183
266,183
267,183
268,183
269,183
270,183
271,183
272,183
273,183
274,183
275,183
276,183
277,183
278,183
279,183
280,183
281,183
282,183
283,183
284,183
285,183
286,183
287,183
288,183
289,183
290,183
291,183
292,183
293,183
294,183
295,183
296,183
297,183
298,183
299,183
300,183
301,183
302,183
304,183
305,183
306,183
308,183
309,183
310,183
312,183
313,183
314,183
316,183
317,183
318,183
320,183
322,183
324,183
325,183
326,183
328,183
329,183
71,184
73,184
75,184
76,184
77,184
79,184
80,184
81,184
83,184
84,184
85,184
87,184
89,184
91,184
93,184
95,184
97,184
99,184
101,184
103,184
105,184
107,184
109,184
111,184
113,184
115,184
117,184
119,184
121,184
123,184
125,184
127,184
129,184
181,184
185,184
187,184
189,184
191,184
193,184
195,184
197,184
199,184
201,184
203,184
205,184
207,184
209,184
229,184
231,184
233,184
235,184
237,184
239,184
241,184
243,184
245,184
247,184
249,184
251,184
253,184
255,184
257,184
259,184
261,184
263,184
265,184
267,184
269,184
271,184
273,184
275,184
277,184
279,184
281,184
283,184
285,184
287,184
289,184
291,184
293,184
295,184
297,184
299,184
301,184
303,184
305,184
307,184
309,184
311,184
313,184
315,184
317,184
319,184
321,184
323,184
325,184
327,184
329,184
70,185
71,185
72,185
73,185
74,185
75,185
76,185
77,185
78,185
79,185
80,185
81,185
82,185
83,185
84,185
85,185
86,185
87,185
88,185
89,185
90,185
91,185
92,185
93,185
94,185
95,185
96,185
97,185
98,185
99,185
100,185
101,185
102,185
103,185
104,185
105,185
106,185
107,185
108,185
109,185
110,185
111,185
112,185
113,185
114,185
115,185
116,185
117,185
118,185
119,185
120,185
121,185
122,185
123,185
124,185
126,185
127,185
128,185
130,185
131,185
132,185
134,185
136,185
138,185
140,185
142,185
144,185
146,185
150,185
154,185
156,185
158,185
160,185
162,185
164,185
166,185
168,185
170,185
172,185
174,185
176,185
178,185
180,185
182,185
184,185
186,185
187,185
188,185
190,185
192,185
194,185
196,185
198,185
200,185
202,185
204,185
206,185
208,185
210,185
214,185
218,185
222,185
224,185
226,185
228,185
229,185
230,185
231,185
232,185
233,185
234,185
235,185
236,185
237,185
238,185
239,185
240,185
242,185
243,185
244,185
245,185
246,185
247,185
248,185
249,185
250,185
251,185
252,185
253,185
254,185
255,185
256,185
258,185
259,185
260,185
262,185
263,185
264,185
265,185
266,185
267,185
268,185
269,185
270,185
271,185
272,185
273,185
274,185
275,185
276,185
277,185
278,185
279,185
280,185
281,185
282,185
283,185
284,185
285,185
286,185
287,185
288,185
289,185
290,185
291,185
292,185
293,185
294,185
295,185
296,185
297,185
298,185
299,185
300,185
301,185
302,185
303,185
304,185
306,185
307,185
308,185
310,185
311,185
312,185
314,185
315,185
316,185
318,185
319,185
320,185
322,185
323,185
324,185
326,185
327,185
328,185
71,186
73,186
75,186
77,186
78,186
79,186
80,186
81,186
82,186
83,186
84,186
85,186
86,186
87,186
89,186
91,186
93,186
94,186
95,186
97,186
99,186
101,186
103,186
105,186
106,186
107,186
109,186
111,186
113,186
114,186
115,186
117,186
118,186
119,186
121,186
123,186
125,186
127,186
129,186
131,186
163,186
167,186
171,186
175,186
179,186
181,186
183,186
185,186
187,186
189,186
191,186
203,186
207,186
209,186
229,186
231,186
233,186
235,186
237,186
239,186
241,186
243,186
245,186
247,186
249,186
251,186
253,186
255,186
257,186
259,186
261,186
263,186
265,186
267,186
269,186
271,186
273,186
275,186
277,186
279,186
281,186
283,186
285,186
287,186
289,186
291,186
293,186
295,186
297,186
299,186
301,186
303,186
305,186
307,186
309,186
311,186
313,186
315,186
317,186
319,186
321,186
323,186
325,186
327,186
329,186
70,187
72,187
73,187
74,187
75,187
76,187
77,187
78,187
79,187
80,187
81,187
82,187
83,187
84,187
85,187
86,187
87,187
88,187
89,187
90,187
91,187
92,187
93,187
94,187
95,187
96,187
97,187
98,187
99,187
100,187
101,187
102,187
103,187
104,187
105,187
106,187
107,187
108,187
109,187
110,187
111,187
112,187
113,187
114,187
115,187
116,187
117,187
118,187
119,187
120,187
121,187
122,187
123,187
124,187
125,187
126,187
128,187
129,187
130,187
132,187
134,187
136,187
140,187
144,187
148,187
152,187
154,187
156,187
158,187
160,187
162,187
164,187
166,187
168,187
170,187
172,187
174,187
176,187
178,187
180,187
182,187
184,187
186,187
188,187
190,187
192,187
194,187
196,187
198,187
200,187
202,187
204,187
206,187
208,187
210,187
212,187
216,187
220,187
224,187
226,187
228,187
229,187
230,187
232,187
233,187
234,187
236,187
237,187
238,187
240,187
241,187
242,187
244,187
245,187
246,187
248,187
249,187
250,187
252,187
253,187
254,187
256,187
257,187
258,187
260,187
261,187
262,187
264,187
265,187
266,187
268,187
269,187
270,187
272,187
273,187
274,187
275,187
276,187
277,187
278,187
279,187
280,187
281,187
282,187
283,187
284,187
285,187
286,187
288,187
289,187
290,187
292,187
293,187
294,187
296,187
297,187
298,187
300,187
301,187
302,187
304,187
305,187
306,187
308,187
310,187
312,187
314,187
316,187
318,187
320,187
322,187
324,187
326,187
328,187
71,188
73,188
75,188
77,188
79,188
80,188
81,188
83,188
84,188
85,188
87,188
88,188
89,188
91,188
93,188
95,188
97,188
99,188
101,188
103,188
105,188
107,188
109,188
111,188
113,188
115,188
117,188
119,188
121,188
123,188
125,188
127,188
129,188
131,188
133,188
169,188
171,188
173,188
175,188
177,188
179,188
181,188
183,188
185,188
201,188
205,188
209,188
229,188
231,188
233,188
235,188
237,188
239,188
241,188
243,188
245,188
247,188
249,188
251,188
253,188
255,188
257,188
259,188
261,188
263,188
265,188
267,188
269,188
271,188
273,188
275,188
277,188
279,188
281,188
283,188
285,188
287,188
289,188
291,188
293,188
295,188
297,188
299,188
301,188
303,188
305,188
307,188
309,188
311,188
313,188
315,188
317,188
319,188
321,188
323,188
325,188
327,188
329,188
70,189
71,189
72,189
74,189
75,189
76,189
77,189
78,189
79,189
80,189
81,189
82,189
83,189
84,189
85,189
86,189
87,189
88,189
89,189
90,189
91,189
92,189
93,189
94,189
95,189
96,189
97,189
98,189
99,189
100,189
101,189
102,189
103,189
104,189
105,189
106,189
107,189
108,189
109,189
110,189
111,189
112,189
113,189
114,189
115,189
116,189
117,189
118,189
119,189
120,189
121,189
122,189
123,189
124,189
125,189
126,189
127,189
128,189
129,189
130,189
131,189
132,189
133,189
134,189
136,189
138,189
140,189
142,189
144,189
146,189
150,189
152,189
154,189
156,189
158,189
160,189
162,189
164,189
166,189
168,189
170,189
172,189
174,189
175,189
176,189
178,189
179,189
180,189
182,189
184,189
186,189
188,189
190,189
192,189
194,189
196,189
198,189
200,189
202,189
204,189
206,189
208,189
210,189
212,189
214,189
218,189
222,189
224,189
226,189
228,189
230,189
231,189
232,189
233,189
234,189
235,189
236,189
238,189
239,189
240,189
241,189
242,189
243,189
244,189
245,189
246,189
247,189
248,189
249,189
250,189
251,189
252,189
253,189
254,189
255,189
256,189
258,189
259,189
260,189
262,189
263,189
264,189
266,189
267,189
268,189
269,189
270,189
271,189
272,189
273,189
274,189
275,189
276,189
277,189
278,189
279,189
280,189
281,189
282,189
283,189
284,189
285,189
286,189
287,189
288,189
289,189
290,189
291,189
292,189
293,189
294,189
295,189
296,189
298,189
299,189
300,189
302,189
303,189
304,189
306,189
307,189
308,189
310,189
311,189
312,189
314,189
315,189
316,189
318,189
319,189
320,189
322,189
323,189
324,189
326,189
327,189
328,189
71,190
73,190
75,190
77,190
78,190
79,190
81,190
82,190
83,190
84,190
85,190
86,190
87,190
89,190
90,190
91,190
93,190
94,190
95,190
97,190
98,190
99,190
101,190
102,190
103,190
105,190
106,190
107,190
109,190
110,190
111,190
113,190
114,190
115,190
117,190
118,190
119,190
121,190
122,190
123,190
125,190
127,190
129,190
131,190
133,190
135,190
151,190
171,190
173,190
175,190
177,190
179,190
181,190
183,190
185,190
187,190
191,190
195,190
197,190
199,190
201,190
203,190
205,190
207,190
209,190
211,190
227,190
229,190
231,190
233,190
235,190
237,190
239,190
241,190
243,190
245,190
247,190
249,190
251,190
253,190
255,190
257,190
259,190
261,190
263,190
265,190
267,190
269,190
271,190
273,190
275,190
277,190
279,190
281,190
283,190
285,190
287,190
289,190
291,190
293,190
295,190
297,190
299,190
301,190
303,190
305,190
307,190
309,190
311,190
313,190
315,190
317,190
319,190
321,190
323,190
325,190
327,190
329,190
70,191
72,191
73,191
74,191
76,191
77,191
78,191
79,191
80,191
81,191
82,191
83,191
84,191
85,191
86,191
87,191
88,191
89,191
90,191
91,191
92,191
93,191
94,191
95,191
96,191
97,191
98,191
99,191
100,191
101,191
102,191
103,191
104,191
105,191
106,191
107,191
108,191
109,191
110,191
111,191
112,191
113,191
114,191
115,191
116,191
117,191
118,191
119,191
120,191
121,191
122,191
123,191
124,191
125,191
126,191
127,191
128,191
129,191
130,191
131,191
132,191
133,191
134,191
136,191
140,191
144,191
148,191
150,191
152,191
154,191
156,191
158,191
160,191
164,191
168,191
170,191
172,191
174,191
176,191
177,191
178,191
180,191
182,191
184,191
186,191
188,191
190,191
192,191
194,191
196,191
198,191
200,191
202,191
204,191
206,191
208,191
210,191
212,191
216,191
220,191
224,191
226,191
228,191
229,191
230,191
232,191
233,191
234,191
236,191
237,191
238,191
240,191
241,191
242,191
244,191
245,191
246,191
248,191
249,191
250,191
251,191
252,191
253,191
254,191
256,191
257,191
258,191
260,191
262,191
264,191
265,191
266,191
268,191
269,191
270,191
272,191
273,191
274,191
276,191
277,191
278,191
280,191
281,191
282,191
284,191
285,191
286,191
288,191
289,191
290,191
292,191
293,191
294,191
296,191
297,191
298,191
300,191
301,191
302,191
304,191
305,191
306,191
308,191
309,191
310,191
312,191
314,191
316,191
317,191
318,191
320,191
321,191
322,191
324,191
325,191
326,191
328,191
329,191
71,192
73,192
75,192
77,192
79,192
80,192
81,192
83,192
84,192
85,192
87,192
88,192
89,192
91,192
93,192
95,192
97,192
99,192
100,192
101,192
103,192
104,192
105,192
107,192
108,192
109,192
111,192
112,192
113,192
115,192
116,192
117,192
119,192
120,192
121,192
123,192
125,192
127,192
129,192
131,192
133,192
149,192
173,192
175,192
177,192
179,192
181,192
195,192
197,192
201,192
203,192
205,192
207,192
209,192
211,192
213,192
227,192
229,192
231,192
233,192
235,192
237,192
239,192
241,192
243,192
245,192
247,192
249,192
251,192
253,192
255,192
257,192
259,192
261,192
263,192
265,192
267,192
269,192
271,192
273,192
275,192
277,192
279,192
281,192
283,192
285,192
287,192
289,192
291,192
293,192
295,192
297,192
299,192
301,192
303,192
305,192
307,192
309,192
311,192
313,192
315,192
317,192
319,192
321,192
323,192
325,192
327,192
329,192
70,193
71,193
72,193
73,193
74,193
75,193
76,193
77,193
78,193
79,193
80,193
81,193
82,193
83,193
84,193
85,193
86,193
87,193
88,193
89,193
90,193
91,193
92,193
93,193
94,193
95,193
96,193
97,193
98,193
99,193
100,193
101,193
102,193
103,193
104,193
105,193
106,193
107,193
108,193
109,193
110,193
111,193
112,193
113,193
114,193
115,193
116,193
117,193
118,193
119,193
120,193
121,193
122,193
123,193
124,193
125,193
126,193
127,193
128,193
129,193
130,193
131,193
132,193
133,193
134,193
136,193
138,193
140,193
142,193
144,193
146,193
148,193
150,193
152,193
154,193
156,193
158,193
160,193
162,193
164,193
166,193
168,193
170,193
172,193
174,193
175,193
176,193
178,193
179,193
180,193
182,193
184,193
186,193
188,193
190,193
192,193
194,193
195,193
196,193
198,193
200,193
202,193
204,193
206,193
208,193
210,193
212,193
214,193
216,193
218,193
222,193
224,193
226,193
227,193
228,193
230,193
231,193
232,193
234,193
235,193
236,193
238,193
239,193
240,193
241,193
242,193
243,193
244,193
245,193
246,193
247,193
248,193
249,193
250,193
251,193
252,193
253,193
254,193
255,193
256,193
258,193
259,193
260,193
262,193
263,193
264,193
266,193
267,193
268,193
269,193
270,193
271,193
272,193
273,193
274,193
275,193
276,193
277,193
278,193
279,193
280,193
282,193
283,193
284,193
286,193
287,193
288,193
290,193
291,193
292,193
294,193
295,193
296,193
298,193
299,193
300,193
302,193
303,193
304,193
305,193
306,193
307,193
308,193
309,193
310,193
311,193
312,193
314,193
315,193
316,193
318,193
319,193
320,193
321,193
322,193
323,193
324,193
325,193
326,193
327,193
328,193
71,194
73,194
75,194
77,194
78,194
79,194
81,194
82,194
83,194
84,194
85,194
86,194
87,194
89,194
91,194
93,194
94,194
95,194
97,194
98,194
99,194
101,194
102,194
103,194
105,194
106,194
107,194
109,194
110,194
111,194
112,194
113,194
114,194
115,194
116,194
117,194
118,194
119,194
121,194
122,194
123,194
125,194
126,194
127,194
129,194
131,194
133,194
135,194
143,194
149,194
151,194
153,194
155,194
157,194
159,194
161,194
163,194
175,194
177,194
179,194
181,194
183,194
191,194
195,194
201,194
205,194
207,194
209,194
211,194
213,194
227,194
229,194
231,194
233,194
235,194
237,194
239,194
241,194
243,194
245,194
247,194
249,194
251,194
253,194
255,194
257,194
259,194
261,194
263,194
265,194
267,194
269,194
271,194
273,194
275,194
277,194
279,194
281,194
283,194
285,194
287,194
289,194
291,194
293,194
295,194
297,194
299,194
301,194
303,194
305,194
307,194
309,194
311,194
313,194
315,194
317,194
319,194
321,194
323,194
325,194
327,194
329,194
70,195
72,195
73,195
74,195
75,195
76,195
77,195
78,195
79,195
80,195
81,195
82,195
83,195
84,195
85,195
86,195
87,195
88,195
89,195
90,195
91,195
92,195
93,195
94,195
95,195
96,195
97,195
98,195
99,195
100,195
101,195
102,195
103,195
104,195
105,195
106,195
107,195
108,195
109,195
110,195
111,195
112,195
113,195
114,195
115,195
116,195
117,195
118,195
119,195
120,195
121,195
122,195
123,195
124,195
125,195
126,195
127,195
128,195
129,195
130,195
132,195
133,195
134,195
136,195
138,195
140,195
144,195
148,195
149,195
150,195
152,195
154,195
156,195
158,195
160,195
162,195
164,195
168,195
170,195
172,195
174,195
176,195
177,195
178,195
179,195
180,195
182,195
184,195
186,195
188,195
190,195
192,195
196,195
200,195
202,195
204,195
206,195
208,195
210,195
212,195
214,195
216,195
220,195
224,195
226,195
228,195
229,195
230,195
232,195
233,195
234,195
236,195
237,195
238,195
240,195
241,195
242,195
244,195
245,195
246,195
247,195
248,195
249,195
250,195
251,195
252,195
253,195
254,195
256,195
257,195
258,195
260,195
261,195
262,195
264,195
265,195
266,195
268,195
269,195
270,195
272,195
273,195
274,195
276,195
277,195
278,195
280,195
281,195
282,195
284,195
285,195
286,195
288,195
289,195
290,195
292,195
293,195
294,195
296,195
298,195
300,195
302,195
304,195
305,195
306,195
308,195
309,195
310,195
312,195
313,195
314,195
316,195
317,195
318,195
319,195
320,195
321,195
322,195
323,195
324,195
325,195
326,195
328,195
329,195
71,196
73,196
75,196
77,196
79,196
80,196
81,196
83,196
84,196
85,196
87,196
89,196
91,196
93,196
95,196
97,196
99,196
100,196
101,196
103,196
104,196
105,196
107,196
108,196
109,196
111,196
112,196
113,196
115,196
116,196
117,196
119,196
121,196
123,196
125,196
127,196
129,196
131,196
133,196
135,196
149,196
153,196
155,196
157,196
161,196
163,196
165,196
175,196
177,196
179,196
181,196
191,196
205,196
209,196
211,196
213,196
227,196
229,196
231,196
233,196
235,196
237,196
239,196
241,196
243,196
245,196
247,196
249,196
251,196
253,196
255,196
257,196
259,196
261,196
263,196
265,196
267,196
269,196
271,196
273,196
275,196
277,196
279,196
281,196
283,196
285,196
287,196
289,196
291,196
293,196
295,196
297,196
299,196
301,196
303,196
305,196
307,196
309,196
311,196
313,196
315,196
317,196
319,196
321,196
323,196
325,196
327,196
329,196
70,197
71,197
72,197
73,197
74,197
75,197
76,197
77,197
78,197
79,197
80,197
81,197
82,197
83,197
84,197
85,197
86,197
87,197
88,197
89,197
90,197
91,197
92,197
93,197
94,197
95,197
96,197
97,197
98,197
99,197
100,197
101,197
102,197
103,197
104,197
105,197
106,197
107,197
108,197
109,197
110,197
111,197
112,197
113,197
114,197
115,197
116,197
117,197
118,197
119,197
120,197
121,197
122,197
123,197
124,197
125,197
126,197
127,197
128,197
129,197
130,197
131,197
132,197
134,197
135,197
136,197
138,197
140,197
142,197
144,197
146,197
148,197
150,197
152,197
154,197
156,197
158,197
160,197
162,197
164,197
166,197
168,197
170,197
172,197
174,197
175,197
176,197
177,197
178,197
179,197
180,197
182,197
184,197
186,197
188,197
190,197
191,197
192,197
194,197
196,197
198,197
200,197
202,197
204,197
206,197
208,197
210,197
212,197
214,197
216,197
218,197
222,197
224,197
226,197
227,197
228,197
230,197
231,197
232,197
234,197
235,197
236,197
238,197
239,197
240,197
241,197
242,197
243,197
244,197
245,197
246,197
247,197
248,197
249,197
250,197
251,197
252,197
253,197
254,197
255,197
256,197
257,197
258,197
259,197
260,197
262,197
263,197
264,197
266,197
267,197
268,197
270,197
271,197
272,197
274,197
275,197
276,197
278,197
279,197
280,197
282,197
283,197
284,197
286,197
287,197
288,197
290,197
291,197
292,197
294,197
295,197
296,197
298,197
299,197
300,197
302,197
303,197
304,197
305,197
306,197
307,197
308,197
309,197
310,197
311,197
312,197
313,197
314,197
315,197
316,197
317,197
318,197
319,197
320,197
321,197
322,197
323,197
324,197
325,197
326,197
327,197
328,197
329,197
71,198
73,198
75,198
77,198
78,198
79,198
81,198
82,198
83,198
85,198
86,198
87,198
89,198
91,198
93,198
94,198
95,198
97,198
98,198
99,198
101,198
102,198
103,198
105,198
106,198
107,198
108,198
109,198
110,198
111,198
112,198
113,198
114,198
115,198
116,198
117,198
118,198
119,198
121,198
122,198
123,198
125,198
127,198
129,198
131,198
133,198
135,198
149,198
151,198
153,198
163,198
171,198
175,198
177,198
179,198
181,198
183,198
185,198
187,198
191,198
193,198
195,198
199,198
203,198
205,198
207,198
209,198
211,198
213,198
225,198
227,198
229,198
231,198
233,198
235,198
237,198
239,198
241,198
243,198
245,198
247,198
249,198
251,198
253,198
255,198
257,198
259,198
261,198
263,198
265,198
267,198
269,198
271,198
273,198
275,198
277,198
279,198
281,198
283,198
285,198
287,198
289,198
291,198
293,198
295,198
297,198
299,198
301,198
303,198
305,198
307,198
309,198
311,198
313,198
315,198
317,198
319,198
321,198
322,198
323,198
325,198
327,198
329,198
70,199
72,199
73,199
74,199
75,199
76,199
77,199
78,199
79,199
80,199
81,199
82,199
83,199
84,199
85,199
86,199
87,199
88,199
89,199
90,199
91,199
92,199
93,199
94,199
95,199
96,199
97,199
98,199
99,199
100,199
101,199
102,199
103,199
104,199
105,199
106,199
107,199
108,199
109,199
110,199
111,199
112,199
113,199
114,199
115,199
116,199
117,199
118,199
119,199
120,199
121,199
122,199
123,199
124,199
125,199
126,199
128,199
129,199
130,199
132,199
133,199
134,199
136,199
138,199
140,199
144,199
148,199
149,199
150,199
152,199
154,199
156,199
158,199
160,199
164,199
166,199
168,199
170,199
172,199
174,199
176,199
177,199
178,199
180,199
182,199
184,199
186,199
188,199
190,199
192,199
194,199
196,199
198,199
200,199
202,199
204,199
206,199
208,199
210,199
212,199
214,199
216,199
220,199
222,199
224,199
226,199
228,199
229,199
230,199
232,199
233,199
234,199
236,199
237,199
238,199
240,199
241,199
242,199
244,199
245,199
246,199
248,199
249,199
250,199
252,199
253,199
254,199
256,199
257,199
258,199
260,199
261,199
262,199
264,199
265,199
266,199
268,199
269,199
270,199
272,199
273,199
274,199
276,199
277,199
278,199
280,199
281,199
282,199
284,199
285,199
286,199
288,199
289,199
290,199
292,199
293,199
294,199
296,199
298,199
300,199
302,199
304,199
305,199
306,199
308,199
309,199
310,199
311,199
312,199
313,199
314,199
315,199
316,199
317,199
318,199
319,199
320,199
321,199
322,199
323,199
324,199
325,199
326,199
327,199
328,199
329,199
71,200
73,200
75,200
77,200
79,200
81,200
83,200
85,200
87,200
89,200
91,200
93,200
95,200
97,200
99,200
100,200
101,200
103,200
104,200
105,200
107,200
108,200
109,200
111,200
112,200
113,200
115,200
116,200
117,200
119,200
121,200
123,200
125,200
127,200
129,200
131,200
133,200
135,200
149,200
153,200
167,200
173,200
175,200
177,200
179,200
181,200
183,200
185,200
187,200
189,200
191,200
193,200
195,200
197,200
199,200
201,200
205,200
207,200
209,200
211,200
213,200
227,200
229,200
231,200
233,200
235,200
237,200
239,200
241,200
243,200
245,200
247,200
249,200
251,200
253,200
255,200
257,200
259,200
261,200
263,200
265,200
267,200
269,200
271,200
273,200
275,200
277,200
279,200
281,200
283,200
285,200
287,200
289,200
291,200
293,200
295,200
297,200
299,200
301,200
303,200
305,200
307,200
309,200
311,200
313,200
315,200
317,200
319,200
321,200
323,200
325,200
327,200
329,200
70,201
71,201
72,201
73,201
74,201
75,201
76,201
78,201
79,201
80,201
81,201
82,201
83,201
84,201
85,201
86,201
87,201
88,201
89,201
90,201
91,201
92,201
93,201
94,201
95,201
96,201
97,201
98,201
99,201
100,201
101,201
102,201
103,201
104,201
105,201
106,201
107,201
108,201
109,201
110,201
111,201
112,201
113,201
114,201
115,201
116,201
117,201
118,201
119,201
120,201
121,201
122,201
123,201
124,201
125,201
126,201
127,201
128,201
129,201
130,201
131,201
132,201
134,201
135,201
136,201
138,201
140,201
142,201
144,201
146,201
148,201
150,201
152,201
154,201
156,201
158,201
160,201
162,201
164,201
166,201
167,201
168,201
170,201
172,201
174,201
175,201
176,201
177,201
178,201
179,201
180,201
182,201
184,201
186,201
187,201
188,201
190,201
192,201
194,201
195,201
196,201
198,201
200,201
202,201
203,201
204,201
206,201
207,201
208,201
210,201
211,201
212,201
214,201
216,201
218,201
220,201
222,201
224,201
226,201
227,201
228,201
229,201
230,201
231,201
232,201
234,201
235,201
236,201
238,201
239,201
240,201
242,201
243,201
244,201
245,201
246,201
247,201
248,201
249,201
250,201
251,201
252,201
253,201
254,201
255,201
256,201
257,201
258,201
259,201
260,201
261,201
262,201
263,201
264,201
266,201
267,201
268,201
270,201
271,201
272,201
274,201
275,201
276,201
278,201
279,201
280,201
281,201
282,201
283,201
284,201
285,201
286,201
287,201
288,201
289,201
290,201
291,201
292,201
294,201
295,201
296,201
298,201
299,201
300,201
302,201
303,201
304,201
305,201
306,201
307,201
308,201
309,201
310,201
311,201
312,201
313,201
314,201
315,201
316,201
317,201
318,201
319,201
320,201
321,201
322,201
323,201
324,201
325,201
326,201
327,201
328,201
329,201
71,202
73,202
75,202
77,202
79,202
81,202
83,202
85,202
87,202
89,202
91,202
93,202
95,202
97,202
98,202
99,202
101,202
102,202
103,202
105,202
106,202
107,202
109,202
110,202
111,202
112,202
113,202
114,202
115,202
117,202
118,202
119,202
121,202
123,202
125,202
127,202
129,202
131,202
133,202
135,202
137,202
143,202
147,202
149,202
151,202
155,202
157,202
159,202
161,202
163,202
165,202
167,202
169,202
171,202
173,202
175,202
177,202
179,202
181,202
183,202
185,202
187,202
189,202
191,202
193,202
195,202
197,202
199,202
201,202
203,202
205,202
207,202
209,202
211,202
213,202
215,202
221,202
227,202
229,202
231,202
233,202
235,202
237,202
239,202
241,202
243,202
245,202
247,202
249,202
251,202
253,202
255,202
257,202
259,202
261,202
263,202
265,202
267,202
269,202
271,202
273,202
275,202
277,202
279,202
281,202
283,202
285,202
287,202
289,202
291,202
293,202
295,202
297,202
299,202
301,202
303,202
305,202
307,202
309,202
311,202
313,202
315,202
317,202
319,202
321,202
323,202
325,202
326,202
327,202
329,202
70,203
72,203
74,203
76,203
78,203
80,203
82,203
84,203
85,203
86,203
88,203
89,203
90,203
92,203
93,203
94,203
95,203
96,203
97,203
98,203
99,203
100,203
101,203
102,203
103,203
104,203
105,203
106,203
107,203
108,203
109,203
110,203
111,203
112,203
113,203
114,203
115,203
116,203
117,203
118,203
119,203
120,203
121,203
122,203
123,203
124,203
125,203
126,203
127,203
128,203
129,203
130,203
131,203
132,203
133,203
134,203
135,203
136,203
137,203
138,203
140,203
144,203
148,203
149,203
150,203
152,203
154,203
156,203
158,203
160,203
162,203
164,203
166,203
168,203
170,203
172,203
174,203
176,203
177,203
178,203
180,203
181,203
182,203
184,203
186,203
188,203
190,203
192,203
193,203
194,203
196,203
197,203
198,203
200,203
201,203
202,203
204,203
205,203
206,203
208,203
210,203
212,203
214,203
216,203
220,203
222,203
224,203
226,203
227,203
228,203
229,203
230,203
232,203
233,203
234,203
236,203
237,203
238,203
240,203
241,203
242,203
244,203
245,203
246,203
248,203
249,203
250,203
252,203
253,203
254,203
256,203
257,203
258,203
260,203
261,203
262,203
264,203
265,203
266,203
268,203
269,203
270,203
272,203
273,203
274,203
276,203
277,203
278,203
280,203
281,203
282,203
284,203
285,203
286,203
288,203
289,203
290,203
292,203
293,203
294,203
296,203
297,203
298,203
300,203
301,203
302,203
304,203
305,203
306,203
308,203
309,203
310,203
312,203
313,203
314,203
315,203
316,203
317,203
318,203
319,203
320,203
321,203
322,203
323,203
324,203
325,203
326,203
327,203
328,203
329,203
71,204
73,204
75,204
77,204
79,204
81,204
83,204
85,204
87,204
89,204
91,204
93,204
95,204
97,204
99,204
101,204
103,204
104,204
105,204
107,204
108,204
109,204
111,204
112,204
113,204
115,204
116,204
117,204
119,204
121,204
123,204
125,204
127,204
129,204
131,204
133,204
135,204
137,204
147,204
149,204
151,204
153,204
157,204
161,204
165,204
167,204
169,204
171,204
173,204
175,204
177,204
179,204
181,204
183,204
185,204
187,204
189,204
191,204
193,204
195,204
197,204
199,204
201,204
203,204
205,204
207,204
209,204
211,204
213,204
215,204
227,204
229,204
231,204
233,204
235,204
237,204
239,204
241,204
243,204
245,204
247,204
249,204
251,204
253,204
255,204
257,204
259,204
261,204
263,204
265,204
267,204
269,204
271,204
273,204
275,204
277,204
279,204
281,204
283,204
285,204
287,204
289,204
291,204
293,204
295,204
297,204
299,204
301,204
303,204
305,204
307,204
309,204
311,204
313,204
315,204
317,204
319,204
321,204
323,204
325,204
327,204
329,204
70,205
71,205
72,205
74,205
76,205
78,205
80,205
82,205
83,205
84,205
86,205
87,205
88,205
90,205
91,205
92,205
93,205
94,205
95,205
96,205
97,205
98,205
99,205
100,205
101,205
102,205
103,205
104,205
105,205
106,205
107,205
108,205
109,205
110,205
111,205
112,205
113,205
114,205
115,205
116,205
117,205
118,205
119,205
120,205
121,205
122,205
123,205
124,205
125,205
126,205
127,205
128,205
129,205
130,205
131,205
132,205
133,205
134,205
135,205
136,205
137,205
138,205
140,205
142,205
144,205
146,205
147,205
148,205
150,205
151,205
152,205
154,205
156,205
158,205
160,205
162,205
164,205
166,205
167,205
168,205
170,205
172,205
174,205
175,205
176,205
177,205
178,205
179,205
180,205
182,205
183,205
184,205
186,205
187,205
188,205
190,205
191,205
192,205
194,205
195,205
196,205
198,205
199,205
200,205
202,205
203,205
204,205
206,205
207,205
208,205
210,205
211,205
212,205
214,205
216,205
218,205
220,205
222,205
224,205
226,205
227,205
228,205
229,205
230,205
231,205
232,205
233,205
234,205
235,205
236,205
237,205
238,205
239,205
240,205
241,205
242,205
243,205
244,205
245,205
246,205
247,205
248,205
249,205
250,205
251,205
252,205
253,205
254,205
255,205
256,205
257,205
258,205
259,205
260,205
261,205
262,205
263,205
264,205
265,205
266,205
267,205
268,205
269,205
270,205
271,205
272,205
273,205
274,205
275,205
276,205
277,205
278,205
279,205
280,205
281,205
282,205
283,205
284,205
285,205
286,205
287,205
288,205
289,205
290,205
291,205
292,205
293,205
294,205
295,205
296,205
297,205
298,205
299,205
300,205
301,205
302,205
303,205
304,205
305,205
306,205
307,205
308,205
309,205
310,205
311,205
312,205
313,205
314,205
315,205
316,205
317,205
318,205
319,205
320,205
321,205
322,205
323,205
324,205
325,205
326,205
327,205
328,205
329,205
71,206
73,206
75,206
77,206
79,206
81,206
83,206
85,206
87,206
89,206
91,206
93,206
95,206
97,206
99,206
101,206
103,206
105,206
107,206
109,206
110,206
111,206
113,206
114,206
115,206
117,206
118,206
119,206
121,206
123,206
125,206
127,206
129,206
131,206
133,206
134,206
135,206
137,206
139,206
147,206
149,206
151,206
153,206
155,206
157,206
159,206
161,206
163,206
165,206
167,206
169,206
171,206
173,206
175,206
177,206
179,206
181,206
183,206
185,206
187,206
189,206
191,206
193,206
195,206
197,206
199,206
201,206
203,206
205,206
207,206
209,206
211,206
213,206
215,206
221,206
223,206
227,206
229,206
230,206
231,206
233,206
235,206
237,206
239,206
241,206
243,206
245,206
247,206
249,206
251,206
253,206
255,206
257,206
259,206
261,206
263,206
265,206
267,206
269,206
271,206
273,206
275,206
277,206
278,206
279,206
281,206
282,206
283,206
285,206
287,206
289,206
290,206
291,206
293,206
295,206
297,206
299,206
301,206
303,206
305,206
307,206
309,206
311,206
313,206
315,206
317,206
318,206
319,206
321,206
322,206
323,206
325,206
326,206
327,206
329,206
70,207
72,207
74,207
76,207
78,207
80,207
82,207
84,207
85,207
86,207
88,207
89,207
90,207
92,207
93,207
94,207
96,207
97,207
98,207
99,207
100,207
101,207
102,207
104,207
105,207
106,207
107,207
108,207
109,207
110,207
111,207
112,207
113,207
114,207
115,207
116,207
117,207
118,207
119,207
120,207
121,207
122,207
124,207
125,207
126,207
128,207
129,207
130,207
131,207
132,207
133,207
134,207
135,207
136,207
137,207
138,207
140,207
142,207
144,207
146,207
148,207
149,207
150,207
152,207
154,207
156,207
158,207
160,207
162,207
164,207
166,207
168,207
170,207
172,207
174,207
176,207
177,207
178,207
180,207
181,207
182,207
184,207
186,207
188,207
189,207
190,207
192,207
193,207
194,207
196,207
197,207
198,207
200,207
201,207
202,207
204,207
205,207
206,207
208,207
209,207
210,207
212,207
214,207
216,207
220,207
222,207
224,207
226,207
227,207
228,207
229,207
230,207
231,207
232,207
233,207
234,207
235,207
236,207
237,207
238,207
239,207
240,207
241,207
242,207
244,207
245,207
246,207
248,207
249,207
250,207
251,207
252,207
253,207
254,207
255,207
256,207
257,207
258,207
260,207
261,207
262,207
264,207
265,207
266,207
267,207
268,207
269,207
270,207
271,207
272,207
273,207
274,207
275,207
276,207
277,207
278,207
279,207
280,207
281,207
282,207
283,207
284,207
285,207
286,207
287,207
288,207
289,207
290,207
291,207
292,207
293,207
294,207
295,207
296,207
297,207
298,207
299,207
300,207
301,207
302,207
303,207
304,207
305,207
306,207
307,207
308,207
309,207
310,207
311,207
312,207
313,207
314,207
315,207
316,207
317,207
318,207
319,207
320,207
321,207
322,207
323,207
324,207
325,207
326,207
327,207
328,207
329,207
71,208
73,208
75,208
77,208
79,208
81,208
83,208
85,208
87,208
89,208
91,208
93,208
95,208
97,208
99,208
101,208
103,208
105,208
107,208
109,208
111,208
113,208
115,208
117,208
119,208
121,208
123,208
125,208
127,208
129,208
131,208
133,208
135,208
137,208
141,208
147,208
149,208
151,208
153,208
155,208
157,208
159,208
161,208
163,208
165,208
167,208
169,208
171,208
173,208
175,208
177,208
179,208
181,208
183,208
185,208
187,208
189,208
191,208
193,208
195,208
197,208
199,208
201,208
203,208
205,208
207,208
209,208
211,208
213,208
215,208
221,208
223,208
225,208
227,208
228,208
229,208
231,208
233,208
235,208
237,208
239,208
241,208
243,208
245,208
247,208
249,208
251,208
253,208
255,208
257,208
259,208
261,208
263,208
265,208
267,208
269,208
271,208
273,208
275,208
277,208
279,208
281,208
283,208
285,208
287,208
289,208
291,208
293,208
295,208
297,208
299,208
301,208
303,208
305,208
307,208
309,208
311,208
313,208
315,208
317,208
319,208
321,208
323,208
325,208
327,208
328,208
329,208
70,209
71,209
72,209
74,209
76,209
78,209
80,209
82,209
83,209
84,209
85,209
86,209
87,209
88,209
90,209
91,209
92,209
93,209
94,209
95,209
96,209
97,209
98,209
99,209
100,209
101,209
102,209
103,209
104,209
106,209
107,209
108,209
109,209
110,209
111,209
112,209
113,209
114,209
115,209
116,209
117,209
118,209
119,209
120,209
122,209
123,209
124,209
126,209
127,209
128,209
129,209
130,209
131,209
132,209
133,209
134,209
135,209
136,209
138,209
140,209
142,209
144,209
146,209
147,209
148,209
149,209
150,209
151,209
152,209
154,209
155,209
156,209
158,209
159,209
160,209
162,209
163,209
164,209
166,209
167,209
168,209
170,209
171,209
172,209
173,209
174,209
175,209
176,209
177,209
178,209
179,209
180,209
182,209
183,209
184,209
186,209
187,209
188,209
190,209
191,209
192,209
193,209
194,209
195,209
196,209
197,209
198,209
199,209
200,209
201,209
202,209
203,209
204,209
206,209
207,209
208,209
210,209
211,209
212,209
214,209
216,209
218,209
220,209
222,209
224,209
226,209
227,209
228,209
229,209
230,209
231,209
232,209
233,209
234,209
235,209
236,209
237,209
238,209
239,209
240,209
241,209
242,209
243,209
244,209
245,209
246,209
247,209
248,209
249,209
250,209
251,209
252,209
253,209
254,209
255,209
256,209
257,209
258,209
259,209
260,209
261,209
262,209
263,209
264,209
265,209
266,209
267,209
268,209
269,209
270,209
271,209
272,209
273,209
274,209
275,209
276,209
277,209
278,209
279,209
280,209
281,209
282,209
283,209
284,209
285,209
286,209
287,209
288,209
289,209
290,209
291,209
292,209
293,209
294,209
295,209
296,209
297,209
298,209
299,209
300,209
301,209
302,209
303,209
304,209
305,209
306,209
307,209
308,209
309,209
310,209
311,209
312,209
313,209
314,209
315,209
316,209
317,209
318,209
319,209
320,209
321,209
322,209
323,209
324,209
325,209
326,209
327,209
328,209
329,209
71,210
73,210
75,210
77,210
79,210
81,210
83,210
85,210
87,210
89,210
91,210
93,210
95,210
97,210
99,210
101,210
103,210
105,210
107,210
109,210
111,210
113,210
115,210
117,210
119,210
121,210
123,210
125,210
127,210
129,210
131,210
133,210
135,210
137,210
143,210
147,210
149,210
151,210
153,210
155,210
157,210
159,210
161,210
163,210
165,210
167,210
169,210
171,210
173,210
175,210
177,210
178,210
179,210
181,210
183,210
185,210
187,210
189,210
191,210
193,210
195,210
197,210
198,210
199,210
201,210
203,210
205,210
207,210
209,210
211,210
213,210
215,210
219,210
221,210
223,210
225,210
227,210
229,210
230,210
231,210
233,210
234,210
235,210
237,210
239,210
241,210
243,210
245,210
247,210
249,210
250,210
251,210
253,210
255,210
257,210
259,210
261,210
263,210
265,210
267,210
269,210
271,210
273,210
274,210
275,210
277,210
278,210
279,210
281,210
282,210
283,210
285,210
286,210
287,210
289,210
290,210
291,210
293,210
294,210
295,210
297,210
298,210
299,210
301,210
302,210
303,210
305,210
306,210
307,210
309,210
310,210
311,210
313,210
314,210
315,210
317,210
318,210
319,210
321,210
322,210
323,210
325,210
326,210
327,210
329,210
70,211
72,211
74,211
76,211
78,211
80,211
81,211
82,211
84,211
85,211
86,211
88,211
89,211
90,211
92,211
93,211
94,211
95,211
96,211
97,211
98,211
99,211
100,211
101,211
102,211
104,211
106,211
108,211
109,211
110,211
111,211
112,211
113,211
114,211
116,211
117,211
118,211
120,211
121,211
122,211
124,211
125,211
126,211
127,211
128,211
129,211
130,211
131,211
132,211
133,211
134,211
135,211
136,211
137,211
138,211
140,211
142,211
144,211
146,211
148,211
149,211
150,211
152,211
153,211
154,211
156,211
157,211
158,211
160,211
161,211
162,211
164,211
165,211
166,211
168,211
170,211
172,211
173,211
174,211
176,211
177,211
178,211
180,211
182,211
184,211
186,211
188,211
190,211
192,211
193,211
194,211
195,211
196,211
197,211
198,211
199,211
200,211
201,211
202,211
204,211
205,211
206,211
208,211
210,211
212,211
214,211
216,211
220,211
222,211
224,211
226,211
227,211
228,211
229,211
230,211
231,211
232,211
233,211
234,211
235,211
236,211
237,211
238,211
239,211
240,211
241,211
242,211
243,211
244,211
245,211
246,211
247,211
248,211
249,211
250,211
251,211
252,211
253,211
254,211
255,211
256,211
257,211
258,211
260,211
261,211
262,211
263,211
264,211
265,211
266,211
267,211
268,211
269,211
270,211
271,211
272,211
273,211
274,211
275,211
276,211
277,211
278,211
279,211
280,211
281,211
282,211
283,211
284,211
285,211
286,211
287,211
288,211
289,211
290,211
291,211
292,211
293,211
294,211
295,211
296,211
297,211
298,211
299,211
300,211
301,211
302,211
303,211
304,211
305,211
306,211
307,211
308,211
309,211
310,211
311,211
312,211
313,211
314,211
315,211
316,211
317,211
318,211
319,211
320,211
321,211
322,211
323,211
324,211
325,211
326,211
327,211
328,211
329,211
71,212
73,212
75,212
77,212
79,212
81,212
83,212
85,212
87,212
89,212
91,212
93,212
95,212
96,212
97,212
99,212
101,212
103,212
105,212
107,212
109,212
111,212
113,212
115,212
117,212
119,212
121,212
123,212
125,212
127,212
129,212
131,212
133,212
135,212
137,212
141,212
147,212
149,212
151,212
153,212
155,212
157,212
159,212
161,212
163,212
165,212
167,212
169,212
171,212
173,212
175,212
177,212
179,212
181,212
183,212
185,212
187,212
189,212
191,212
193,212
195,212
197,212
199,212
201,212
203,212
205,212
207,212
209,212
211,212
213,212
221,212
223,212
225,212
227,212
229,212
231,212
233,212
235,212
237,212
239,212
241,212
243,212
245,212
247,212
249,212
251,212
253,212
255,212
257,212
259,212
261,212
263,212
265,212
267,212
269,212
271,212
273,212
275,212
277,212
279,212
281,212
283,212
285,212
287,212
288,212
289,212
291,212
292,212
293,212
295,212
297,212
299,212
301,212
303,212
304,212
305,212
307,212
308,212
309,212
311,212
312,212
313,212
315,212
316,212
317,212
319,212
320,212
321,212
323,212
324,212
325,212
327,212
328,212
329,212
70,213
71,213
72,213
74,213
76,213
78,213
79,213
80,213
82,213
83,213
84,213
85,213
86,213
87,213
88,213
89,213
90,213
91,213
92,213
93,213
94,213
95,213
96,213
97,213
98,213
99,213
100,213
101,213
102,213
103,213
104,213
106,213
107,213
108,213
109,213
110,213
111,213
112,213
113,213
114,213
115,213
116,213
118,213
119,213
120,213
121,213
122,213
123,213
124,213
125,213
126,213
127,213
128,213
129,213
130,213
131,213
132,213
133,213
134,213
135,213
136,213
138,213
140,213
142,213
144,213
146,213
147,213
148,213
149,213
150,213
151,213
152,213
154,213
155,213
156,213
157,213
158,213
159,213
160,213
161,213
162,213
163,213
164,213
165,213
166,213
167,213
168,213
170,213
171,213
172,213
173,213
174,213
175,213
176,213
177,213
178,213
179,213
180,213
182,213
183,213
184,213
186,213
187,213
188,213
190,213
191,213
192,213
194,213
195,213
196,213
197,213
198,213
199,213
200,213
201,213
202,213
203,213
204,213
206,213
207,213
208,213
210,213
212,213
214,213
216,213
218,213
220,213
222,213
223,213
224,213
226,213
227,213
228,213
229,213
230,213
231,213
232,213
233,213
234,213
235,213
236,213
237,213
238,213
239,213
240,213
241,213
242,213
243,213
244,213
245,213
246,213
247,213
248,213
249,213
250,213
251,213
252,213
253,213
254,213
255,213
256,213
257,213
258,213
259,213
260,213
261,213
262,213
263,213
264,213
265,213
266,213
267,213
268,213
269,213
270,213
271,213
272,213
273,213
274,213
275,213
276,213
277,213
278,213
279,213
280,213
281,213
282,213
283,213
284,213
285,213
286,213
287,213
288,213
289,213
290,213
291,213
292,213
293,213
294,213
295,213
296,213
297,213
298,213
299,213
300,213
301,213
302,213
303,213
304,213
305,213
306,213
307,213
308,213
309,213
310,213
311,213
312,213
313,213
314,213
315,213
316,213
317,213
318,213
319,213
320,213
321,213
322,213
323,213
324,213
325,213
326,213
327,213
328,213
329,213
71,214
73,214
75,214
77,214
79,214
81,214
83,214
85,214
87,214
89,214
90,214
91,214
93,214
94,214
95,214
96,214
97,214
98,214
99,214
101,214
103,214
105,214
107,214
109,214
111,214
113,214
115,214
117,214
119,214
121,214
123,214
125,214
127,214
129,214
131,214
133,214
135,214
137,214
139,214
141,214
143,214
147,214
149,214
151,214
153,214
155,214
157,214
159,214
161,214
163,214
165,214
167,214
169,214
171,214
173,214
175,214
177,214
178,214
179,214
181,214
183,214
185,214
187,214
189,214
191,214
193,214
195,214
197,214
199,214
201,214
203,214
205,214
207,214
209,214
211,214
213,214
215,214
219,214
221,214
223,214
225,214
227,214
229,214
231,214
233,214
235,214
237,214
239,214
241,214
243,214
245,214
247,214
249,214
251,214
253,214
255,214
257,214
259,214
261,214
263,214
265,214
267,214
269,214
271,214
273,214
275,214
277,214
279,214
281,214
282,214
283,214
285,214
286,214
287,214
289,214
290,214
291,214
293,214
294,214
295,214
297,214
298,214
299,214
301,214
302,214
303,214
305,214
306,214
307,214
309,214
310,214
311,214
313,214
314,214
315,214
317,214
318,214
319,214
321,214
322,214
323,214
325,214
326,214
327,214
329,214
70,215
72,215
74,215
76,215
78,215
80,215
81,215
82,215
83,215
84,215
85,215
86,215
87,215
88,215
89,215
90,215
91,215
92,215
93,215
94,215
95,215
96,215
97,215
98,215
99,215
100,215
101,215
102,215
104,215
106,215
108,215
109,215
110,215
111,215
112,215
113,215
114,215
116,215
117,215
118,215
120,215
121,215
122,215
124,215
125,215
126,215
127,215
128,215
129,215
130,215
132,215
133,215
134,215
136,215
138,215
140,215
142,215
144,215
146,215
148,215
149,215
150,215
152,215
153,215
154,215
156,215
157,215
158,215
160,215
161,215
162,215
164,215
165,215
166,215
168,215
169,215
170,215
172,215
174,215
176,215
177,215
178,215
180,215
182,215
184,215
186,215
188,215
190,215
192,215
194,215
196,215
197,215
198,215
200,215
201,215
202,215
204,215
206,215
208,215
210,215
212,215
214,215
216,215
218,215
220,215
222,215
224,215
225,215
226,215
227,215
228,215
229,215
230,215
232,215
233,215
234,215
236,215
237,215
238,215
240,215
241,215
242,215
243,215
244,215
245,215
246,215
247,215
248,215
249,215
250,215
251,215
252,215
253,215
254,215
256,215
257,215
258,215
260,215
261,215
262,215
264,215
265,215
266,215
268,215
269,215
270,215
271,215
272,215
273,215
274,215
276,215
277,215
278,215
279,215
280,215
281,215
282,215
283,215
284,215
285,215
286,215
287,215
288,215
289,215
290,215
291,215
292,215
293,215
294,215
295,215
296,215
297,215
298,215
299,215
300,215
301,215
302,215
303,215
304,215
305,215
306,215
307,215
308,215
309,215
310,215
311,215
312,215
313,215
314,215
315,215
316,215
317,215
318,215
319,215
320,215
321,215
322,215
323,215
324,215
325,215
326,215
327,215
328,215
329,215
71,216
73,216
75,216
77,216
79,216
81,216
83,216
85,216
87,216
89,216
91,216
92,216
93,216
95,216
96,216
97,216
99,216
101,216
103,216
105,216
107,216
109,216
111,216
113,216
115,216
117,216
119,216
121,216
123,216
125,216
127,216
129,216
131,216
133,216
135,216
137,216
139,216
141,216
147,216
149,216
151,216
153,216
155,216
157,216
159,216
161,216
163,216
165,216
167,216
169,216
171,216
173,216
175,216
177,216
179,216
181,216
185,216
187,216
189,216
191,216
193,216
195,216
197,216
199,216
201,216
203,216
205,216
207,216
209,216
211,216
213,216
221,216
225,216
227,216
229,216
231,216
233,216
235,216
237,216
239,216
241,216
243,216
245,216
247,216
249,216
251,216
253,216
255,216
257,216
259,216
261,216
263,216
265,216
267,216
269,216
271,216
273,216
275,216
277,216
279,216
281,216
283,216
285,216
287,216
289,216
291,216
293,216
295,216
297,216
299,216
301,216
303,216
305,216
307,216
309,216
311,216
313,216
315,216
317,216
319,216
321,216
323,216
325,216
327,216
329,216
70,217
72,217
74,217
76,217
78,217
79,217
80,217
81,217
82,217
83,217
84,217
85,217
86,217
87,217
88,217
89,217
90,217
91,217
92,217
93,217
94,217
95,217
96,217
97,217
98,217
99,217
100,217
101,217
102,217
103,217
104,217
106,217
107,217
108,217
109,217
110,217
111,217
112,217
113,217
114,217
115,217
116,217
117,217
118,217
119,217
120,217
121,217
122,217
123,217
124,217
125,217
126,217
127,217
128,217
129,217
130,217
131,217
132,217
134,217
135,217
136,217
138,217
139,217
140,217
142,217
144,217
146,217
148,217
150,217
151,217
152,217
154,217
155,217
156,217
157,217
158,217
159,217
160,217
162,217
163,217
164,217
166,217
168,217
170,217
172,217
174,217
176,217
178,217
179,217
180,217
182,217
184,217
186,217
188,217
190,217
191,217
192,217
194,217
196,217
198,217
199,217
200,217
202,217
203,217
204,217
206,217
208,217
210,217
212,217
214,217
216,217
218,217
220,217
222,217
224,217
225,217
226,217
227,217
228,217
229,217
230,217
231,217
232,217
234,217
235,217
236,217
238,217
239,217
240,217
241,217
242,217
243,217
244,217
245,217
246,217
247,217
248,217
249,217
250,217
251,217
252,217
253,217
254,217
255,217
256,217
257,217
258,217
259,217
260,217
261,217
262,217
263,217
264,217
265,217
266,217
267,217
268,217
269,217
270,217
271,217
272,217
273,217
274,217
275,217
276,217
277,217
278,217
279,217
280,217
281,217
282,217
283,217
284,217
285,217
286,217
287,217
288,217
289,217
290,217
291,217
292,217
293,217
294,217
295,217
296,217
297,217
298,217
299,217
300,217
301,217
302,217
303,217
304,217
305,217
306,217
307,217
308,217
309,217
310,217
311,217
312,217
313,217
314,217
315,217
316,217
317,217
318,217
319,217
320,217
321,217
322,217
323,217
324,217
325,217
326,217
327,217
328,217
329,217
71,218
73,218
75,218
77,218
79,218
81,218
83,218
85,218
86,218
87,218
89,218
90,218
91,218
92,218
93,218
94,218
95,218
96,218
97,218
98,218
99,218
101,218
103,218
105,218
107,218
109,218
111,218
113,218
115,218
117,218
119,218
121,218
123,218
125,218
127,218
129,218
131,218
133,218
135,218
137,218
139,218
141,218
143,218
147,218
149,218
151,218
153,218
155,218
157,218
159,218
161,218
163,218
165,218
167,218
169,218
171,218
175,218
177,218
179,218
191,218
193,218
195,218
197,218
199,218
201,218
203,218
205,218
207,218
209,218
211,218
213,218
215,218
219,218
221,218
223,218
225,218
227,218
229,218
231,218
233,218
235,218
237,218
239,218
241,218
243,218
245,218
247,218
249,218
251,218
253,218
255,218
257,218
259,218
261,218
263,218
265,218
267,218
269,218
271,218
273,218
275,218
277,218
279,218
281,218
283,218
285,218
287,218
289,218
291,218
293,218
295,218
297,218
298,218
299,218
301,218
302,218
303,218
305,218
306,218
307,218
309,218
310,218
311,218
313,218
314,218
315,218
317,218
318,218
319,218
321,218
322,218
323,218
325,218
326,218
327,218
329,218
70,219
72,219
74,219
76,219
78,219
80,219
81,219
82,219
83,219
84,219
85,219
86,219
87,219
88,219
89,219
90,219
91,219
92,219
93,219
94,219
95,219
96,219
97,219
98,219
99,219
100,219
101,219
102,219
104,219
105,219
106,219
108,219
109,219
110,219
111,219
112,219
113,219
114,219
115,219
116,219
117,219
118,219
120,219
121,219
122,219
124,219
125,219
126,219
128,219
129,219
130,219
132,219
133,219
134,219
136,219
137,219
138,219
140,219
142,219
144,219
146,219
148,219
149,219
150,219
152,219
153,219
154,219
156,219
157,219
158,219
160,219
161,219
162,219
164,219
166,219
168,219
170,219
172,219
176,219
178,219
180,219
182,219
184,219
188,219
190,219
192,219
193,219
194,219
196,219
198,219
200,219
201,219
202,219
204,219
206,219
208,219
210,219
212,219
214,219
216,219
218,219
220,219
222,219
224,219
225,219
226,219
228,219
229,219
230,219
232,219
233,219
234,219
236,219
237,219
238,219
240,219
241,219
242,219
244,219
245,219
246,219
248,219
249,219
250,219
252,219
253,219
254,219
256,219
257,219
258,219
260,219
261,219
262,219
264,219
265,219
266,219
268,219
269,219
270,219
272,219
273,219
274,219
276,219
277,219
278,219
280,219
281,219
282,219
284,219
285,219
286,219
288,219
289,219
290,219
291,219
292,219
293,219
294,219
295,219
296,219
297,219
298,219
299,219
300,219
301,219
302,219
303,219
304,219
305,219
306,219
307,219
308,219
309,219
310,219
311,219
312,219
313,219
314,219
315,219
316,219
317,219
318,219
319,219
320,219
321,219
322,219
323,219
324,219
325,219
326,219
327,219
328,219
329,219
73,220
75,220
77,220
79,220
81,220
83,220
85,220
87,220
88,220
89,220
91,220
92,220
93,220
95,220
96,220
97,220
99,220
100,220
101,220
103,220
105,220
107,220
109,220
111,220
113,220
115,220
117,220
119,220
121,220
123,220
125,220
127,220
129,220
131,220
133,220
135,220
137,220
139,220
141,220
145,220
149,220
151,220
153,220
155,220
157,220
159,220
161,220
163,220
165,220
167,220
177,220
189,220
191,220
193,220
195,220
197,220
199,220
201,220
203,220
205,220
209,220
213,220
221,220
223,220
225,220
227,220
229,220
231,220
233,220
235,220
237,220
239,220
241,220
243,220
245,220
247,220
249,220
251,220
253,220
255,220
257,220
259,220
261,220
263,220
265,220
267,220
269,220
271,220
273,220
275,220
277,220
279,220
281,220
283,220
285,220
287,220
289,220
291,220
293,220
295,220
297,220
299,220
301,220
303,220
304,220
305,220
307,220
308,220
309,220
311,220
312,220
313,220
315,220
317,220
319,220
321,220
323,220
325,220
327,220
329,220
70,221
72,221
74,221
76,221
78,221
79,221
80,221
81,221
82,221
83,221
84,221
85,221
86,221
87,221
88,221
89,221
90,221
91,221
92,221
93,221
94,221
95,221
96,221
97,221
98,221
99,221
100,221
101,221
102,221
103,221
104,221
105,221
106,221
107,221
108,221
109,221
110,221
111,221
112,221
113,221
114,221
115,221
116,221
117,221
118,221
119,221
120,221
122,221
123,221
124,221
125,221
126,221
127,221
128,221
129,221
130,221
131,221
132,221
133,221
134,221
135,221
136,221
138,221
139,221
140,221
142,221
144,221
146,221
148,221
149,221
150,221
151,221
152,221
154,221
155,221
156,221
158,221
159,221
160,221
162,221
163,221
164,221
166,221
167,221
168,221
170,221
172,221
174,221
176,221
178,221
180,221
182,221
184,221
186,221
188,221
190,221
191,221
192,221
194,221
195,221
196,221
198,221
199,221
200,221
202,221
203,221
204,221
206,221
208,221
210,221
212,221
214,221
216,221
218,221
220,221
222,221
223,221
224,221
225,221
226,221
227,221
228,221
229,221
230,221
231,221
232,221
233,221
234,221
235,221
236,221
237,221
238,221
239,221
240,221
242,221
243,221
244,221
246,221
247,221
248,221
250,221
251,221
252,221
253,221
254,221
255,221
256,221
257,221
258,221
259,221
260,221
261,221
262,221
263,221
264,221
265,221
266,221
267,221
268,221
269,221
270,221
271,221
272,221
273,221
274,221
275,221
276,221
277,221
278,221
279,221
280,221
281,221
282,221
283,221
284,221
285,221
286,221
287,221
288,221
289,221
290,221
291,221
292,221
293,221
294,221
295,221
296,221
297,221
298,221
299,221
300,221
301,221
302,221
303,221
304,221
305,221
306,221
307,221
308,221
309,221
310,221
311,221
312,221
313,221
314,221
315,221
316,221
317,221
318,221
319,221
320,221
321,221
322,221
323,221
324,221
325,221
326,221
327,221
328,221
329,221
71,222
75,222
77,222
79,222
81,222
83,222
85,222
86,222
87,222
88,222
89,222
90,222
91,222
92,222
93,222
94,222
95,222
96,222
97,222
98,222
99,222
101,222
102,222
103,222
105,222
107,222
109,222
111,222
113,222
115,222
117,222
119,222
121,222
123,222
125,222
127,222
129,222
131,222
133,222
135,222
137,222
139,222
141,222
143,222
145,222
147,222
149,222
151,222
153,222
155,222
157,222
159,222
161,222
163,222
165,222
167,222
171,222
183,222
185,222
187,222
189,222
191,222
193,222
195,222
197,222
199,222
201,222
203,222
205,222
207,222
211,222
213,222
215,222
219,222
221,222
223,222
225,222
226,222
227,222
229,222
231,222
233,222
235,222
237,222
239,222
241,222
243,222
245,222
247,222
249,222
251,222
253,222
255,222
257,222
259,222
261,222
263,222
265,222
267,222
269,222
271,222
273,222
275,222
277,222
279,222
281,222
283,222
285,222
287,222
289,222
291,222
293,222
295,222
297,222
299,222
301,222
302,222
303,222
305,222
306,222
307,222
309,222
310,222
311,222
313,222
314,222
315,222
317,222
318,222
319,222
321,222
322,222
323,222
325,222
326,222
327,222
329,222
70,223
72,223
74,223
76,223
77,223
78,223
80,223
81,223
82,223
83,223
84,223
85,223
86,223
87,223
88,223
89,223
90,223
91,223
92,223
93,223
94,223
95,223
96,223
97,223
98,223
99,223
100,223
101,223
102,223
103,223
104,223
105,223
106,223
107,223
108,223
109,223
110,223
111,223
112,223
113,223
114,223
115,223
116,223
117,223
118,223
120,223
121,223
122,223
124,223
125,223
126,223
127,223
128,223
129,223
130,223
131,223
132,223
133,223
134,223
136,223
137,223
138,223
140,223
141,223
142,223
144,223
145,223
146,223
148,223
149,223
150,223
152,223
154,223
156,223
158,223
160,223
162,223
164,223
166,223
168,223
170,223
172,223
174,223
176,223
178,223
180,223
182,223
184,223
186,223
188,223
190,223
192,223
194,223
196,223
198,223
200,223
202,223
204,223
206,223
208,223
210,223
212,223
214,223
216,223
218,223
220,223
222,223
223,223
224,223
225,223
226,223
227,223
228,223
229,223
230,223
231,223
232,223
233,223
234,223
236,223
237,223
238,223
240,223
241,223
242,223
244,223
245,223
246,223
248,223
249,223
250,223
252,223
253,223
254,223
256,223
257,223
258,223
260,223
261,223
262,223
264,223
265,223
266,223
268,223
269,223
270,223
271,223
272,223
273,223
274,223
276,223
277,223
278,223
280,223
281,223
282,223
284,223
285,223
286,223
288,223
289,223
290,223
292,223
293,223
294,223
295,223
296,223
297,223
298,223
299,223
300,223
301,223
302,223
303,223
304,223
305,223
306,223
307,223
308,223
309,223
310,223
311,223
312,223
313,223
314,223
315,223
316,223
317,223
318,223
319,223
320,223
321,223
322,223
323,223
324,223
325,223
326,223
327,223
328,223
329,223
73,224
75,224
77,224
79,224
81,224
83,224
84,224
85,224
87,224
88,224
89,224
91,224
92,224
93,224
95,224
96,224
97,224
99,224
100,224
101,224
103,224
105,224
107,224
109,224
111,224
113,224
115,224
117,224
119,224
121,224
123,224
125,224
127,224
129,224
131,224
133,224
135,224
137,224
139,224
141,224
145,224
149,224
151,224
153,224
155,224
157,224
159,224
161,224
163,224
165,224
167,224
169,224
173,224
181,224
183,224
185,224
187,224
189,224
191,224
193,224
195,224
197,224
199,224
201,224
203,224
205,224
209,224
213,224
217,224
219,224
221,224
223,224
225,224
227,224
229,224
231,224
233,224
235,224
237,224
239,224
241,224
243,224
245,224
247,224
249,224
251,224
253,224
255,224
257,224
259,224
261,224
263,224
265,224
267,224
269,224
271,224
273,224
275,224
277,224
279,224
281,224
283,224
285,224
287,224
289,224
291,224
293,224
295,224
297,224
299,224
301,224
303,224
304,224
305,224
307,224
308,224
309,224
311,224
313,224
315,224
317,224
319,224
321,224
323,224
325,224
327,224
329,224
70,225
72,225
74,225
76,225
78,225
79,225
80,225
81,225
82,225
83,225
84,225
85,225
86,225
87,225
88,225
89,225
90,225
91,225
92,225
93,225
94,225
95,225
96,225
97,225
98,225
99,225
100,225
101,225
102,225
103,225
104,225
105,225
106,225
107,225
108,225
109,225
110,225
111,225
112,225
113,225
114,225
115,225
116,225
117,225
118,225
119,225
120,225
121,225
122,225
123,225
124,225
125,225
126,225
127,225
128,225
129,225
130,225
131,225
132,225
133,225
134,225
135,225
136,225
138,225
139,225
140,225
141,225
142,225
144,225
146,225
148,225
149,225
150,225
151,225
152,225
154,225
156,225
158,225
160,225
162,225
164,225
166,225
168,225
170,225
172,225
174,225
176,225
178,225
180,225
182,225
183,225
184,225
186,225
187,225
188,225
190,225
192,225
194,225
196,225
198,225
200,225
202,225
204,225
206,225
208,225
210,225
212,225
214,225
216,225
218,225
220,225
221,225
222,225
223,225
224,225
225,225
226,225
227,225
228,225
229,225
230,225
231,225
232,225
233,225
234,225
235,225
236,225
237,225
238,225
239,225
240,225
242,225
243,225
244,225
246,225
247,225
248,225
250,225
251,225
252,225
253,225
254,225
255,225
256,225
257,225
258,225
259,225
260,225
262,225
263,225
264,225
265,225
266,225
267,225
268,225
269,225
270,225
271,225
272,225
273,225
274,225
275,225
276,225
277,225
278,225
279,225
280,225
281,225
282,225
283,225
284,225
285,225
286,225
287,225
288,225
289,225
290,225
291,225
292,225
293,225
294,225
295,225
296,225
297,225
298,225
299,225
300,225
301,225
302,225
303,225
304,225
305,225
306,225
307,225
308,225
309,225
310,225
311,225
312,225
313,225
314,225
315,225
316,225
317,225
318,225
319,225
320,225
321,225
322,225
323,225
324,225
325,225
326,225
327,225
328,225
329,225
71,226
73,226
75,226
77,226
79,226
81,226
83,226
85,226
86,226
87,226
88,226
89,226
90,226
91,226
92,226
93,226
94,226
95,226
97,226
98,226
99,226
101,226
103,226
105,226
107,226
109,226
110,226
111,226
113,226
114,226
115,226
117,226
119,226
121,226
123,226
125,226
127,226
129,226
131,226
133,226
135,226
137,226
139,226
141,226
143,226
145,226
147,226
149,226
151,226
153,226
155,226
157,226
159,226
161,226
163,226
165,226
167,226
169,226
171,226
173,226
175,226
177,226
179,226
181,226
183,226
185,226
187,226
189,226
191,226
193,226
195,226
199,226
201,226
203,226
205,226
207,226
209,226
211,226
213,226
215,226
219,226
221,226
222,226
223,226
225,226
226,226
227,226
229,226
230,226
231,226
233,226
234,226
235,226
237,226
239,226
241,226
243,226
245,226
247,226
249,226
251,226
253,226
255,226
257,226
259,226
261,226
263,226
265,226
267,226
269,226
271,226
273,226
275,226
277,226
279,226
281,226
283,226
285,226
287,226
289,226
291,226
293,226
295,226
297,226
299,226
301,226
302,226
303,226
305,226
306,226
307,226
309,226
310,226
311,226
313,226
314,226
315,226
317,226
318,226
319,226
321,226
322,226
323,226
325,226
326,226
327,226
329,226
70,227
72,227
74,227
76,227
77,227
78,227
80,227
81,227
82,227
83,227
84,227
85,227
86,227
87,227
88,227
89,227
90,227
91,227
92,227
93,227
94,227
95,227
96,227
97,227
98,227
99,227
100,227
101,227
102,227
103,227
104,227
105,227
106,227
107,227
108,227
109,227
110,227
111,227
112,227
113,227
114,227
115,227
116,227
117,227
118,227
120,227
121,227
122,227
123,227
124,227
125,227
126,227
127,227
128,227
129,227
130,227
131,227
132,227
133,227
134,227
136,227
137,227
138,227
140,227
141,227
142,227
144,227
146,227
148,227
150,227
152,227
154,227
156,227
158,227
160,227
162,227
164,227
166,227
168,227
170,227
172,227
174,227
176,227
178,227
180,227
181,227
182,227
184,227
186,227
188,227
190,227
192,227
194,227
196,227
198,227
200,227
202,227
204,227
206,227
208,227
210,227
212,227
214,227
216,227
218,227
219,227
220,227
221,227
222,227
223,227
224,227
225,227
226,227
227,227
228,227
229,227
230,227
231,227
232,227
233,227
234,227
235,227
236,227
237,227
238,227
240,227
241,227
242,227
244,227
245,227
246,227
248,227
249,227
250,227
252,227
253,227
254,227
256,227
257,227
258,227
260,227
261,227
262,227
264,227
265,227
266,227
268,227
269,227
270,227
271,227
272,227
273,227
274,227
276,227
277,227
278,227
280,227
281,227
282,227
284,227
285,227
286,227
288,227
289,227
290,227
291,227
292,227
293,227
294,227
295,227
296,227
297,227
298,227
299,227
300,227
301,227
302,227
303,227
304,227
305,227
306,227
307,227
308,227
309,227
310,227
311,227
312,227
313,227
314,227
315,227
316,227
317,227
318,227
319,227
320,227
321,227
322,227
323,227
324,227
325,227
326,227
327,227
328,227
329,227
73,228
75,228
77,228
79,228
81,228
83,228
85,228
87,228
88,228
89,228
91,228
92,228
93,228
95,228
96,228
97,228
99,228
101,228
103,228
105,228
107,228
109,228
111,228
113,228
115,228
117,228
119,228
121,228
123,228
125,228
127,228
129,228
131,228
133,228
135,228
137,228
139,228
141,228
143,228
145,228
149,228
151,228
153,228
157,228
161,228
165,228
169,228
171,228
173,228
175,228
177,228
179,228
181,228
183,228
185,228
187,228
189,228
193,228
197,228
201,228
203,228
205,228
209,228
213,228
219,228
221,228
223,228
225,228
227,228
228,228
229,228
231,228
233,228
235,228
237,228
239,228
241,228
243,228
245,228
247,228
249,228
251,228
253,228
255,228
257,228
259,228
261,228
263,228
265,228
267,228
269,228
271,228
273,228
275,228
277,228
279,228
281,228
283,228
285,228
287,228
289,228
291,228
293,228
295,228
297,228
299,228
301,228
303,228
305,228
307,228
309,228
311,228
313,228
315,228
317,228
319,228
321,228
323,228
325,228
327,228
329,228
70,229
72,229
74,229
76,229
78,229
79,229
80,229
81,229
82,229
83,229
84,229
85,229
86,229
87,229
88,229
89,229
90,229
91,229
92,229
93,229
94,229
95,229
96,229
97,229
98,229
99,229
100,229
101,229
102,229
103,229
104,229
105,229
106,229
107,229
108,229
109,229
110,229
111,229
112,229
113,229
114,229
115,229
116,229
117,229
118,229
119,229
120,229
121,229
122,229
123,229
124,229
125,229
126,229
127,229
128,229
129,229
130,229
131,229
132,229
133,229
134,229
135,229
136,229
137,229
138,229
139,229
140,229
141,229
142,229
143,229
144,229
146,229
148,229
150,229
151,229
152,229
154,229
156,229
158,229
160,229
162,229
164,229
166,229
168,229
170,229
172,229
174,229
176,229
178,229
179,229
180,229
182,229
183,229
184,229
186,229
188,229
190,229
192,229
194,229
196,229
198,229
200,229
202,229
204,229
206,229
208,229
210,229
212,229
214,229
216,229
218,229
219,229
220,229
221,229
222,229
223,229
224,229
225,229
226,229
227,229
228,229
229,229
230,229
231,229
232,229
233,229
234,229
235,229
236,229
237,229
238,229
239,229
240,229
241,229
242,229
243,229
244,229
245,229
246,229
247,229
248,229
250,229
251,229
252,229
254,229
255,229
256,229
258,229
259,229
260,229
262,229
263,229
264,229
265,229
266,229
267,229
268,229
269,229
270,229
271,229
272,229
273,229
274,229
275,229
276,229
277,229
278,229
279,229
280,229
281,229
282,229
283,229
284,229
285,229
286,229
287,229
288,229
289,229
290,229
291,229
292,229
293,229
294,229
295,229
296,229
297,229
298,229
299,229
300,229
301,229
302,229
303,229
304,229
305,229
306,229
307,229
308,229
309,229
310,229
311,229
312,229
313,229
314,229
315,229
316,229
317,229
318,229
319,229
320,229
321,229
322,229
323,229
324,229
325,229
326,229
327,229
328,229
329,229
71,230
73,230
75,230
77,230
79,230
81,230
83,230
85,230
86,230
87,230
89,230
90,230
91,230
93,230
94,230
95,230
97,230
99,230
101,230
103,230
105,230
107,230
109,230
110,230
111,230
113,230
114,230
115,230
117,230
119,230
121,230
123,230
125,230
126,230
127,230
129,230
131,230
133,230
135,230
137,230
139,230
141,230
143,230
145,230
147,230
149,230
151,230
153,230
155,230
157,230
159,230
161,230
163,230
167,230
169,230
171,230
173,230
175,230
177,230
179,230
181,230
183,230
187,230
195,230
199,230
201,230
203,230
205,230
207,230
209,230
211,230
215,230
217,230
218,230
219,230
221,230
222,230
223,230
225,230
226,230
227,230
229,230
230,230
231,230
233,230
234,230
235,230
237,230
239,230
241,230
243,230
245,230
247,230
249,230
251,230
253,230
255,230
257,230
259,230
261,230
263,230
265,230
267,230
269,230
271,230
273,230
275,230
277,230
279,230
281,230
283,230
285,230
287,230
289,230
291,230
293,230
295,230
297,230
299,230
301,230
302,230
303,230
305,230
306,230
307,230
309,230
310,230
311,230
313,230
314,230
315,230
317,230
318,230
319,230
321,230
322,230
323,230
325,230
326,230
327,230
329,230
70,231
72,231
74,231
76,231
78,231
80,231
81,231
82,231
84,231
85,231
86,231
87,231
88,231
89,231
90,231
91,231
92,231
93,231
94,231
95,231
96,231
97,231
98,231
99,231
100,231
101,231
102,231
103,231
104,231
105,231
106,231
107,231
108,231
109,231
110,231
111,231
112,231
113,231
114,231
115,231
116,231
117,231
118,231
119,231
120,231
121,231
122,231
123,231
124,231
125,231
126,231
127,231
128,231
129,231
130,231
131,231
132,231
133,231
134,231
136,231
137,231
138,231
139,231
140,231
141,231
142,231
143,231
144,231
145,231
146,231
148,231
150,231
152,231
154,231
156,231
158,231
160,231
162,231
164,231
166,231
168,231
170,231
172,231
174,231
176,231
178,231
180,231
182,231
184,231
186,231
188,231
190,231
192,231
194,231
196,231
198,231
200,231
202,231
204,231
206,231
208,231
210,231
212,231
214,231
216,231
217,231
218,231
219,231
220,231
221,231
222,231
223,231
224,231
225,231
226,231
227,231
228,231
229,231
230,231
231,231
232,231
233,231
234,231
235,231
236,231
237,231
238,231
239,231
240,231
241,231
242,231
244,231
245,231
246,231
248,231
249,231
250,231
252,231
253,231
254,231
256,231
257,231
258,231
260,231
261,231
262,231
264,231
265,231
266,231
268,231
269,231
270,231
272,231
273,231
274,231
276,231
277,231
278,231
280,231
281,231
282,231
283,231
284,231
285,231
286,231
287,231
288,231
289,231
290,231
291,231
292,231
293,231
294,231
295,231
296,231
297,231
298,231
300,231
301,231
302,231
303,231
304,231
305,231
306,231
307,231
308,231
309,231
310,231
311,231
312,231
313,231
314,231
315,231
316,231
317,231
318,231
319,231
320,231
321,231
322,231
323,231
324,231
325,231
326,231
327,231
328,231
329,231
71,232
73,232
75,232
77,232
79,232
81,232
83,232
85,232
87,232
89,232
91,232
93,232
95,232
97,232
99,232
101,232
103,232
105,232
107,232
109,232
111,232
113,232
115,232
117,232
119,232
121,232
123,232
125,232
127,232
129,232
131,232
133,232
135,232
137,232
139,232
141,232
143,232
145,232
151,232
153,232
157,232
159,232
161,232
165,232
173,232
175,232
177,232
179,232
181,232
183,232
185,232
187,232
189,232
193,232
195,232
197,232
199,232
201,232
205,232
209,232
217,232
219,232
221,232
223,232
225,232
227,232
229,232
231,232
233,232
235,232
237,232
239,232
241,232
243,232
245,232
247,232
249,232
251,232
253,232
255,232
257,232
259,232
261,232
263,232
265,232
267,232
269,232
271,232
273,232
275,232
277,232
279,232
281,232
283,232
285,232
287,232
289,232
291,232
293,232
295,232
297,232
299,232
301,232
303,232
305,232
307,232
309,232
311,232
313,232
315,232
317,232
319,232
321,232
323,232
325,232
327,232
329,232
70,233
71,233
72,233
74,233
75,233
76,233
78,233
79,233
80,233
81,233
82,233
83,233
84,233
85,233
86,233
87,233
88,233
89,233
90,233
91,233
92,233
93,233
94,233
95,233
96,233
97,233
98,233
99,233
100,233
101,233
102,233
103,233
104,233
105,233
106,233
107,233
108,233
109,233
110,233
111,233
112,233
113,233
114,233
115,233
116,233
117,233
118,233
119,233
120,233
121,233
122,233
123,233
124,233
125,233
126,233
127,233
128,233
129,233
130,233
131,233
132,233
133,233
134,233
135,233
136,233
137,233
138,233
139,233
140,233
141,233
142,233
143,233
144,233
145,233
146,233
147,233
148,233
150,233
152,233
154,233
156,233
158,233
160,233
162,233
164,233
166,233
168,233
170,233
172,233
174,233
175,233
176,233
178,233
179,233
180,233
181,233
182,233
183,233
184,233
186,233
188,233
190,233
192,233
194,233
195,233
196,233
198,233
200,233
202,233
204,233
206,233
208,233
210,233
212,233
214,233
216,233
217,233
218,233
219,233
220,233
221,233
222,233
223,233
224,233
225,233
226,233
227,233
228,233
229,233
230,233
231,233
232,233
233,233
234,233
235,233
236,233
237,233
238,233
239,233
240,233
241,233
242,233
243,233
244,233
245,233
246,233
247,233
248,233
249,233
250,233
251,233
252,233
253,233
254,233
255,233
256,233
258,233
259,233
260,233
262,233
263,233
264,233
265,233
266,233
267,233
268,233
269,233
270,233
271,233
272,233
273,233
274,233
275,233
276,233
277,233
278,233
279,233
280,233
281,233
282,233
283,233
284,233
285,233
286,233
287,233
288,233
289,233
290,233
291,233
292,233
293,233
294,233
295,233
296,233
297,233
298,233
299,233
300,233
301,233
302,233
303,233
304,233
305,233
306,233
307,233
308,233
309,233
310,233
311,233
312,233
313,233
314,233
315,233
316,233
317,233
318,233
319,233
320,233
321,233
322,233
323,233
324,233
325,233
326,233
327,233
328,233
329,233
71,234
73,234
75,234
77,234
79,234
81,234
83,234
85,234
87,234
89,234
91,234
93,234
95,234
97,234
99,234
101,234
103,234
105,234
107,234
109,234
111,234
113,234
114,234
115,234
117,234
119,234
121,234
123,234
125,234
127,234
129,234
131,234
133,234
135,234
137,234
139,234
141,234
143,234
145,234
146,234
147,234
149,234
151,234
153,234
155,234
157,234
159,234
161,234
163,234
165,234
167,234
169,234
171,234
173,234
175,234
177,234
179,234
181,234
183,234
185,234
187,234
189,234
191,234
193,234
195,234
197,234
199,234
201,234
203,234
207,234
211,234
215,234
217,234
218,234
219,234
221,234
222,234
223,234
225,234
226,234
227,234
229,234
230,234
231,234
233,234
234,234
235,234
237,234
238,234
239,234
241,234
242,234
243,234
245,234
247,234
249,234
251,234
253,234
255,234
257,234
259,234
261,234
263,234
265,234
267,234
269,234
271,234
273,234
275,234
277,234
279,234
281,234
283,234
285,234
287,234
289,234
291,234
293,234
295,234
297,234
299,234
301,234
302,234
303,234
305,234
306,234
307,234
309,234
310,234
311,234
313,234
314,234
315,234
317,234
318,234
319,234
321,234
322,234
323,234
325,234
326,234
327,234
329,234
70,235
72,235
73,235
74,235
76,235
77,235
78,235
80,235
81,235
82,235
84,235
85,235
86,235
88,235
89,235
90,235
92,235
93,235
94,235
95,235
96,235
97,235
98,235
100,235
101,235
102,235
104,235
105,235
106,235
107,235
108,235
109,235
110,235
111,235
112,235
113,235
114,235
115,235
116,235
117,235
118,235
119,235
120,235
121,235
122,235
123,235
124,235
125,235
126,235
128,235
129,235
130,235
132,235
133,235
134,235
136,235
137,235
138,235
139,235
140,235
141,235
142,235
143,235
144,235
145,235
146,235
147,235
148,235
149,235
150,235
152,235
154,235
156,235
158,235
160,235
162,235
164,235
166,235
168,235
170,235
172,235
174,235
176,235
178,235
180,235
182,235
184,235
185,235
186,235
188,235
190,235
192,235
194,235
196,235
198,235
200,235
202,235
204,235
206,235
208,235
210,235
212,235
214,235
216,235
217,235
218,235
219,235
220,235
221,235
222,235
223,235
224,235
225,235
226,235
227,235
228,235
229,235
230,235
231,235
232,235
233,235
234,235
235,235
236,235
237,235
238,235
239,235
240,235
241,235
242,235
243,235
244,235
245,235
246,235
247,235
248,235
249,235
250,235
251,235
252,235
253,235
254,235
256,235
257,235
258,235
260,235
261,235
262,235
264,235
265,235
266,235
268,235
269,235
270,235
272,235
273,235
274,235
276,235
277,235
278,235
279,235
280,235
281,235
282,235
283,235
284,235
285,235
286,235
287,235
288,235
289,235
290,235
291,235
292,235
293,235
294,235
295,235
296,235
297,235
298,235
299,235
300,235
301,235
302,235
303,235
304,235
305,235
306,235
307,235
308,235
309,235
310,235
311,235
312,235
313,235
314,235
315,235
316,235
317,235
318,235
319,235
320,235
321,235
322,235
323,235
324,235
325,235
326,235
327,235
328,235
329,235
71,236
73,236
75,236
77,236
79,236
81,236
83,236
85,236
87,236
89,236
91,236
93,236
95,236
97,236
99,236
101,236
103,236
105,236
107,236
109,236
111,236
113,236
115,236
117,236
119,236
121,236
123,236
125,236
127,236
129,236
131,236
133,236
135,236
137,236
139,236
141,236
143,236
145,236
147,236
149,236
153,236
157,236
161,236
163,236
165,236
167,236
169,236
171,236
173,236
175,236
177,236
179,236
181,236
183,236
185,236
187,236
189,236
191,236
193,236
195,236
197,236
199,236
201,236
205,236
209,236
217,236
219,236
221,236
223,236
225,236
227,236
229,236
231,236
233,236
235,236
237,236
239,236
241,236
243,236
245,236
247,236
249,236
251,236
253,236
255,236
257,236
259,236
261,236
263,236
265,236
267,236
269,236
271,236
273,236
275,236
277,236
279,236
281,236
283,236
285,236
287,236
289,236
291,236
293,236
295,236
297,236
299,236
301,236
303,236
305,236
307,236
309,236
311,236
313,236
315,236
317,236
319,236
321,236
323,236
325,236
327,236
329,236
70,237
71,237
72,237
73,237
74,237
75,237
76,237
77,237
78,237
79,237
80,237
81,237
82,237
83,237
84,237
85,237
86,237
87,237
88,237
89,237
90,237
91,237
92,237
93,237
94,237
95,237
96,237
97,237
98,237
99,237
100,237
101,237
102,237
103,237
104,237
105,237
106,237
107,237
108,237
109,237
110,237
111,237
112,237
113,237
114,237
115,237
116,237
117,237
118,237
119,237
120,237
121,237
122,237
123,237
124,237
125,237
126,237
127,237
128,237
129,237
130,237
131,237
132,237
133,237
134,237
135,237
136,237
137,237
138,237
139,237
140,237
141,237
142,237
143,237
144,237
145,237
146,237
147,237
148,237
149,237
150,237
152,237
154,237
156,237
158,237
160,237
162,237
164,237
166,237
168,237
170,237
172,237
174,237
176,237
178,237
180,237
182,237
184,237
186,237
187,237
188,237
190,237
192,237
194,237
195,237
196,237
198,237
199,237
200,237
202,237
204,237
206,237
208,237
210,237
212,237
214,237
216,237
217,237
218,237
219,237
220,237
221,237
222,237
223,237
224,237
225,237
226,237
227,237
228,237
229,237
230,237
231,237
232,237
233,237
234,237
235,237
236,237
237,237
238,237
239,237
240,237
241,237
242,237
243,237
244,237
245,237
246,237
247,237
248,237
249,237
250,237
251,237
252,237
253,237
254,237
255,237
256,237
257,237
258,237
259,237
260,237
261,237
262,237
263,237
264,237
265,237
266,237
267,237
268,237
269,237
270,237
271,237
272,237
273,237
274,237
275,237
276,237
277,237
278,237
279,237
280,237
281,237
282,237
283,237
284,237
285,237
286,237
287,237
288,237
289,237
290,237
291,237
292,237
293,237
294,237
295,237
296,237
297,237
298,237
299,237
300,237
301,237
302,237
303,237
304,237
305,237
306,237
307,237
308,237
309,237
310,237
311,237
312,237
313,237
314,237
315,237
316,237
317,237
318,237
319,237
320,237
321,237
322,237
323,237
324,237
325,237
326,237
327,237
328,237
329,237
71,238
73,238
75,238
77,238
78,238
79,238
81,238
83,238
85,238
87,238
89,238
91,238
93,238
95,238
97,238
99,238
101,238
103,238
105,238
107,238
109,238
111,238
113,238
115,238
117,238
119,238
121,238
123,238
125,238
127,238
129,238
131,238
133,238
135,238
137,238
139,238
141,238
142,238
143,238
145,238
146,238
147,238
149,238
151,238
155,238
157,238
159,238
161,238
163,238
165,238
167,238
169,238
171,238
173,238
175,238
177,238
179,238
183,238
185,238
187,238
189,238
191,238
193,238
195,238
197,238
199,238
201,238
203,238
207,238
211,238
215,238
217,238
218,238
219,238
221,238
222,238
223,238
225,238
226,238
227,238
229,238
230,238
231,238
233,238
234,238
235,238
237,238
238,238
239,238
241,238
242,238
243,238
245,238
246,238
247,238
249,238
250,238
251,238
253,238
254,238
255,238
257,238
259,238
261,238
263,238
265,238
267,238
269,238
271,238
273,238
275,238
277,238
279,238
281,238
283,238
285,238
287,238
289,238
291,238
293,238
294,238
295,238
297,238
299,238
301,238
302,238
303,238
305,238
306,238
307,238
309,238
310,238
311,238
313,238
314,238
315,238
317,238
318,238
319,238
321,238
322,238
323,238
325,238
326,238
327,238
329,238
70,239
71,239
72,239
73,239
74,239
75,239
76,239
77,239
78,239
79,239
80,239
81,239
82,239
83,239
84,239
85,239
86,239
87,239
88,239
89,239
90,239
91,239
92,239
93,239
94,239
95,239
96,239
97,239
98,239
99,239
100,239
101,239
102,239
103,239
104,239
105,239
106,239
107,239
108,239
109,239
110,239
111,239
112,239
113,239
114,239
115,239
116,239
117,239
118,239
119,239
120,239
121,239
122,239
123,239
124,239
125,239
126,239
128,239
129,239
130,239
132,239
133,239
134,239
135,239
136,239
137,239
138,239
139,239
140,239
141,239
142,239
143,239
144,239
145,239
146,239
147,239
148,239
149,239
150,239
152,239
154,239
156,239
158,239
160,239
162,239
164,239
166,239
168,239
170,239
172,239
174,239
176,239
178,239
180,239
182,239
184,239
186,239
188,239
190,239
192,239
194,239
196,239
197,239
198,239
200,239
202,239
204,239
206,239
208,239
210,239
212,239
214,239
216,239
217,239
218,239
219,239
220,239
221,239
222,239
223,239
224,239
225,239
226,239
227,239
228,239
229,239
230,239
231,239
232,239
233,239
234,239
235,239
236,239
237,239
238,239
239,239
240,239
241,239
242,239
243,239
244,239
245,239
246,239
247,239
248,239
249,239
250,239
251,239
252,239
253,239
254,239
255,239
256,239
257,239
258,239
259,239
260,239
261,239
262,239
263,239
264,239
265,239
266,239
267,239
268,239
269,239
270,239
271,239
272,239
273,239
274,239
275,239
276,239
277,239
278,239
279,239
280,239
281,239
282,239
283,239
284,239
285,239
286,239
287,239
288,239
289,239
290,239
291,239
292,239
293,239
294,239
295,239
296,239
297,239
298,239
299,239
300,239
301,239
302,239
303,239
304,239
305,239
306,239
307,239
308,239
309,239
310,239
311,239
312,239
313,239
314,239
315,239
316,239
317,239
318,239
319,239
320,239
321,239
322,239
323,239
324,239
325,239
326,239
327,239
328,239
329,239
71,240
73,240
75,240
77,240
79,240
81,240
83,240
85,240
87,240
89,240
91,240
93,240
95,240
97,240
99,240
101,240
103,240
105,240
107,240
109,240
111,240
113,240
115,240
117,240
119,240
121,240
123,240
125,240
127,240
129,240
131,240
133,240
135,240
137,240
139,240
141,240
143,240
145,240
147,240
149,240
151,240
153,240
157,240
161,240
163,240
165,240
167,240
169,240
173,240
177,240
181,240
185,240
189,240
191,240
193,240
195,240
197,240
199,240
201,240
205,240
209,240
215,240
217,240
219,240
221,240
223,240
224,240
225,240
227,240
228,240
229,240
231,240
232,240
233,240
235,240
237,240
239,240
241,240
243,240
245,240
247,240
249,240
251,240
253,240
255,240
257,240
259,240
261,240
263,240
265,240
267,240
269,240
271,240
273,240
275,240
277,240
279,240
281,240
283,240
285,240
287,240
289,240
291,240
293,240
295,240
297,240
299,240
301,240
303,240
305,240
307,240
309,240
311,240
313,240
315,240
317,240
319,240
321,240
323,240
325,240
327,240
329,240
70,241
71,241
72,241
73,241
74,241
75,241
76,241
77,241
78,241
79,241
80,241
81,241
82,241
83,241
84,241
85,241
86,241
87,241
88,241
89,241
90,241
91,241
92,241
93,241
94,241
95,241
96,241
97,241
98,241
99,241
100,241
101,241
102,241
103,241
104,241
105,241
106,241
107,241
108,241
109,241
110,241
111,241
112,241
113,241
114,241
115,241
116,241
117,241
118,241
119,241
120,241
121,241
122,241
123,241
124,241
125,241
126,241
127,241
128,241
129,241
130,241
131,241
132,241
133,241
134,241
135,241
136,241
137,241
138,241
139,241
140,241
141,241
142,241
143,241
144,241
145,241
146,241
147,241
148,241
149,241
150,241
151,241
152,241
154,241
156,241
158,241
160,241
162,241
164,241
166,241
168,241
170,241
172,241
174,241
176,241
178,241
180,241
182,241
184,241
186,241
188,241
190,241
191,241
192,241
194,241
195,241
196,241
198,241
200,241
202,241
204,241
206,241
208,241
210,241
212,241
214,241
215,241
216,241
217,241
218,241
219,241
220,241
221,241
222,241
223,241
224,241
225,241
226,241
227,241
228,241
229,241
230,241
231,241
232,241
233,241
234,241
235,241
236,241
237,241
238,241
239,241
240,241
241,241
242,241
243,241
244,241
245,241
246,241
247,241
248,241
249,241
250,241
251,241
252,241
253,241
254,241
255,241
256,241
257,241
258,241
259,241
260,241
261,241
262,241
263,241
264,241
265,241
266,241
267,241
268,241
269,241
270,241
271,241
272,241
273,241
274,241
275,241
276,241
277,241
278,241
279,241
280,241
281,241
282,241
283,241
284,241
285,241
286,241
287,241
288,241
289,241
290,241
291,241
292,241
293,241
294,241
295,241
296,241
297,241
298,241
299,241
300,241
301,241
302,241
303,241
304,241
305,241
306,241
307,241
308,241
309,241
310,241
311,241
312,241
313,241
314,241
315,241
316,241
317,241
318,241
319,241
320,241
321,241
322,241
323,241
324,241
325,241
326,241
327,241
328,241
329,241
71,242
73,242
75,242
77,242
79,242
81,242
83,242
85,242
87,242
89,242
91,242
93,242
95,242
97,242
99,242
101,242
103,242
105,242
107,242
109,242
111,242
113,242
115,242
117,242
119,242
121,242
123,242
125,242
127,242
129,242
131,242
133,242
135,242
137,242
138,242
139,242
141,242
142,242
143,242
145,242
146,242
147,242
149,242
151,242
153,242
155,242
159,242
161,242
163,242
165,242
167,242
169,242
171,242
173,242
175,242
177,242
179,242
181,242
183,242
185,242
187,242
189,242
191,242
193,242
195,242
197,242
199,242
201,242
203,242
207,242
215,242
217,242
218,242
219,242
221,242
222,242
223,242
225,242
226,242
227,242
229,242
230,242
231,242
233,242
234,242
235,242
237,242
238,242
239,242
241,242
242,242
243,242
245,242
246,242
247,242
249,242
250,242
251,242
253,242
254,242
255,242
257,242
258,242
259,242
261,242
262,242
263,242
265,242
266,242
267,242
269,242
270,242
271,242
273,242
274,242
275,242
277,242
278,242
279,242
281,242
282,242
283,242
285,242
286,242
287,242
289,242
290,242
291,242
293,242
294,242
295,242
297,242
298,242
299,242
301,242
302,242
303,242
305,242
306,242
307,242
309,242
310,242
311,242
313,242
314,242
315,242
317,242
318,242
319,242
321,242
322,242
323,242
325,242
326,242
327,242
329,242
70,243
71,243
72,243
73,243
74,243
75,243
76,243
77,243
78,243
79,243
80,243
81,243
82,243
83,243
84,243
85,243
86,243
87,243
88,243
89,243
90,243
91,243
92,243
93,243
94,243
95,243
96,243
97,243
98,243
99,243
100,243
101,243
102,243
103,243
104,243
105,243
106,243
107,243
108,243
109,243
110,243
111,243
112,243
113,243
114,243
115,243
116,243
117,243
118,243
119,243
120,243
121,243
122,243
123,243
124,243
125,243
126,243
128,243
129,243
130,243
132,243
133,243
134,243
135,243
136,243
137,243
138,243
139,243
140,243
141,243
142,243
143,243
144,243
145,243
146,243
147,243
148,243
149,243
150,243
151,243
152,243
153,243
154,243
156,243
158,243
160,243
162,243
164,243
166,243
168,243
170,243
172,243
174,243
176,243
178,243
180,243
182,243
184,243
186,243
188,243
189,243
190,243
192,243
193,243
194,243
196,243
198,243
200,243
202,243
204,243
206,243
208,243
210,243
212,243
214,243
216,243
217,243
218,243
219,243
220,243
221,243
222,243
223,243
224,243
225,243
226,243
227,243
228,243
229,243
230,243
231,243
232,243
233,243
234,243
235,243
236,243
237,243
238,243
239,243
240,243
241,243
242,243
243,243
244,243
245,243
246,243
247,243
248,243
249,243
250,243
251,243
252,243
253,243
254,243
255,243
256,243
257,243
258,243
259,243
260,243
261,243
262,243
263,243
264,243
265,243
266,243
267,243
268,243
269,243
270,243
271,243
272,243
273,243
274,243
275,243
276,243
277,243
278,243
279,243
280,243
281,243
282,243
283,243
284,243
285,243
286,243
287,243
288,243
289,243
290,243
291,243
292,243
293,243
294,243
295,243
296,243
297,243
298,243
299,243
300,243
301,243
302,243
303,243
304,243
305,243
306,243
307,243
308,243
309,243
310,243
311,243
312,243
313,243
314,243
315,243
316,243
317,243
318,243
319,243
320,243
321,243
322,243
323,243
324,243
325,243
326,243
327,243
328,243
329,243
71,244
73,244
75,244
77,244
79,244
81,244
83,244
85,244
87,244
89,244
91,244
93,244
95,244
97,244
99,244
101,244
103,244
105,244
107,244
109,244
111,244
113,244
115,244
117,244
119,244
121,244
123,244
125,244
127,244
129,244
131,244
133,244
135,244
137,244
139,244
141,244
143,244
145,244
147,244
149,244
151,244
153,244
155,244
157,244
161,244
163,244
165,244
167,244
169,244
171,244
173,244
175,244
177,244
179,244
181,244
183,244
185,244
187,244
189,244
191,244
193,244
195,244
197,244
201,244
205,244
215,244
217,244
219,244
221,244
223,244
225,244
227,244
229,244
231,244
233,244
235,244
237,244
239,244
241,244
243,244
245,244
247,244
249,244
251,244
253,244
255,244
257,244
259,244
261,244
263,244
265,244
267,244
269,244
271,244
273,244
275,244
277,244
279,244
281,244
283,244
285,244
287,244
289,244
291,244
293,244
295,244
297,244
299,244
301,244
303,244
305,244
307,244
309,244
311,244
313,244
315,244
317,244
319,244
321,244
323,244
325,244
327,244
329,244
70,245
71,245
72,245
73,245
74,245
75,245
76,245
77,245
78,245
79,245
80,245
81,245
82,245
83,245
84,245
85,245
86,245
87,245
88,245
89,245
90,245
91,245
92,245
93,245
94,245
95,245
96,245
97,245
98,245
99,245
100,245
101,245
102,245
103,245
104,245
105,245
106,245
107,245
108,245
109,245
110,245
111,245
112,245
113,245
114,245
115,245
116,245
117,245
118,245
119,245
120,245
121,245
122,245
123,245
124,245
125,245
126,245
127,245
128,245
129,245
130,245
131,245
132,245
133,245
134,245
135,245
136,245
137,245
138,245
139,245
140,245
141,245
142,245
143,245
144,245
145,245
146,245
147,245
148,245
149,245
150,245
151,245
152,245
153,245
154,245
155,245
156,245
158,245
160,245
162,245
164,245
166,245
168,245
170,245
171,245
172,245
174,245
175,245
176,245
178,245
179,245
180,245
182,245
183,245
184,245
186,245
187,245
188,245
189,245
190,245
191,245
192,245
194,245
195,245
196,245
198,245
200,245
202,245
204,245
206,245
208,245
210,245
212,245
214,245
216,245
217,245
218,245
219,245
220,245
221,245
222,245
223,245
224,245
225,245
226,245
227,245
228,245
229,245
230,245
231,245
232,245
233,245
234,245
235,245
236,245
237,245
238,245
239,245
240,245
241,245
242,245
243,245
244,245
245,245
246,245
247,245
248,245
249,245
250,245
251,245
252,245
253,245
254,245
255,245
256,245
257,245
258,245
259,245
260,245
261,245
262,245
263,245
264,245
265,245
266,245
267,245
268,245
269,245
270,245
271,245
272,245
273,245
274,245
275,245
276,245
277,245
278,245
279,245
280,245
281,245
282,245
283,245
284,245
285,245
286,245
287,245
288,245
289,245
290,245
291,245
292,245
293,245
294,245
295,245
296,245
297,245
298,245
299,245
300,245
301,245
302,245
303,245
304,245
305,245
306,245
307,245
308,245
309,245
310,245
311,245
312,245
313,245
314,245
315,245
316,245
317,245
318,245
319,245
320,245
321,245
322,245
323,245
324,245
325,245
326,245
327,245
328,245
329,245
70,246
71,246
73,246
74,246
75,246
77,246
78,246
79,246
81,246
82,246
83,246
85,246
86,246
87,246
89,246
90,246
91,246
93,246
94,246
95,246
97,246
98,246
99,246
101,246
102,246
103,246
105,246
106,246
107,246
109,246
110,246
111,246
113,246
114,246
115,246
117,246
118,246
119,246
121,246
122,246
123,246
125,246
126,246
127,246
129,246
130,246
131,246
133,246
134,246
135,246
137,246
138,246
139,246
141,246
142,246
143,246
145,246
146,246
147,246
149,246
151,246
153,246
155,246
157,246
159,246
161,246
163,246
165,246
167,246
169,246
171,246
173,246
175,246
177,246
179,246
181,246
183,246
185,246
187,246
189,246
191,246
193,246
195,246
197,246
199,246
203,246
211,246
215,246
217,246
218,246
219,246
221,246
222,246
223,246
225,246
226,246
227,246
229,246
230,246
231,246
233,246
234,246
235,246
237,246
238,246
239,246
241,246
243,246
245,246
247,246
249,246
251,246
253,246
254,246
255,246
257,246
258,246
259,246
261,246
262,246
263,246
265,246
266,246
267,246
269,246
270,246
271,246
273,246
274,246
275,246
277,246
278,246
279,246
281,246
282,246
283,246
285,246
286,246
287,246
289,246
290,246
291,246
293,246
294,246
295,246
297,246
298,246
299,246
301,246
302,246
303,246
305,246
306,246
307,246
309,246
310,246
311,246
313,246
314,246
315,246
317,246
319,246
321,246
322,246
323,246
325,246
326,246
327,246
329,246
70,247
71,247
72,247
73,247
74,247
75,247
76,247
77,247
78,247
79,247
80,247
81,247
82,247
83,247
84,247
85,247
86,247
87,247
88,247
89,247
90,247
91,247
92,247
93,247
94,247
95,247
96,247
97,247
98,247
99,247
100,247
101,247
102,247
103,247
104,247
105,247
106,247
107,247
108,247
109,247
110,247
111,247
112,247
113,247
114,247
115,247
116,247
117,247
118,247
119,247
120,247
121,247
122,247
123,247
124,247
125,247
126,247
127,247
128,247
129,247
130,247
131,247
132,247
133,247
134,247
135,247
136,247
137,247
138,247
139,247
140,247
141,247
142,247
143,247
144,247
145,247
146,247
147,247
148,247
149,247
150,247
151,247
152,247
153,247
154,247
155,247
156,247
158,247
160,247
162,247
164,247
166,247
168,247
170,247
172,247
174,247
176,247
177,247
178,247
180,247
182,247
184,247
186,247
188,247
189,247
190,247
192,247
194,247
196,247
198,247
200,247
202,247
204,247
206,247
208,247
210,247
212,247
214,247
216,247
217,247
218,247
219,247
220,247
221,247
222,247
223,247
224,247
225,247
226,247
227,247
228,247
229,247
230,247
231,247
232,247
233,247
234,247
235,247
236,247
237,247
238,247
239,247
240,247
241,247
242,247
243,247
244,247
245,247
246,247
247,247
248,247
249,247
250,247
251,247
252,247
253,247
254,247
255,247
256,247
257,247
258,247
259,247
260,247
261,247
262,247
263,247
264,247
265,247
266,247
267,247
268,247
269,247
270,247
271,247
272,247
273,247
274,247
275,247
276,247
277,247
278,247
279,247
280,247
281,247
282,247
283,247
284,247
285,247
286,247
287,247
288,247
289,247
290,247
291,247
292,247
293,247
294,247
295,247
296,247
297,247
298,247
299,247
300,247
301,247
302,247
303,247
304,247
305,247
306,247
307,247
308,247
309,247
310,247
311,247
312,247
313,247
314,247
315,247
316,247
317,247
318,247
319,247
320,247
321,247
322,247
323,247
324,247
325,247
326,247
327,247
328,247
329,247
71,248
72,248
73,248
75,248
76,248
77,248
79,248
80,248
81,248
83,248
84,248
85,248
87,248
88,248
89,248
91,248
92,248
93,248
95,248
96,248
97,248
99,248
100,248
101,248
103,248
104,248
105,248
107,248
108,248
109,248
111,248
112,248
113,248
115,248
116,248
117,248
119,248
120,248
121,248
123,248
124,248
125,248
127,248
128,248
129,248
131,248
132,248
133,248
135,248
136,248
137,248
139,248
140,248
141,248
143,248
144,248
145,248
147,248
148,248
149,248
151,248
153,248
155,248
157,248
161,248
163,248
165,248
167,248
169,248
171,248
173,248
175,248
177,248
179,248
181,248
183,248
185,248
187,248
189,248
191,248
193,248
195,248
197,248
213,248
215,248
217,248
219,248
221,248
223,248
225,248
227,248
229,248
231,248
233,248
235,248
237,248
239,248
241,248
243,248
245,248
247,248
249,248
251,248
253,248
255,248
257,248
259,248
261,248
263,248
264,248
265,248
267,248
268,248
269,248
271,248
272,248
273,248
275,248
277,248
279,248
281,248
283,248
285,248
287,248
289,248
291,248
293,248
295,248
297,248
299,248
301,248
303,248
305,248
307,248
309,248
311,248
313,248
315,248
317,248
319,248
321,248
323,248
325,248
327,248
329,248
70,249
71,249
72,249
73,249
74,249
75,249
76,249
77,249
78,249
79,249
80,249
81,249
82,249
83,249
84,249
85,249
86,249
87,249
88,249
89,249
90,249
91,249
92,249
93,249
94,249
95,249
96,249
97,249
98,249
99,249
100,249
101,249
102,249
103,249
104,249
105,249
106,249
107,249
108,249
109,249
110,249
111,249
112,249
113,249
114,249
115,249
116,249
117,249
118,249
119,249
120,249
121,249
122,249
123,249
124,249
125,249
126,249
127,249
128,249
129,249
130,249
131,249
132,249
133,249
134,249
135,249
136,249
137,249
138,249
139,249
140,249
141,249
142,249
143,249
144,249
145,249
146,249
147,249
148,249
149,249
150,249
151,249
152,249
153,249
154,249
155,249
156,249
157,249
158,249
160,249
162,249
164,249
166,249
168,249
170,249
172,249
174,249
176,249
178,249
179,249
180,249
182,249
184,249
186,249
188,249
190,249
192,249
194,249
196,249
198,249
200,249
202,249
204,249
206,249
208,249
210,249
212,249
214,249
215,249
216,249
217,249
218,249
219,249
220,249
221,249
222,249
223,249
224,249
225,249
226,249
227,249
228,249
229,249
230,249
231,249
232,249
233,249
234,249
235,249
236,249
237,249
238,249
239,249
240,249
241,249
242,249
243,249
244,249
245,249
246,249
247,249
248,249
249,249
250,249
251,249
252,249
253,249
254,249
255,249
256,249
257,249
258,249
259,249
260,249
261,249
262,249
263,249
264,249
265,249
266,249
267,249
268,249
269,249
270,249
271,249
272,249
273,249
274,249
275,249
276,249
277,249
278,249
279,249
280,249
281,249
282,249
283,249
284,249
285,249
286,249
287,249
288,249
289,249
290,249
291,249
292,249
293,249
294,249
295,249
296,249
297,249
298,249
299,249
300,249
301,249
302,249
303,249
304,249
305,249
306,249
307,249
308,249
309,249
310,249
311,249
312,249
313,249
314,249
315,249
316,249
317,249
318,249
319,249
320,249
321,249
322,249
323,249
324,249
325,249
326,249
327,249
328,249
329,249
70,250
71,250
72,250
73,250
74,250
75,250
76,250
77,250
78,250
79,250
80,250
81,250
82,250
83,250
84,250
85,250
86,250
87,250
88,250
89,250
90,250
91,250
92,250
93,250
94,250
95,250
96,250
97,250
98,250
99,250
101,250
102,250
103,250
105,250
106,250
107,250
109,250
110,250
111,250
112,250
113,250
114,250
115,250
117,250
118,250
119,250
120,250
121,250
122,250
123,250
124,250
125,250
126,250
127,250
128,250
129,250
130,250
131,250
132,250
133,250
134,250
135,250
137,250
138,250
139,250
141,250
142,250
143,250
145,250
146,250
147,250
149,250
150,250
151,250
153,250
154,250
155,250
157,250
159,250
161,250
163,250
165,250
167,250
169,250
171,250
173,250
175,250
177,250
179,250
181,250
183,250
185,250
187,250
189,250
191,250
193,250
195,250
207,250
211,250
215,250
217,250
218,250
219,250
221,250
222,250
223,250
225,250
226,250
227,250
229,250
230,250
231,250
233,250
234,250
235,250
237,250
238,250
239,250
241,250
242,250
243,250
245,250
246,250
247,250
249,250
250,250
251,250
253,250
254,250
255,250
257,250
258,250
259,250
261,250
262,250
263,250
265,250
266,250
267,250
269,250
270,250
271,250
273,250
274,250
275,250
277,250
278,250
279,250
281,250
282,250
283,250
285,250
286,250
287,250
289,250
290,250
291,250
293,250
294,250
295,250
297,250
298,250
299,250
301,250
302,250
303,250
305,250
306,250
307,250
309,250
310,250
311,250
313,250
314,250
315,250
317,250
319,250
321,250
323,250
325,250
326,250
327,250
329,250
70,251
71,251
72,251
73,251
74,251
75,251
76,251
77,251
78,251
79,251
80,251
81,251
82,251
83,251
84,251
85,251
86,251
87,251
88,251
89,251
90,251
91,251
92,251
93,251
94,251
95,251
96,251
97,251
98,251
99,251
100,251
101,251
102,251
103,251
104,251
105,251
106,251
107,251
108,251
109,251
110,251
111,251
112,251
113,251
114,251
115,251
116,251
117,251
118,251
119,251
120,251
121,251
122,251
123,251
124,251
125,251
126,251
127,251
128,251
129,251
130,251
131,251
132,251
133,251
134,251
135,251
136,251
137,251
138,251
139,251
140,251
141,251
142,251
143,251
144,251
145,251
146,251
147,251
148,251
149,251
150,251
151,251
152,251
153,251
154,251
155,251
156,251
157,251
158,251
160,251
162,251
164,251
166,251
168,251
170,251
172,251
174,251
176,251
178,251
180,251
182,251
184,251
186,251
188,251
190,251
192,251
194,251
196,251
198,251
200,251
202,251
204,251
206,251
208,251
210,251
212,251
214,251
215,251
216,251
217,251
218,251
219,251
220,251
221,251
222,251
223,251
224,251
225,251
226,251
227,251
228,251
229,251
230,251
231,251
232,251
233,251
234,251
235,251
236,251
237,251
238,251
239,251
240,251
241,251
242,251
243,251
244,251
245,251
246,251
247,251
248,251
249,251
250,251
251,251
252,251
253,251
254,251
255,251
256,251
257,251
258,251
259,251
260,251
261,251
262,251
263,251
264,251
265,251
266,251
267,251
268,251
269,251
270,251
271,251
272,251
273,251
274,251
275,251
276,251
277,251
278,251
279,251
280,251
281,251
282,251
283,251
284,251
285,251
286,251
287,251
288,251
289,251
290,251
291,251
292,251
293,251
294,251
295,251
296,251
297,251
298,251
299,251
300,251
301,251
302,251
303,251
304,251
305,251
306,251
307,251
308,251
309,251
310,251
311,251
312,251
313,251
314,251
315,251
316,251
317,251
318,251
319,251
320,251
321,251
322,251
323,251
324,251
325,251
326,251
327,251
328,251
329,251
71,252
72,252
73,252
75,252
76,252
77,252
79,252
80,252
81,252
83,252
84,252
85,252
87,252
88,252
89,252
91,252
92,252
93,252
95,252
96,252
97,252
99,252
100,252
101,252
103,252
104,252
105,252
107,252
108,252
109,252
111,252
112,252
113,252
115,252
116,252
117,252
119,252
120,252
121,252
123,252
124,252
125,252
127,252
128,252
129,252
131,252
132,252
133,252
135,252
136,252
137,252
139,252
140,252
141,252
143,252
144,252
145,252
147,252
148,252
149,252
151,252
152,252
153,252
155,252
156,252
157,252
159,252
161,252
165,252
169,252
173,252
177,252
181,252
185,252
189,252
209,252
213,252
215,252
217,252
219,252
221,252
223,252
224,252
225,252
227,252
228,252
229,252
231,252
232,252
233,252
235,252
236,252
237,252
239,252
240,252
241,252
243,252
244,252
245,252
247,252
248,252
249,252
251,252
252,252
253,252
255,252
256,252
257,252
259,252
260,252
261,252
263,252
264,252
265,252
267,252
268,252
269,252
271,252
272,252
273,252
275,252
276,252
277,252
279,252
280,252
281,252
283,252
284,252
285,252
287,252
289,252
291,252
293,252
295,252
296,252
297,252
299,252
300,252
301,252
303,252
304,252
305,252
307,252
308,252
309,252
311,252
313,252
315,252
317,252
319,252
321,252
323,252
325,252
327,252
329,252
70,253
71,253
72,253
73,253
74,253
75,253
76,253
77,253
78,253
79,253
80,253
81,253
82,253
83,253
84,253
85,253
86,253
87,253
88,253
89,253
90,253
91,253
92,253
93,253
94,253
95,253
96,253
97,253
98,253
99,253
100,253
101,253
102,253
103,253
104,253
105,253
106,253
107,253
108,253
109,253
110,253
111,253
112,253
113,253
114,253
115,253
116,253
117,253
118,253
119,253
120,253
121,253
122,253
123,253
124,253
125,253
126,253
127,253
128,253
129,253
130,253
131,253
132,253
133,253
134,253
135,253
136,253
137,253
138,253
139,253
140,253
141,253
142,253
143,253
144,253
145,253
146,253
147,253
148,253
149,253
150,253
151,253
152,253
153,253
154,253
155,253
156,253
157,253
158,253
159,253
160,253
162,253
164,253
166,253
168,253
170,253
172,253
174,253
176,253
178,253
180,253
182,253
184,253
186,253
188,253
190,253
192,253
194,253
196,253
198,253
200,253
202,253
204,253
206,253
208,253
210,253
212,253
214,253
216,253
218,253
220,253
222,253
223,253
224,253
225,253
226,253
227,253
228,253
229,253
230,253
231,253
232,253
233,253
234,253
235,253
236,253
237,253
238,253
239,253
240,253
241,253
242,253
243,253
244,253
245,253
246,253
247,253
248,253
249,253
250,253
251,253
252,253
253,253
254,253
255,253
256,253
257,253
258,253
259,253
260,253
261,253
262,253
263,253
264,253
265,253
266,253
267,253
268,253
269,253
270,253
271,253
272,253
273,253
274,253
275,253
276,253
277,253
278,253
279,253
280,253
281,253
282,253
283,253
284,253
285,253
286,253
287,253
288,253
289,253
290,253
291,253
292,253
293,253
294,253
295,253
296,253
297,253
298,253
299,253
300,253
301,253
302,253
303,253
304,253
305,253
306,253
307,253
308,253
309,253
310,253
311,253
312,253
313,253
314,253
315,253
316,253
317,253
318,253
319,253
320,253
321,253
322,253
323,253
324,253
325,253
326,253
327,253
328,253
329,253
70,254
71,254
72,254
73,254
74,254
75,254
76,254
77,254
78,254
79,254
80,254
81,254
82,254
83,254
84,254
85,254
86,254
87,254
88,254
89,254
90,254
91,254
92,254
93,254
94,254
95,254
96,254
97,254
98,254
99,254
100,254
101,254
102,254
103,254
104,254
105,254
106,254
107,254
108,254
109,254
110,254
111,254
112,254
113,254
114,254
115,254
116,254
117,254
118,254
119,254
120,254
121,254
122,254
123,254
124,254
125,254
126,254
127,254
128,254
129,254
130,254
131,254
132,254
133,254
134,254
135,254
136,254
137,254
138,254
139,254
140,254
141,254
142,254
143,254
144,254
145,254
146,254
147,254
148,254
149,254
150,254
151,254
152,254
153,254
154,254
155,254
156,254
157,254
158,254
159,254
161,254
163,254
165,254
167,254
171,254
175,254
179,254
183,254
203,254
207,254
211,254
215,254
217,254
219,254
221,254
223,254
225,254
226,254
227,254
228,254
229,254
230,254
231,254
232,254
233,254
234,254
235,254
236,254
237,254
238,254
239,254
240,254
241,254
242,254
243,254
244,254
245,254
246,254
247,254
248,254
249,254
250,254
251,254
252,254
253,254
254,254
255,254
256,254
257,254
258,254
259,254
260,254
261,254
262,254
263,254
264,254
265,254
266,254
267,254
268,254
269,254
270,254
271,254
272,254
273,254
274,254
275,254
276,254
277,254
278,254
279,254
280,254
281,254
282,254
283,254
284,254
285,254
286,254
287,254
289,254
290,254
291,254
293,254
294,254
295,254
297,254
298,254
299,254
301,254
302,254
303,254
304,254
305,254
306,254
307,254
309,254
310,254
311,254
313,254
314,254
315,254
317,254
318,254
319,254
321,254
322,254
323,254
325,254
326,254
327,254
329,254
70,255
71,255
72,255
73,255
74,255
75,255
76,255
77,255
78,255
79,255
80,255
81,255
82,255
83,255
84,255
85,255
86,255
87,255
88,255
89,255
90,255
91,255
92,255
93,255
94,255
95,255
96,255
97,255
98,255
99,255
100,255
101,255
102,255
103,255
104,255
105,255
106,255
107,255
108,255
109,255
110,255
111,255
112,255
113,255
114,255
115,255
116,255
117,255
118,255
119,255
120,255
121,255
122,255
123,255
124,255
125,255
126,255
127,255
128,255
129,255
130,255
131,255
132,255
133,255
134,255
135,255
136,255
137,255
138,255
139,255
140,255
141,255
142,255
143,255
144,255
145,255
146,255
147,255
148,255
149,255
150,255
151,255
152,255
153,255
154,255
155,255
156,255
157,255
158,255
159,255
160,255
162,255
164,255
166,255
168,255
170,255
172,255
174,255
176,255
178,255
180,255
182,255
184,255
186,255
188,255
190,255
192,255
196,255
198,255
200,255
202,255
204,255
206,255
208,255
210,255
212,255
214,255
216,255
218,255
220,255
222,255
224,255
225,255
226,255
227,255
228,255
229,255
230,255
231,255
232,255
233,255
234,255
235,255
236,255
237,255
238,255
239,255
240,255
241,255
242,255
243,255
244,255
245,255
246,255
247,255
248,255
249,255
250,255
251,255
252,255
253,255
254,255
255,255
256,255
257,255
258,255
259,255
260,255
261,255
262,255
263,255
264,255
265,255
266,255
267,255
268,255
269,255
270,255
271,255
272,255
273,255
274,255
275,255
276,255
277,255
278,255
279,255
280,255
281,255
282,255
283,255
284,255
285,255
286,255
287,255
288,255
289,255
290,255
291,255
292,255
293,255
294,255
295,255
296,255
297,255
298,255
299,255
300,255
301,255
302,255
303,255
304,255
305,255
306,255
307,255
308,255
309,255
310,255
311,255
312,255
313,255
314,255
315,255
316,255
317,255
318,255
319,255
320,255
321,255
322,255
323,255
324,255
325,255
326,255
327,255
328,255
329,255
71,256
72,256
73,256
75,256
76,256
77,256
79,256
80,256
81,256
83,256
84,256
85,256
87,256
88,256
89,256
91,256
92,256
93,256
95,256
96,256
97,256
99,256
100,256
101,256
103,256
104,256
105,256
107,256
108,256
109,256
111,256
112,256
113,256
115,256
116,256
117,256
119,256
120,256
121,256
123,256
124,256
125,256
127,256
128,256
129,256
131,256
132,256
133,256
135,256
136,256
137,256
139,256
140,256
141,256
143,256
144,256
145,256
146,256
147,256
148,256
149,256
150,256
151,256
152,256
153,256
154,256
155,256
156,256
157,256
158,256
159,256
161,256
165,256
169,256
205,256
209,256
213,256
217,256
221,256
225,256
227,256
228,256
229,256
230,256
231,256
232,256
233,256
234,256
235,256
236,256
237,256
239,256
240,256
241,256
242,256
243,256
244,256
245,256
247,256
248,256
249,256
251,256
252,256
253,256
255,256
256,256
257,256
259,256
260,256
261,256
263,256
264,256
265,256
267,256
268,256
269,256
271,256
272,256
273,256
275,256
276,256
277,256
279,256
280,256
281,256
283,256
284,256
285,256
287,256
288,256
289,256
291,256
292,256
293,256
295,256
296,256
297,256
299,256
300,256
301,256
303,256
304,256
305,256
307,256
308,256
309,256
311,256
312,256
313,256
315,256
316,256
317,256
319,256
320,256
321,256
323,256
324,256
325,256
327,256
328,256
329,256
70,257
71,257
72,257
73,257
74,257
75,257
76,257
77,257
78,257
79,257
80,257
81,257
82,257
83,257
84,257
85,257
86,257
87,257
88,257
89,257
90,257
91,257
92,257
93,257
94,257
95,257
96,257
97,257
98,257
99,257
100,257
101,257
102,257
103,257
104,257
105,257
106,257
107,257
108,257
109,257
110,257
111,257
112,257
113,257
114,257
115,257
116,257
117,257
118,257
119,257
120,257
121,257
122,257
123,257
124,257
125,257
126,257
127,257
128,257
129,257
130,257
131,257
132,257
133,257
134,257
135,257
136,257
137,257
138,257
139,257
140,257
141,257
142,257
143,257
144,257
145,257
146,257
147,257
148,257
149,257
150,257
151,257
152,257
153,257
154,257
155,257
156,257
157,257
158,257
159,257
160,257
162,257
164,257
166,257
168,257
170,257
172,257
174,257
176,257
178,257
180,257
182,257
184,257
186,257
188,257
190,257
192,257
194,257
196,257
198,257
200,257
202,257
204,257
206,257
208,257
210,257
212,257
214,257
216,257
218,257
220,257
222,257
223,257
224,257
226,257
227,257
228,257
229,257
230,257
231,257
232,257
233,257
234,257
235,257
236,257
237,257
238,257
239,257
240,257
241,257
242,257
243,257
244,257
245,257
246,257
247,257
248,257
249,257
250,257
251,257
252,257
253,257
254,257
255,257
256,257
257,257
258,257
259,257
260,257
261,257
262,257
263,257
264,257
265,257
266,257
267,257
268,257
269,257
270,257
271,257
272,257
273,257
274,257
275,257
276,257
277,257
278,257
279,257
280,257
281,257
282,257
283,257
284,257
285,257
286,257
287,257
288,257
289,257
290,257
291,257
292,257
293,257
294,257
295,257
296,257
297,257
298,257
299,257
300,257
301,257
302,257
303,257
304,257
305,257
306,257
307,257
308,257
309,257
310,257
311,257
312,257
313,257
314,257
315,257
316,257
317,257
318,257
319,257
320,257
321,257
322,257
323,257
324,257
325,257
326,257
327,257
328,257
329,257
70,258
71,258
72,258
73,258
74,258
75,258
76,258
77,258
78,258
79,258
80,258
81,258
82,258
83,258
84,258
85,258
86,258
87,258
88,258
89,258
90,258
91,258
92,258
93,258
94,258
95,258
96,258
97,258
98,258
99,258
100,258
101,258
102,258
103,258
104,258
105,258
106,258
107,258
108,258
109,258
110,258
111,258
112,258
113,258
114,258
115,258
116,258
117,258
118,258
119,258
120,258
121,258
122,258
123,258
124,258
125,258
126,258
127,258
128,258
129,258
130,258
131,258
132,258
133,258
134,258
135,258
136,258
137,258
138,258
139,258
140,258
141,258
142,258
143,258
144,258
145,258
146,258
147,258
148,258
149,258
150,258
151,258
152,258
153,258
154,258
155,258
156,258
157,258
158,258
159,258
161,258
163,258
167,258
171,258
195,258
199,258
203,258
207,258
211,258
215,258
217,258
219,258
223,258
225,258
227,258
229,258
230,258
231,258
232,258
233,258
234,258
235,258
236,258
237,258
238,258
239,258
240,258
241,258
242,258
243,258
244,258
245,258
246,258
247,258
248,258
249,258
250,258
251,258
252,258
253,258
254,258
255,258
256,258
257,258
258,258
259,258
260,258
261,258
262,258
263,258
264,258
265,258
266,258
267,258
268,258
269,258
270,258
271,258
272,258
273,258
274,258
275,258
276,258
277,258
278,258
279,258
280,258
281,258
282,258
283,258
284,258
285,258
286,258
287,258
288,258
289,258
290,258
291,258
292,258
293,258
294,258
295,258
296,258
297,258
298,258
299,258
300,258
301,258
302,258
303,258
304,258
305,258
306,258
307,258
308,258
309,258
310,258
311,258
312,258
313,258
314,258
315,258
316,258
317,258
318,258
319,258
320,258
321,258
322,258
323,258
324,258
325,258
326,258
327,258
328,258
329,258
70,259
71,259
72,259
73,259
74,259
75,259
76,259
77,259
78,259
79,259
80,259
81,259
82,259
83,259
84,259
85,259
86,259
87,259
88,259
89,259
90,259
91,259
92,259
93,259
94,259
95,259
96,259
97,259
98,259
99,259
100,259
101,259
102,259
103,259
104,259
105,259
106,259
107,259
108,259
109,259
110,259
111,259
112,259
113,259
114,259
115,259
116,259
117,259
118,259
119,259
120,259
121,259
122,259
123,259
124,259
125,259
126,259
127,259
128,259
129,259
130,259
131,259
132,259
133,259
134,259
135,259
136,259
137,259
138,259
139,259
140,259
141,259
142,259
143,259
144,259
145,259
146,259
147,259
148,259
149,259
150,259
151,259
152,259
153,259
154,259
155,259
156,259
157,259
158,259
160,259
162,259
164,259
166,259
168,259
170,259
172,259
174,259
176,259
180,259
184,259
188,259
192,259
194,259
196,259
198,259
200,259
202,259
204,259
206,259
208,259
210,259
212,259
214,259
216,259
218,259
220,259
222,259
224,259
226,259
228,259
229,259
230,259
231,259
232,259
233,259
234,259
235,259
236,259
237,259
238,259
239,259
240,259
241,259
242,259
243,259
244,259
245,259
246,259
247,259
248,259
249,259
250,259
251,259
252,259
253,259
254,259
255,259
256,259
257,259
258,259
259,259
260,259
261,259
262,259
263,259
264,259
265,259
266,259
267,259
268,259
269,259
270,259
271,259
272,259
273,259
274,259
275,259
276,259
277,259
278,259
279,259
280,259
281,259
282,259
283,259
284,259
285,259
286,259
287,259
288,259
289,259
290,259
291,259
292,259
293,259
294,259
295,259
296,259
297,259
298,259
299,259
300,259
301,259
302,259
303,259
304,259
305,259
306,259
307,259
308,259
309,259
310,259
311,259
312,259
313,259
314,259
315,259
316,259
317,259
318,259
319,259
320,259
321,259
322,259
323,259
324,259
325,259
326,259
327,259
328,259
329,259
71,260
72,260
73,260
75,260
76,260
77,260
79,260
80,260
81,260
83,260
84,260
85,260
87,260
88,260
89,260
91,260
92,260
93,260
95,260
96,260
97,260
99,260
100,260
101,260
103,260
104,260
105,260
107,260
108,260
109,260
111,260
112,260
113,260
115,260
116,260
117,260
119,260
120,260
121,260
123,260
124,260
125,260
127,260
128,260
129,260
131,260
132,260
133,260
135,260
136,260
137,260
139,260
140,260
141,260
143,260
144,260
145,260
146,260
147,260
148,260
149,260
150,260
151,260
152,260
153,260
154,260
155,260
156,260
157,260
161,260
169,260
201,260
205,260
209,260
213,260
223,260
225,260
227,260
229,260
230,260
231,260
232,260
233,260
235,260
236,260
237,260
239,260
240,260
241,260
243,260
244,260
245,260
247,260
248,260
249,260
251,260
252,260
253,260
255,260
256,260
257,260
259,260
260,260
261,260
263,260
264,260
265,260
267,260
268,260
269,260
271,260
272,260
273,260
275,260
276,260
277,260
279,260
280,260
281,260
283,260
284,260
285,260
287,260
288,260
289,260
291,260
292,260
293,260
295,260
296,260
297,260
299,260
300,260
301,260
303,260
304,260
305,260
307,260
308,260
309,260
311,260
312,260
313,260
315,260
316,260
317,260
319,260
320,260
321,260
323,260
324,260
325,260
327,260
328,260
329,260
70,261
71,261
72,261
73,261
74,261
75,261
76,261
77,261
78,261
79,261
80,261
81,261
82,261
83,261
84,261
85,261
86,261
87,261
88,261
89,261
90,261
91,261
92,261
93,261
94,261
95,261
96,261
97,261
98,261
99,261
100,261
101,261
102,261
103,261
104,261
105,261
106,261
107,261
108,261
109,261
110,261
111,261
112,261
113,261
114,261
115,261
116,261
117,261
118,261
119,261
120,261
121,261
122,261
123,261
124,261
125,261
126,261
127,261
128,261
129,261
130,261
131,261
132,261
133,261
134,261
135,261
136,261
137,261
138,261
139,261
140,261
141,261
142,261
143,261
144,261
145,261
146,261
147,261
148,261
149,261
150,261
151,261
152,261
153,261
154,261
155,261
156,261
158,261
160,261
162,261
164,261
166,261
168,261
170,261
172,261
174,261
176,261
178,261
182,261
184,261
186,261
188,261
190,261
192,261
194,261
196,261
198,261
200,261
202,261
204,261
206,261
208,261
210,261
212,261
214,261
216,261
218,261
220,261
222,261
223,261
224,261
226,261
227,261
228,261
229,261
230,261
231,261
232,261
233,261
234,261
235,261
236,261
237,261
238,261
239,261
240,261
241,261
242,261
243,261
244,261
245,261
246,261
247,261
248,261
249,261
250,261
251,261
252,261
253,261
254,261
255,261
256,261
257,261
258,261
259,261
260,261
261,261
262,261
263,261
264,261
265,261
266,261
267,261
268,261
269,261
270,261
271,261
272,261
273,261
274,261
275,261
276,261
277,261
278,261
279,261
280,261
281,261
282,261
283,261
284,261
285,261
286,261
287,261
288,261
289,261
290,261
291,261
292,261
293,261
294,261
295,261
296,261
297,261
298,261
299,261
300,261
301,261
302,261
303,261
304,261
305,261
306,261
307,261
308,261
309,261
310,261
311,261
312,261
313,261
314,261
315,261
316,261
317,261
318,261
319,261
320,261
321,261
322,261
323,261
324,261
325,261
326,261
327,261
328,261
329,261
70,262
71,262
72,262
73,262
74,262
75,262
76,262
77,262
78,262
79,262
80,262
81,262
82,262
83,262
84,262
85,262
86,262
87,262
88,262
89,262
90,262
91,262
92,262
93,262
94,262
95,262
96,262
97,262
98,262
99,262
100,262
101,262
102,262
103,262
104,262
105,262
106,262
107,262
108,262
109,262
110,262
111,262
112,262
113,262
114,262
115,262
116,262
117,262
118,262
119,262
120,262
121,262
122,262
123,262
124,262
125,262
126,262
127,262
128,262
129,262
130,262
131,262
132,262
133,262
134,262
135,262
136,262
137,262
138,262
139,262
140,262
141,262
142,262
143,262
144,262
145,262
146,262
147,262
148,262
149,262
150,262
151,262
152,262
153,262
155,262
159,262
161,262
163,262
167,262
171,262
175,262
195,262
199,262
203,262
205,262
207,262
209,262
211,262
215,262
219,262
223,262
225,262
227,262
229,262
230,262
231,262
232,262
233,262
234,262
235,262
236,262
237,262
238,262
239,262
240,262
241,262
242,262
243,262
244,262
245,262
246,262
247,262
248,262
249,262
250,262
251,262
252,262
253,262
254,262
255,262
256,262
257,262
258,262
259,262
260,262
261,262
262,262
263,262
264,262
265,262
266,262
267,262
268,262
269,262
270,262
271,262
272,262
273,262
274,262
275,262
276,262
277,262
278,262
279,262
280,262
281,262
282,262
283,262
284,262
285,262
286,262
287,262
288,262
289,262
290,262
291,262
292,262
293,262
294,262
295,262
296,262
297,262
298,262
299,262
300,262
301,262
302,262
303,262
304,262
305,262
306,262
307,262
308,262
309,262
310,262
311,262
312,262
313,262
314,262
315,262
316,262
317,262
318,262
319,262
320,262
321,262
322,262
323,262
324,262
325,262
326,262
327,262
328,262
329,262
70,263
71,263
72,263
73,263
74,263
75,263
76,263
77,263
78,263
79,263
80,263
81,263
82,263
83,263
84,263
85,263
86,263
87,263
88,263
89,263
90,263
91,263
92,263
93,263
94,263
95,263
96,263
97,263
98,263
99,263
100,263
101,263
102,263
103,263
104,263
105,263
106,263
107,263
108,263
109,263
110,263
111,263
112,263
113,263
114,263
115,263
116,263
117,263
118,263
119,263
120,263
121,263
122,263
123,263
124,263
125,263
126,263
127,263
128,263
129,263
130,263
131,263
132,263
133,263
134,263
135,263
136,263
137,263
138,263
139,263
140,263
141,263
142,263
143,263
144,263
145,263
146,263
147,263
148,263
149,263
150,263
151,263
152,263
153,263
154,263
156,263
158,263
160,263
162,263
164,263
166,263
168,263
170,263
172,263
174,263
176,263
178,263
180,263
184,263
186,263
188,263
190,263
192,263
194,263
196,263
198,263
200,263
202,263
204,263
206,263
208,263
210,263
212,263
214,263
216,263
218,263
220,263
222,263
224,263
225,263
226,263
228,263
229,263
230,263
231,263
232,263
233,263
234,263
235,263
236,263
237,263
238,263
239,263
240,263
241,263
242,263
243,263
244,263
245,263
246,263
247,263
248,263
249,263
250,263
251,263
252,263
253,263
254,263
255,263
256,263
257,263
258,263
259,263
260,263
261,263
262,263
263,263
264,263
265,263
266,263
267,263
268,263
269,263
270,263
271,263
272,263
273,263
274,263
275,263
276,263
277,263
278,263
279,263
280,263
281,263
282,263
283,263
284,263
285,263
286,263
287,263
288,263
289,263
290,263
291,263
292,263
293,263
294,263
295,263
296,263
297,263
298,263
299,263
300,263
301,263
302,263
303,263
304,263
305,263
306,263
307,263
308,263
309,263
310,263
311,263
312,263
313,263
314,263
315,263
316,263
317,263
318,263
319,263
320,263
321,263
322,263
323,263
324,263
325,263
326,263
327,263
328,263
329,263
71,264
72,264
73,264
75,264
76,264
77,264
79,264
80,264
81,264
83,264
84,264
85,264
87,264
88,264
89,264
91,264
92,264
93,264
95,264
96,264
97,264
99,264
100,264
101,264
103,264
104,264
105,264
107,264
108,264
109,264
111,264
112,264
113,264
115,264
116,264
117,264
119,264
120,264
121,264
123,264
124,264
125,264
127,264
128,264
129,264
131,264
132,264
133,264
135,264
136,264
137,264
139,264
140,264
141,264
143,264
144,264
145,264
147,264
148,264
149,264
150,264
151,264
153,264
157,264
161,264
165,264
173,264
197,264
201,264
205,264
209,264
213,264
217,264
225,264
227,264
229,264
231,264
232,264
233,264
235,264
236,264
237,264
239,264
240,264
241,264
243,264
244,264
245,264
247,264
248,264
249,264
251,264
252,264
253,264
255,264
256,264
257,264
259,264
260,264
261,264
263,264
264,264
265,264
267,264
268,264
269,264
271,264
272,264
273,264
275,264
276,264
277,264
279,264
280,264
281,264
283,264
284,264
285,264
287,264
288,264
289,264
291,264
292,264
293,264
295,264
296,264
297,264
299,264
300,264
301,264
303,264
304,264
305,264
307,264
308,264
309,264
311,264
312,264
313,264
315,264
316,264
317,264
319,264
320,264
321,264
323,264
324,264
325,264
327,264
328,264
329,264
70,265
71,265
72,265
73,265
74,265
75,265
76,265
77,265
78,265
79,265
80,265
81,265
82,265
83,265
84,265
85,265
86,265
87,265
88,265
89,265
90,265
91,265
92,265
93,265
94,265
95,265
96,265
97,265
98,265
99,265
100,265
101,265
102,265
103,265
104,265
105,265
106,265
107,265
108,265
109,265
110,265
111,265
112,265
113,265
114,265
115,265
116,265
117,265
118,265
119,265
120,265
121,265
122,265
123,265
124,265
125,265
126,265
127,265
128,265
129,265
130,265
131,265
132,265
133,265
134,265
135,265
136,265
137,265
138,265
139,265
140,265
141,265
142,265
143,265
144,265
145,265
146,265
147,265
148,265
149,265
150,265
151,265
152,265
154,265
156,265
158,265
160,265
162,265
164,265
166,265
168,265
170,265
172,265
174,265
176,265
178,265
180,265
182,265
184,265
186,265
188,265
190,265
192,265
194,265
196,265
198,265
200,265
202,265
204,265
206,265
208,265
210,265
212,265
214,265
216,265
218,265
220,265
222,265
224,265
226,265
227,265
228,265
229,265
230,265
231,265
232,265
233,265
234,265
235,265
236,265
237,265
238,265
239,265
240,265
241,265
242,265
243,265
244,265
245,265
246,265
247,265
248,265
249,265
250,265
251,265
252,265
253,265
254,265
255,265
256,265
257,265
258,265
259,265
260,265
261,265
262,265
263,265
264,265
265,265
266,265
267,265
268,265
269,265
270,265
271,265
272,265
273,265
274,265
275,265
276,265
277,265
278,265
279,265
280,265
281,265
282,265
283,265
284,265
285,265
286,265
287,265
288,265
289,265
290,265
291,265
292,265
293,265
294,265
295,265
296,265
297,265
298,265
299,265
300,265
301,265
302,265
303,265
304,265
305,265
306,265
307,265
308,265
309,265
310,265
311,265
312,265
313,265
314,265
315,265
316,265
317,265
318,265
319,265
320,265
321,265
322,265
323,265
324,265
325,265
326,265
327,265
328,265
329,265
70,266
71,266
73,266
74,266
75,266
77,266
78,266
79,266
81,266
82,266
83,266
85,266
86,266
87,266
89,266
90,266
91,266
93,266
94,266
95,266
97,266
98,266
99,266
101,266
102,266
103,266
105,266
106,266
107,266
109,266
110,266
111,266
113,266
114,266
115,266
117,266
118,266
119,266
120,266
121,266
122,266
123,266
124,266
125,266
126,266
127,266
128,266
129,266
130,266
131,266
132,266
133,266
134,266
135,266
136,266
137,266
138,266
139,266
140,266
141,266
142,266
143,266
144,266
145,266
146,266
147,266
148,266
149,266
150,266
151,266
155,266
159,266
161,266
163,266
167,266
171,266
175,266
179,266
183,266
191,266
195,266
199,266
201,266
203,266
205,266
207,266
209,266
211,266
215,266
219,266
225,266
227,266
229,266
230,266
231,266
232,266
233,266
234,266
235,266
236,266
237,266
238,266
239,266
240,266
241,266
242,266
243,266
244,266
245,266
246,266
247,266
248,266
249,266
250,266
251,266
252,266
253,266
254,266
255,266
256,266
257,266
258,266
259,266
260,266
261,266
262,266
263,266
264,266
265,266
266,266
267,266
268,266
269,266
270,266
271,266
272,266
273,266
274,266
275,266
276,266
277,266
278,266
279,266
280,266
281,266
282,266
283,266
284,266
285,266
286,266
287,266
288,266
289,266
290,266
291,266
292,266
293,266
294,266
295,266
296,266
297,266
298,266
299,266
300,266
301,266
302,266
303,266
304,266
305,266
306,266
307,266
308,266
309,266
310,266
311,266
312,266
313,266
314,266
315,266
316,266
317,266
318,266
319,266
320,266
321,266
322,266
323,266
324,266
325,266
326,266
327,266
328,266
329,266
70,267
71,267
72,267
73,267
74,267
75,267
76,267
77,267
78,267
79,267
80,267
81,267
82,267
83,267
84,267
85,267
86,267
87,267
88,267
89,267
90,267
91,267
92,267
93,267
94,267
95,267
96,267
97,267
98,267
99,267
100,267
101,267
102,267
103,267
104,267
105,267
106,267
107,267
108,267
109,267
110,267
111,267
112,267
113,267
114,267
115,267
116,267
117,267
118,267
119,267
120,267
121,267
122,267
123,267
124,267
125,267
126,267
127,267
128,267
129,267
130,267
131,267
132,267
133,267
134,267
135,267
136,267
137,267
138,267
139,267
140,267
141,267
142,267
143,267
144,267
145,267
146,267
147,267
148,267
149,267
150,267
152,267
154,267
156,267
158,267
160,267
162,267
164,267
166,267
168,267
170,267
172,267
174,267
176,267
178,267
180,267
182,267
184,267
186,267
188,267
190,267
192,267
194,267
196,267
198,267
200,267
202,267
204,267
206,267
208,267
210,267
212,267
214,267
216,267
218,267
220,267
222,267
224,267
225,267
226,267
228,267
229,267
230,267
231,267
232,267
233,267
234,267
235,267
236,267
237,267
238,267
239,267
240,267
241,267
242,267
243,267
244,267
245,267
246,267
247,267
248,267
249,267
250,267
251,267
252,267
253,267
254,267
255,267
256,267
257,267
258,267
259,267
260,267
261,267
262,267
263,267
264,267
265,267
266,267
267,267
268,267
269,267
270,267
271,267
272,267
273,267
274,267
275,267
276,267
277,267
278,267
279,267
280,267
281,267
282,267
283,267
284,267
285,267
286,267
287,267
288,267
289,267
290,267
291,267
292,267
293,267
294,267
295,267
296,267
297,267
298,267
299,267
300,267
301,267
302,267
303,267
304,267
305,267
306,267
307,267
308,267
309,267
310,267
311,267
312,267
313,267
314,267
315,267
316,267
317,267
318,267
319,267
320,267
321,267
322,267
323,267
324,267
325,267
326,267
327,267
328,267
329,267
71,268
72,268
73,268
75,268
76,268
77,268
79,268
80,268
81,268
83,268
84,268
85,268
87,268
88,268
89,268
91,268
92,268
93,268
95,268
96,268
97,268
99,268
100,268
101,268
103,268
104,268
105,268
107,268
108,268
109,268
111,268
112,268
113,268
115,268
116,268
117,268
119,268
120,268
121,268
123,268
124,268
125,268
127,268
128,268
129,268
131,268
132,268
133,268
135,268
136,268
137,268
139,268
140,268
141,268
143,268
144,268
145,268
147,268
148,268
149,268
151,268
153,268
161,268
165,268
169,268
173,268
193,268
197,268
201,268
205,268
207,268
209,268
213,268
217,268
221,268
225,268
227,268
229,268
231,268
233,268
235,268
236,268
237,268
239,268
240,268
241,268
243,268
244,268
245,268
247,268
248,268
249,268
251,268
252,268
253,268
255,268
256,268
257,268
259,268
260,268
261,268
263,268
264,268
265,268
267,268
268,268
269,268
271,268
272,268
273,268
275,268
276,268
277,268
279,268
280,268
281,268
283,268
284,268
285,268
287,268
288,268
289,268
291,268
292,268
293,268
295,268
296,268
297,268
299,268
300,268
301,268
303,268
304,268
305,268
307,268
308,268
309,268
311,268
312,268
313,268
315,268
316,268
317,268
319,268
320,268
321,268
323,268
324,268
325,268
327,268
328,268
329,268
70,269
71,269
72,269
73,269
74,269
75,269
76,269
77,269
78,269
79,269
80,269
81,269
82,269
83,269
84,269
85,269
86,269
87,269
88,269
89,269
90,269
91,269
92,269
93,269
94,269
95,269
96,269
97,269
98,269
99,269
100,269
101,269
102,269
103,269
104,269
105,269
106,269
107,269
108,269
109,269
110,269
111,269
112,269
113,269
114,269
115,269
116,269
117,269
118,269
119,269
120,269
121,269
122,269
123,269
124,269
125,269
126,269
127,269
128,269
129,269
130,269
131,269
132,269
133,269
134,269
135,269
136,269
137,269
138,269
139,269
140,269
141,269
142,269
143,269
144,269
145,269
146,269
147,269
148,269
149,269
150,269
152,269
154,269
156,269
158,269
160,269
162,269
164,269
166,269
168,269
170,269
172,269
174,269
176,269
178,269
180,269
182,269
184,269
186,269
188,269
190,269
192,269
194,269
196,269
198,269
200,269
202,269
204,269
206,269
208,269
210,269
212,269
214,269
216,269
218,269
220,269
222,269
223,269
224,269
226,269
227,269
228,269
229,269
230,269
231,269
232,269
233,269
234,269
235,269
236,269
237,269
238,269
239,269
240,269
241,269
242,269
243,269
244,269
245,269
246,269
247,269
248,269
249,269
250,269
251,269
252,269
253,269
254,269
255,269
256,269
257,269
258,269
259,269
260,269
261,269
262,269
263,269
264,269
265,269
266,269
267,269
268,269
269,269
270,269
271,269
272,269
273,269
274,269
275,269
276,269
277,269
278,269
279,269
280,269
281,269
282,269
283,269
284,269
285,269
286,269
287,269
288,269
289,269
290,269
291,269
292,269
293,269
294,269
295,269
296,269
297,269
298,269
299,269
300,269
301,269
302,269
303,269
304,269
305,269
306,269
307,269
308,269
309,269
310,269
311,269
312,269
313,269
314,269
315,269
316,269
317,269
318,269
319,269
320,269
321,269
322,269
323,269
324,269
325,269
326,269
327,269
328,269
329,269
70,270
71,270
73,270
74,270
75,270
77,270
78,270
79,270
81,270
82,270
83,270
85,270
86,270
87,270
89,270
90,270
91,270
93,270
94,270
95,270
97,270
98,270
99,270
101,270
102,270
103,270
105,270
106,270
107,270
109,270
110,270
111,270
113,270
114,270
115,270
117,270
118,270
119,270
121,270
122,270
123,270
125,270
126,270
127,270
129,270
130,270
131,270
133,270
134,270
135,270
136,270
137,270
138,270
139,270
141,270
142,270
143,270
144,270
145,270
146,270
147,270
148,270
149,270
151,270
153,270
155,270
159,270
161,270
163,270
167,270
171,270
175,270
179,270
183,270
187,270
191,270
195,270
197,270
199,270
201,270
203,270
205,270
207,270
209,270
211,270
213,270
215,270
219,270
221,270
223,270
225,270
227,270
229,270
231,270
233,270
234,270
235,270
236,270
237,270
238,270
239,270
240,270
241,270
242,270
243,270
244,270
245,270
246,270
247,270
248,270
249,270
250,270
251,270
252,270
253,270
254,270
255,270
256,270
257,270
258,270
259,270
260,270
261,270
262,270
263,270
264,270
265,270
266,270
267,270
268,270
269,270
270,270
271,270
272,270
273,270
274,270
275,270
276,270
277,270
278,270
279,270
281,270
282,270
283,270
284,270
285,270
286,270
287,270
288,270
289,270
290,270
291,270
292,270
293,270
294,270
295,270
296,270
297,270
298,270
299,270
301,270
302,270
303,270
305,270
306,270
307,270
309,270
310,270
311,270
313,270
314,270
315,270
317,270
318,270
319,270
321,270
322,270
323,270
325,270
326,270
327,270
329,270
70,271
71,271
72,271
73,271
74,271
75,271
76,271
77,271
78,271
79,271
80,271
81,271
82,271
83,271
84,271
85,271
86,271
87,271
88,271
89,271
90,271
91,271
92,271
93,271
94,271
95,271
96,271
97,271
98,271
99,271
100,271
101,271
102,271
103,271
104,271
105,271
106,271
107,271
108,271
109,271
110,271
111,271
112,271
113,271
114,271
115,271
116,271
117,271
118,271
119,271
120,271
121,271
122,271
123,271
124,271
125,271
126,271
127,271
128,271
129,271
130,271
131,271
132,271
133,271
134,271
135,271
136,271
137,271
138,271
139,271
140,271
141,271
142,271
143,271
144,271
145,271
146,271
147,271
148,271
149,271
150,271
152,271
154,271
156,271
158,271
160,271
162,271
164,271
166,271
168,271
170,271
172,271
174,271
176,271
178,271
180,271
182,271
184,271
186,271
188,271
190,271
192,271
194,271
196,271
198,271
200,271
202,271
204,271
206,271
208,271
210,271
212,271
214,271
216,271
218,271
220,271
222,271
224,271
225,271
226,271
227,271
228,271
229,271
230,271
231,271
232,271
233,271
234,271
235,271
236,271
237,271
238,271
239,271
240,271
241,271
242,271
243,271
244,271
245,271
246,271
247,271
248,271
249,271
250,271
251,271
252,271
253,271
254,271
255,271
256,271
257,271
258,271
259,271
260,271
261,271
262,271
263,271
264,271
265,271
266,271
267,271
268,271
269,271
270,271
271,271
272,271
273,271
274,271
275,271
276,271
277,271
278,271
279,271
280,271
281,271
282,271
283,271
284,271
285,271
286,271
287,271
288,271
289,271
290,271
291,271
292,271
293,271
294,271
295,271
296,271
297,271
298,271
299,271
300,271
301,271
302,271
303,271
304,271
305,271
306,271
307,271
308,271
309,271
310,271
311,271
312,271
313,271
314,271
315,271
316,271
317,271
318,271
319,271
320,271
321,271
322,271
323,271
324,271
325,271
326,271
327,271
328,271
329,271
71,272
72,272
73,272
75,272
76,272
77,272
79,272
80,272
81,272
83,272
84,272
85,272
87,272
88,272
89,272
91,272
92,272
93,272
95,272
96,272
97,272
99,272
100,272
101,272
103,272
104,272
105,272
107,272
108,272
109,272
111,272
112,272
113,272
115,272
116,272
117,272
119,272
120,272
121,272
123,272
124,272
125,272
127,272
128,272
129,272
131,272
132,272
133,272
135,272
136,272
137,272
139,272
140,272
141,272
143,272
144,272
145,272
147,272
148,272
149,272
151,272
153,272
161,272
165,272
169,272
173,272
177,272
189,272
193,272
197,272
201,272
203,272
205,272
207,272
209,272
213,272
217,272
221,272
223,272
225,272
227,272
228,272
229,272
231,272
232,272
233,272
235,272
237,272
239,272
240,272
241,272
242,272
243,272
244,272
245,272
247,272
248,272
249,272
251,272
252,272
253,272
255,272
256,272
257,272
259,272
260,272
261,272
263,272
264,272
265,272
267,272
268,272
269,272
271,272
272,272
273,272
275,272
276,272
277,272
279,272
280,272
281,272
283,272
284,272
285,272
287,272
288,272
289,272
291,272
292,272
293,272
295,272
296,272
297,272
299,272
300,272
301,272
303,272
304,272
305,272
307,272
308,272
309,272
311,272
312,272
313,272
315,272
316,272
317,272
319,272
320,272
321,272
323,272
324,272
325,272
327,272
328,272
329,272
70,273
71,273
72,273
73,273
74,273
75,273
76,273
77,273
78,273
79,273
80,273
81,273
82,273
83,273
84,273
85,273
86,273
87,273
88,273
89,273
90,273
91,273
92,273
93,273
94,273
95,273
96,273
97,273
98,273
99,273
100,273
101,273
102,273
103,273
104,273
105,273
106,273
107,273
108,273
109,273
110,273
111,273
112,273
113,273
114,273
115,273
116,273
117,273
118,273
119,273
120,273
121,273
122,273
123,273
124,273
125,273
126,273
127,273
128,273
129,273
130,273
131,273
132,273
133,273
134,273
135,273
136,273
137,273
138,273
139,273
140,273
141,273
142,273
143,273
144,273
145,273
146,273
147,273
148,273
149,273
150,273
151,273
152,273
154,273
156,273
158,273
160,273
162,273
164,273
166,273
168,273
170,273
172,273
174,273
176,273
178,273
180,273
182,273
184,273
186,273
188,273
190,273
192,273
194,273
196,273
198,273
200,273
202,273
204,273
206,273
208,273
210,273
212,273
214,273
216,273
218,273
220,273
221,273
222,273
223,273
224,273
226,273
227,273
228,273
229,273
230,273
231,273
232,273
233,273
234,273
235,273
236,273
237,273
238,273
239,273
240,273
241,273
242,273
243,273
244,273
245,273
246,273
247,273
248,273
249,273
250,273
251,273
252,273
253,273
254,273
255,273
256,273
257,273
258,273
259,273
260,273
261,273
262,273
263,273
264,273
265,273
266,273
267,273
268,273
269,273
270,273
271,273
272,273
273,273
274,273
275,273
276,273
277,273
278,273
279,273
280,273
281,273
282,273
283,273
284,273
285,273
286,273
287,273
288,273
289,273
290,273
291,273
292,273
293,273
294,273
295,273
296,273
297,273
298,273
299,273
300,273
301,273
302,273
303,273
304,273
305,273
306,273
307,273
308,273
309,273
310,273
311,273
312,273
313,273
314,273
315,273
316,273
317,273
318,273
319,273
320,273
321,273
322,273
323,273
324,273
325,273
326,273
327,273
328,273
329,273
70,274
71,274
72,274
73,274
74,274
75,274
76,274
77,274
78,274
79,274
80,274
81,274
82,274
83,274
84,274
85,274
86,274
87,274
88,274
89,274
90,274
91,274
92,274
93,274
94,274
95,274
96,274
97,274
98,274
99,274
100,274
101,274
102,274
103,274
104,274
105,274
106,274
107,274
109,274
110,274
111,274
113,274
114,274
115,274
117,274
118,274
119,274
121,274
122,274
123,274
125,274
126,274
127,274
129,274
130,274
131,274
133,274
134,274
135,274
136,274
137,274
138,274
139,274
140,274
141,274
142,274
143,274
144,274
145,274
146,274
147,274
148,274
149,274
151,274
153,274
155,274
159,274
161,274
163,274
165,274
167,274
171,274
175,274
179,274
183,274
187,274
191,274
193,274
195,274
197,274
199,274
201,274
203,274
205,274
207,274
209,274
211,274
213,274
215,274
217,274
219,274
221,274
223,274
225,274
227,274
229,274
231,274
233,274
234,274
235,274
237,274
238,274
239,274
241,274
242,274
243,274
244,274
245,274
246,274
247,274
248,274
249,274
250,274
251,274
253,274
254,274
255,274
256,274
257,274
258,274
259,274
260,274
261,274
262,274
263,274
265,274
266,274
267,274
269,274
270,274
271,274
273,274
274,274
275,274
277,274
278,274
279,274
281,274
282,274
283,274
285,274
286,274
287,274
289,274
290,274
291,274
293,274
294,274
295,274
297,274
298,274
299,274
301,274
302,274
303,274
305,274
306,274
307,274
309,274
310,274
311,274
313,274
314,274
315,274
317,274
318,274
319,274
321,274
322,274
323,274
325,274
326,274
327,274
329,274
70,275
71,275
72,275
73,275
74,275
75,275
76,275
77,275
78,275
79,275
80,275
81,275
82,275
83,275
84,275
85,275
86,275
87,275
88,275
89,275
90,275
91,275
92,275
93,275
94,275
95,275
96,275
97,275
98,275
99,275
100,275
101,275
102,275
103,275
104,275
105,275
106,275
107,275
108,275
109,275
110,275
111,275
112,275
113,275
114,275
115,275
116,275
117,275
118,275
119,275
120,275
121,275
122,275
123,275
124,275
125,275
126,275
127,275
128,275
129,275
130,275
131,275
132,275
133,275
134,275
135,275
136,275
137,275
138,275
139,275
140,275
141,275
142,275
143,275
144,275
145,275
146,275
147,275
148,275
149,275
150,275
152,275
153,275
154,275
156,275
158,275
160,275
162,275
164,275
166,275
168,275
170,275
172,275
174,275
176,275
178,275
180,275
182,275
184,275
186,275
188,275
190,275
192,275
194,275
196,275
198,275
200,275
202,275
204,275
206,275
208,275
210,275
212,275
214,275
216,275
218,275
220,275
221,275
222,275
224,275
225,275
226,275
227,275
228,275
229,275
230,275
231,275
232,275
233,275
234,275
235,275
236,275
237,275
238,275
239,275
240,275
241,275
242,275
243,275
244,275
245,275
246,275
247,275
248,275
249,275
250,275
251,275
252,275
253,275
254,275
255,275
256,275
257,275
258,275
259,275
260,275
261,275
262,275
263,275
264,275
265,275
266,275
267,275
268,275
269,275
270,275
271,275
272,275
273,275
274,275
275,275
276,275
277,275
278,275
279,275
280,275
281,275
282,275
283,275
284,275
285,275
286,275
287,275
288,275
289,275
290,275
291,275
292,275
293,275
294,275
295,275
296,275
297,275
298,275
299,275
300,275
301,275
302,275
303,275
304,275
305,275
306,275
307,275
308,275
309,275
310,275
311,275
312,275
313,275
314,275
315,275
316,275
317,275
318,275
319,275
320,275
321,275
322,275
323,275
324,275
325,275
326,275
327,275
328,275
329,275
71,276
72,276
73,276
75,276
76,276
77,276
79,276
80,276
81,276
83,276
84,276
85,276
87,276
88,276
89,276
91,276
92,276
93,276
95,276
96,276
97,276
99,276
100,276
101,276
103,276
104,276
105,276
107,276
108,276
109,276
111,276
112,276
113,276
115,276
116,276
117,276
119,276
120,276
121,276
123,276
124,276
125,276
127,276
128,276
129,276
131,276
132,276
133,276
135,276
136,276
137,276
139,276
140,276
141,276
143,276
144,276
145,276
146,276
147,276
148,276
149,276
151,276
152,276
153,276
161,276
165,276
169,276
173,276
177,276
181,276
185,276
189,276
193,276
197,276
199,276
201,276
203,276
205,276
207,276
209,276
213,276
215,276
217,276
219,276
221,276
223,276
225,276
227,276
229,276
231,276
233,276
235,276
237,276
239,276
240,276
241,276
243,276
245,276
247,276
248,276
249,276
251,276
252,276
253,276
255,276
256,276
257,276
259,276
260,276
261,276
263,276
264,276
265,276
267,276
268,276
269,276
271,276
272,276
273,276
275,276
276,276
277,276
279,276
280,276
281,276
283,276
284,276
285,276
287,276
288,276
289,276
291,276
292,276
293,276
295,276
296,276
297,276
299,276
300,276
301,276
303,276
304,276
305,276
307,276
308,276
309,276
311,276
312,276
313,276
315,276
316,276
317,276
319,276
320,276
321,276
323,276
324,276
325,276
327,276
328,276
329,276
70,277
71,277
72,277
73,277
74,277
75,277
76,277
77,277
78,277
79,277
80,277
81,277
82,277
83,277
84,277
85,277
86,277
87,277
88,277
89,277
90,277
91,277
92,277
93,277
94,277
95,277
96,277
97,277
98,277
99,277
100,277
101,277
102,277
103,277
104,277
105,277
106,277
107,277
108,277
109,277
110,277
111,277
112,277
113,277
114,277
115,277
116,277
117,277
118,277
119,277
120,277
121,277
122,277
123,277
124,277
125,277
126,277
127,277
128,277
129,277
130,277
131,277
132,277
133,277
134,277
135,277
136,277
137,277
138,277
139,277
140,277
141,277
142,277
143,277
144,277
145,277
146,277
147,277
148,277
149,277
150,277
151,277
152,277
153,277
154,277
156,277
158,277
160,277
162,277
164,277
166,277
168,277
170,277
172,277
174,277
176,277
178,277
180,277
182,277
184,277
186,277
188,277
190,277
192,277
194,277
196,277
198,277
200,277
202,277
204,277
206,277
208,277
210,277
212,277
214,277
216,277
218,277
219,277
220,277
222,277
223,277
224,277
225,277
226,277
227,277
228,277
229,277
230,277
231,277
232,277
233,277
234,277
235,277
236,277
237,277
238,277
239,277
240,277
241,277
242,277
243,277
244,277
245,277
246,277
247,277
248,277
249,277
250,277
251,277
252,277
253,277
254,277
255,277
256,277
257,277
258,277
259,277
260,277
261,277
262,277
263,277
264,277
265,277
266,277
267,277
268,277
269,277
270,277
271,277
272,277
273,277
274,277
275,277
276,277
277,277
278,277
279,277
280,277
281,277
282,277
283,277
284,277
285,277
286,277
287,277
288,277
289,277
290,277
291,277
292,277
293,277
294,277
295,277
296,277
297,277
298,277
299,277
300,277
301,277
302,277
303,277
304,277
305,277
306,277
307,277
308,277
309,277
310,277
311,277
312,277
313,277
314,277
315,277
316,277
317,277
318,277
319,277
320,277
321,277
322,277
323,277
324,277
325,277
326,277
327,277
328,277
329,277
70,278
71,278
72,278
73,278
74,278
75,278
76,278
77,278
78,278
79,278
80,278
81,278
82,278
83,278
84,278
85,278
86,278
87,278
88,278
89,278
90,278
91,278
92,278
93,278
94,278
95,278
96,278
97,278
98,278
99,278
100,278
101,278
102,278
103,278
104,278
105,278
106,278
107,278
109,278
110,278
111,278
113,278
114,278
115,278
117,278
118,278
119,278
121,278
122,278
123,278
125,278
126,278
127,278
128,278
129,278
130,278
131,278
132,278
133,278
134,278
135,278
136,278
137,278
138,278
139,278
140,278
141,278
142,278
143,278
144,278
145,278
146,278
147,278
148,278
149,278
151,278
153,278
159,278
163,278
165,278
167,278
171,278
175,278
179,278
183,278
187,278
191,278
193,278
195,278
197,278
199,278
201,278
203,278
205,278
207,278
209,278
211,278
213,278
215,278
217,278
219,278
221,278
223,278
225,278
226,278
227,278
229,278
230,278
231,278
233,278
234,278
235,278
237,278
238,278
239,278
241,278
242,278
243,278
245,278
247,278
249,278
250,278
251,278
253,278
254,278
255,278
256,278
257,278
258,278
259,278
260,278
261,278
262,278
263,278
265,278
266,278
267,278
269,278
270,278
271,278
273,278
274,278
275,278
277,278
278,278
279,278
281,278
282,278
283,278
285,278
286,278
287,278
289,278
290,278
291,278
293,278
294,278
295,278
297,278
298,278
299,278
301,278
302,278
303,278
305,278
306,278
307,278
309,278
310,278
311,278
313,278
314,278
315,278
317,278
318,278
319,278
321,278
322,278
323,278
325,278
326,278
327,278
329,278
70,279
71,279
72,279
73,279
74,279
75,279
76,279
77,279
78,279
79,279
80,279
81,279
82,279
83,279
84,279
85,279
86,279
87,279
88,279
89,279
90,279
91,279
92,279
93,279
94,279
95,279
96,279
97,279
98,279
99,279
100,279
101,279
102,279
103,279
104,279
105,279
106,279
107,279
108,279
109,279
110,279
111,279
112,279
113,279
114,279
115,279
116,279
117,279
118,279
119,279
120,279
121,279
122,279
123,279
124,279
125,279
126,279
127,279
128,279
129,279
130,279
131,279
132,279
133,279
134,279
135,279
136,279
137,279
138,279
139,279
140,279
141,279
142,279
143,279
144,279
145,279
146,279
147,279
148,279
149,279
150,279
152,279
153,279
154,279
156,279
158,279
160,279
162,279
164,279
166,279
168,279
170,279
172,279
174,279
176,279
178,279
180,279
182,279
184,279
186,279
188,279
190,279
192,279
194,279
196,279
198,279
200,279
202,279
204,279
206,279
208,279
210,279
212,279
214,279
216,279
218,279
219,279
220,279
221,279
222,279
224,279
225,279
226,279
227,279
228,279
229,279
230,279
231,279
232,279
233,279
234,279
235,279
236,279
237,279
238,279
239,279
240,279
241,279
242,279
244,279
245,279
246,279
247,279
248,279
249,279
250,279
251,279
252,279
253,279
254,279
255,279
256,279
257,279
258,279
259,279
260,279
261,279
262,279
263,279
264,279
265,279
266,279
267,279
268,279
269,279
270,279
271,279
272,279
273,279
274,279
275,279
276,279
277,279
278,279
279,279
280,279
281,279
282,279
283,279
284,279
285,279
286,279
287,279
288,279
289,279
290,279
291,279
292,279
293,279
294,279
295,279
296,279
297,279
298,279
299,279
300,279
301,279
302,279
303,279
304,279
305,279
306,279
307,279
308,279
309,279
310,279
311,279
312,279
313,279
314,279
315,279
316,279
317,279
318,279
319,279
320,279
321,279
322,279
323,279
324,279
325,279
326,279
327,279
328,279
329,279
71,280
72,280
73,280
75,280
76,280
77,280
79,280
80,280
81,280
83,280
84,280
85,280
87,280
88,280
89,280
91,280
92,280
93,280
95,280
96,280
97,280
99,280
100,280
101,280
103,280
104,280
105,280
107,280
108,280
109,280
111,280
112,280
113,280
115,280
116,280
117,280
119,280
120,280
121,280
123,280
124,280
125,280
127,280
128,280
129,280
131,280
132,280
133,280
135,280
136,280
137,280
139,280
140,280
141,280
143,280
144,280
145,280
146,280
147,280
148,280
149,280
151,280
153,280
161,280
165,280
169,280
173,280
177,280
181,280
185,280
189,280
193,280
197,280
199,280
201,280
205,280
207,280
209,280
211,280
213,280
215,280
217,280
219,280
221,280
223,280
224,280
225,280
227,280
228,280
229,280
231,280
232,280
233,280
235,280
237,280
239,280
240,280
241,280
243,280
245,280
247,280
248,280
249,280
251,280
252,280
253,280
255,280
256,280
257,280
259,280
260,280
261,280
263,280
264,280
265,280
267,280
268,280
269,280
271,280
272,280
273,280
275,280
276,280
277,280
279,280
280,280
281,280
283,280
284,280
285,280
287,280
288,280
289,280
291,280
292,280
293,280
295,280
296,280
297,280
299,280
300,280
301,280
303,280
304,280
305,280
307,280
308,280
309,280
311,280
312,280
313,280
315,280
316,280
317,280
319,280
320,280
321,280
323,280
324,280
325,280
327,280
329,280
70,281
71,281
72,281
73,281
74,281
75,281
76,281
77,281
78,281
79,281
80,281
81,281
82,281
83,281
84,281
85,281
86,281
87,281
88,281
89,281
90,281
91,281
92,281
93,281
94,281
95,281
96,281
97,281
98,281
99,281
100,281
101,281
102,281
103,281
104,281
105,281
106,281
107,281
108,281
109,281
110,281
111,281
112,281
113,281
114,281
115,281
116,281
117,281
118,281
119,281
120,281
121,281
122,281
123,281
124,281
125,281
126,281
127,281
128,281
129,281
130,281
131,281
132,281
133,281
134,281
135,281
136,281
137,281
138,281
139,281
140,281
141,281
142,281
143,281
144,281
145,281
146,281
147,281
148,281
149,281
150,281
151,281
152,281
153,281
154,281
155,281
156,281
158,281
160,281
162,281
164,281
166,281
168,281
170,281
172,281
174,281
176,281
178,281
180,281
182,281
184,281
186,281
188,281
190,281
192,281
194,281
196,281
198,281
200,281
202,281
204,281
206,281
208,281
210,281
212,281
214,281
216,281
217,281
218,281
219,281
220,281
222,281
223,281
224,281
225,281
226,281
227,281
228,281
229,281
230,281
231,281
232,281
233,281
234,281
235,281
236,281
237,281
238,281
239,281
240,281
241,281
242,281
243,281
244,281
245,281
246,281
247,281
248,281
249,281
250,281
251,281
252,281
253,281
254,281
255,281
256,281
257,281
258,281
259,281
260,281
261,281
262,281
263,281
264,281
265,281
266,281
267,281
268,281
269,281
270,281
271,281
272,281
273,281
274,281
275,281
276,281
277,281
278,281
279,281
280,281
281,281
282,281
283,281
284,281
285,281
286,281
287,281
288,281
289,281
290,281
291,281
292,281
293,281
294,281
295,281
296,281
297,281
298,281
299,281
300,281
301,281
302,281
303,281
304,281
305,281
306,281
307,281
308,281
309,281
310,281
311,281
312,281
313,281
314,281
315,281
316,281
317,281
318,281
319,281
320,281
321,281
322,281
323,281
324,281
325,281
326,281
327,281
328,281
329,281
70,282
71,282
73,282
74,282
75,282
77,282
78,282
79,282
81,282
82,282
83,282
85,282
86,282
87,282
89,282
90,282
91,282
93,282
94,282
95,282
97,282
98,282
99,282
101,282
102,282
103,282
105,282
106,282
107,282
109,282
110,282
111,282
113,282
114,282
115,282
117,282
118,282
119,282
121,282
122,282
123,282
125,282
126,282
127,282
129,282
130,282
131,282
133,282
134,282
135,282
136,282
137,282
138,282
139,282
141,282
143,282
144,282
145,282
146,282
147,282
148,282
149,282
151,282
153,282
154,282
155,282
159,282
163,282
167,282
169,282
171,282
173,282
175,282
179,282
183,282
185,282
187,282
189,282
191,282
193,282
195,282
197,282
199,282
201,282
203,282
205,282
207,282
209,282
211,282
213,282
215,282
217,282
219,282
221,282
223,282
224,282
225,282
226,282
227,282
229,282
230,282
231,282
233,282
235,282
237,282
238,282
239,282
240,282
241,282
243,282
245,282
246,282
247,282
249,282
250,282
251,282
253,282
255,282
257,282
258,282
259,282
260,282
261,282
263,282
265,282
267,282
269,282
270,282
271,282
272,282
273,282
274,282
275,282
277,282
278,282
279,282
280,282
281,282
282,282
283,282
284,282
285,282
286,282
287,282
288,282
289,282
290,282
291,282
292,282
293,282
294,282
295,282
296,282
297,282
298,282
299,282
301,282
302,282
303,282
305,282
306,282
307,282
309,282
310,282
311,282
313,282
314,282
315,282
317,282
318,282
319,282
321,282
322,282
323,282
325,282
326,282
327,282
329,282
70,283
71,283
72,283
73,283
74,283
75,283
76,283
77,283
78,283
79,283
80,283
81,283
82,283
83,283
84,283
85,283
86,283
87,283
88,283
89,283
90,283
91,283
92,283
93,283
94,283
95,283
96,283
97,283
98,283
99,283
100,283
101,283
102,283
103,283
104,283
105,283
106,283
107,283
108,283
109,283
110,283
111,283
112,283
113,283
114,283
115,283
116,283
117,283
118,283
119,283
120,283
121,283
122,283
123,283
124,283
125,283
126,283
127,283
128,283
129,283
130,283
131,283
132,283
133,283
134,283
135,283
136,283
137,283
138,283
140,283
141,283
142,283
143,283
144,283
145,283
146,283
147,283
148,283
149,283
150,283
152,283
153,283
154,283
155,283
156,283
158,283
160,283
162,283
164,283
166,283
168,283
170,283
172,283
174,283
176,283
178,283
180,283
182,283
184,283
186,283
188,283
190,283
192,283
194,283
196,283
198,283
200,283
202,283
204,283
206,283
208,283
210,283
212,283
214,283
216,283
217,283
218,283
220,283
222,283
223,283
224,283
225,283
226,283
227,283
228,283
229,283
230,283
231,283
232,283
233,283
234,283
236,283
237,283
238,283
239,283
240,283
241,283
242,283
244,283
245,283
246,283
247,283
248,283
249,283
250,283
251,283
252,283
253,283
254,283
255,283
256,283
257,283
258,283
259,283
260,283
261,283
262,283
264,283
265,283
266,283
267,283
268,283
269,283
270,283
271,283
272,283
273,283
274,283
275,283
276,283
277,283
278,283
279,283
280,283
281,283
282,283
283,283
284,283
285,283
286,283
287,283
288,283
289,283
290,283
291,283
292,283
293,283
294,283
295,283
296,283
297,283
298,283
299,283
300,283
301,283
302,283
303,283
304,283
305,283
306,283
307,283
308,283
309,283
310,283
311,283
312,283
313,283
314,283
315,283
316,283
317,283
318,283
319,283
320,283
321,283
322,283
323,283
324,283
325,283
326,283
327,283
328,283
329,283
71,284
73,284
75,284
77,284
79,284
81,284
83,284
85,284
87,284
89,284
91,284
93,284
95,284
97,284
99,284
101,284
103,284
105,284
107,284
109,284
111,284
112,284
113,284
115,284
116,284
117,284
119,284
120,284
121,284
123,284
124,284
125,284
127,284
128,284
129,284
131,284
132,284
133,284
135,284
136,284
137,284
139,284
141,284
143,284
144,284
145,284
146,284
147,284
148,284
149,284
151,284
153,284
155,284
156,284
157,284
161,284
165,284
169,284
173,284
177,284
181,284
185,284
189,284
193,284
195,284
197,284
199,284
201,284
203,284
205,284
207,284
209,284
211,284
213,284
215,284
216,284
217,284
219,284
221,284
223,284
224,284
225,284
227,284
228,284
229,284
231,284
233,284
235,284
237,284
239,284
241,284
243,284
245,284
247,284
248,284
249,284
251,284
252,284
253,284
255,284
257,284
259,284
260,284
261,284
263,284
265,284
267,284
269,284
271,284
273,284
275,284
276,284
277,284
278,284
279,284
280,284
281,284
283,284
284,284
285,284
287,284
288,284
289,284
291,284
292,284
293,284
295,284
296,284
297,284
299,284
300,284
301,284
303,284
304,284
305,284
307,284
308,284
309,284
311,284
312,284
313,284
315,284
316,284
317,284
319,284
320,284
321,284
323,284
324,284
325,284
327,284
328,284
329,284
70,285
71,285
72,285
73,285
74,285
75,285
76,285
77,285
78,285
79,285
80,285
81,285
82,285
83,285
84,285
85,285
86,285
87,285
88,285
89,285
90,285
91,285
92,285
93,285
94,285
95,285
96,285
97,285
98,285
99,285
100,285
101,285
102,285
103,285
104,285
105,285
106,285
107,285
108,285
109,285
110,285
111,285
112,285
113,285
114,285
115,285
116,285
117,285
118,285
119,285
120,285
121,285
122,285
123,285
124,285
125,285
126,285
127,285
128,285
129,285
130,285
131,285
132,285
133,285
134,285
135,285
136,285
138,285
139,285
140,285
141,285
142,285
143,285
144,285
145,285
146,285
147,285
148,285
149,285
150,285
151,285
152,285
153,285
154,285
155,285
156,285
158,285
160,285
162,285
164,285
166,285
168,285
170,285
172,285
174,285
176,285
178,285
180,285
182,285
184,285
186,285
188,285
190,285
192,285
194,285
196,285
198,285
200,285
202,285
204,285
206,285
208,285
210,285
212,285
214,285
215,285
216,285
217,285
218,285
219,285
220,285
222,285
223,285
224,285
225,285
226,285
227,285
228,285
229,285
230,285
231,285
232,285
233,285
234,285
235,285
236,285
237,285
238,285
239,285
240,285
241,285
242,285
243,285
244,285
245,285
246,285
247,285
248,285
249,285
250,285
251,285
252,285
253,285
254,285
255,285
256,285
257,285
258,285
259,285
260,285
261,285
262,285
263,285
264,285
266,285
267,285
268,285
269,285
270,285
271,285
272,285
273,285
274,285
275,285
276,285
277,285
278,285
279,285
280,285
281,285
282,285
283,285
284,285
285,285
286,285
287,285
288,285
289,285
290,285
291,285
292,285
293,285
294,285
295,285
296,285
297,285
298,285
299,285
300,285
301,285
302,285
303,285
304,285
305,285
306,285
307,285
308,285
309,285
310,285
311,285
312,285
313,285
314,285
315,285
316,285
317,285
318,285
319,285
320,285
321,285
322,285
323,285
324,285
325,285
326,285
327,285
328,285
329,285
71,286
73,286
75,286
77,286
78,286
79,286
81,286
82,286
83,286
85,286
86,286
87,286
89,286
90,286
91,286
93,286
94,286
95,286
97,286
98,286
99,286
101,286
102,286
103,286
105,286
106,286
107,286
109,286
110,286
111,286
113,286
114,286
115,286
117,286
118,286
119,286
121,286
122,286
123,286
125,286
126,286
127,286
129,286
130,286
131,286
133,286
134,286
135,286
137,286
139,286
141,286
143,286
144,286
145,286
146,286
147,286
148,286
149,286
151,286
153,286
154,286
155,286
157,286
159,286
161,286
163,286
165,286
167,286
171,286
173,286
175,286
177,286
179,286
181,286
183,286
185,286
187,286
189,286
191,286
193,286
195,286
197,286
199,286
201,286
203,286
205,286
207,286
209,286
211,286
213,286
214,286
215,286
217,286
219,286
221,286
222,286
223,286
225,286
226,286
227,286
229,286
231,286
233,286
235,286
237,286
238,286
239,286
240,286
241,286
243,286
245,286
246,286
247,286
249,286
250,286
251,286
253,286
254,286
255,286
257,286
258,286
259,286
260,286
261,286
263,286
265,286
267,286
269,286
271,286
273,286
274,286
275,286
277,286
278,286
279,286
280,286
281,286
282,286
283,286
284,286
285,286
286,286
287,286
288,286
289,286
290,286
291,286
292,286
293,286
294,286
295,286
296,286
297,286
298,286
299,286
300,286
301,286
302,286
303,286
305,286
306,286
307,286
309,286
310,286
311,286
313,286
314,286
315,286
317,286
318,286
319,286
321,286
322,286
323,286
325,286
326,286
327,286
329,286
70,287
71,287
72,287
73,287
74,287
75,287
76,287
77,287
78,287
79,287
80,287
81,287
82,287
83,287
84,287
85,287
86,287
87,287
88,287
89,287
90,287
91,287
92,287
93,287
94,287
95,287
96,287
97,287
98,287
99,287
100,287
101,287
102,287
103,287
104,287
105,287
106,287
107,287
108,287
109,287
110,287
111,287
112,287
113,287
114,287
115,287
116,287
117,287
118,287
119,287
120,287
121,287
122,287
123,287
124,287
125,287
126,287
127,287
128,287
129,287
130,287
131,287
132,287
133,287
134,287
135,287
136,287
137,287
138,287
139,287
140,287
141,287
142,287
143,287
144,287
145,287
146,287
147,287
148,287
149,287
150,287
152,287
153,287
154,287
155,287
156,287
157,287
158,287
160,287
162,287
164,287
166,287
168,287
170,287
172,287
174,287
176,287
178,287
180,287
182,287
184,287
186,287
188,287
190,287
192,287
194,287
196,287
198,287
200,287
202,287
204,287
206,287
208,287
210,287
212,287
213,287
214,287
215,287
216,287
218,287
220,287
221,287
222,287
223,287
224,287
225,287
226,287
227,287
228,287
229,287
230,287
231,287
232,287
233,287
234,287
235,287
236,287
237,287
238,287
239,287
240,287
241,287
242,287
244,287
245,287
246,287
247,287
248,287
249,287
250,287
251,287
252,287
253,287
254,287
255,287
256,287
257,287
258,287
259,287
260,287
261,287
262,287
264,287
265,287
266,287
268,287
269,287
270,287
272,287
273,287
274,287
275,287
276,287
277,287
278,287
279,287
280,287
281,287
282,287
283,287
284,287
285,287
286,287
287,287
288,287
289,287
290,287
291,287
292,287
293,287
294,287
295,287
296,287
297,287
298,287
299,287
300,287
301,287
302,287
303,287
304,287
305,287
306,287
307,287
308,287
309,287
310,287
311,287
312,287
313,287
314,287
315,287
316,287
317,287
318,287
319,287
320,287
321,287
322,287
323,287
324,287
325,287
326,287
327,287
328,287
329,287
71,288
73,288
75,288
77,288
79,288
81,288
83,288
85,288
87,288
89,288
91,288
93,288
95,288
97,288
99,288
101,288
103,288
105,288
107,288
109,288
111,288
113,288
115,288
117,288
119,288
121,288
123,288
124,288
125,288
127,288
128,288
129,288
130,288
131,288
132,288
133,288
134,288
135,288
137,288
139,288
141,288
143,288
144,288
145,288
147,288
148,288
149,288
151,288
153,288
155,288
156,288
157,288
159,288
161,288
165,288
169,288
173,288
177,288
181,288
185,288
189,288
193,288
195,288
197,288
201,288
203,288
205,288
207,288
209,288
211,288
213,288
215,288
217,288
219,288
221,288
223,288
224,288
225,288
227,288
228,288
229,288
231,288
232,288
233,288
235,288
236,288
237,288
239,288
240,288
241,288
243,288
245,288
247,288
248,288
249,288
251,288
252,288
253,288
255,288
256,288
257,288
259,288
260,288
261,288
263,288
265,288
267,288
269,288
271,288
273,288
275,288
277,288
279,288
281,288
283,288
284,288
285,288
287,288
288,288
289,288
291,288
292,288
293,288
295,288
296,288
297,288
299,288
300,288
301,288
303,288
304,288
305,288
307,288
308,288
309,288
311,288
313,288
315,288
317,288
319,288
321,288
323,288
325,288
327,288
329,288
70,289
71,289
72,289
73,289
74,289
75,289
76,289
77,289
78,289
79,289
80,289
81,289
82,289
83,289
84,289
85,289
86,289
87,289
88,289
89,289
90,289
91,289
92,289
93,289
94,289
95,289
96,289
97,289
98,289
99,289
100,289
101,289
102,289
103,289
104,289
105,289
106,289
107,289
108,289
109,289
110,289
111,289
112,289
113,289
114,289
115,289
116,289
117,289
118,289
119,289
120,289
121,289
122,289
123,289
124,289
125,289
126,289
127,289
128,289
129,289
130,289
131,289
132,289
133,289
134,289
135,289
136,289
138,289
139,289
140,289
141,289
142,289
143,289
144,289
145,289
146,289
147,289
148,289
149,289
150,289
151,289
152,289
153,289
154,289
155,289
156,289
157,289
158,289
159,289
160,289
162,289
164,289
166,289
168,289
170,289
172,289
174,289
176,289
178,289
180,289
182,289
184,289
186,289
188,289
190,289
192,289
194,289
196,289
198,289
200,289
202,289
204,289
206,289
207,289
208,289
210,289
211,289
212,289
213,289
214,289
215,289
216,289
218,289
219,289
220,289
221,289
222,289
223,289
224,289
225,289
226,289
227,289
228,289
229,289
230,289
231,289
232,289
233,289
234,289
235,289
236,289
237,289
238,289
239,289
240,289
241,289
242,289
243,289
244,289
245,289
246,289
247,289
248,289
249,289
250,289
251,289
252,289
253,289
254,289
255,289
256,289
257,289
258,289
259,289
260,289
261,289
262,289
263,289
264,289
266,289
267,289
268,289
270,289
271,289
272,289
273,289
274,289
275,289
276,289
277,289
278,289
279,289
280,289
281,289
282,289
283,289
284,289
285,289
286,289
287,289
288,289
289,289
290,289
291,289
292,289
293,289
294,289
295,289
296,289
297,289
298,289
299,289
300,289
301,289
302,289
303,289
304,289
305,289
306,289
307,289
308,289
309,289
310,289
311,289
312,289
313,289
314,289
315,289
316,289
317,289
318,289
319,289
320,289
321,289
322,289
323,289
324,289
325,289
326,289
327,289
328,289
329,289
70,290
71,290
73,290
74,290
75,290
77,290
78,290
79,290
81,290
82,290
83,290
85,290
86,290
87,290
89,290
90,290
91,290
93,290
94,290
95,290
97,290
98,290
99,290
101,290
102,290
103,290
105,290
106,290
107,290
109,290
110,290
111,290
113,290
114,290
115,290
117,290
118,290
119,290
121,290
122,290
123,290
124,290
125,290
126,290
127,290
129,290
130,290
131,290
132,290
133,290
134,290
135,290
137,290
139,290
141,290
143,290
144,290
145,290
146,290
147,290
149,290
150,290
151,290
153,290
154,290
155,290
156,290
157,290
158,290
159,290
161,290
163,290
165,290
167,290
169,290
171,290
175,290
177,290
179,290
181,290
183,290
185,290
187,290
189,290
191,290
193,290
195,290
197,290
199,290
201,290
203,290
205,290
207,290
209,290
211,290
213,290
214,290
215,290
221,290
222,290
223,290
224,290
225,290
226,290
227,290
229,290
230,290
231,290
233,290
235,290
237,290
238,290
239,290
241,290
243,290
245,290
246,290
247,290
249,290
250,290
251,290
252,290
253,290
254,290
255,290
257,290
258,290
259,290
261,290
263,290
265,290
267,290
269,290
271,290
273,290
274,290
275,290
277,290
279,290
281,290
282,290
283,290
285,290
286,290
287,290
288,290
289,290
290,290
291,290
293,290
294,290
295,290
297,290
298,290
299,290
301,290
302,290
303,290
305,290
306,290
307,290
309,290
310,290
311,290
313,290
314,290
315,290
317,290
318,290
319,290
321,290
322,290
323,290
325,290
326,290
327,290
329,290
70,291
71,291
72,291
73,291
74,291
75,291
76,291
77,291
78,291
79,291
80,291
81,291
82,291
83,291
84,291
85,291
86,291
87,291
88,291
89,291
90,291
91,291
92,291
93,291
94,291
95,291
96,291
97,291
98,291
99,291
100,291
101,291
102,291
103,291
104,291
105,291
106,291
107,291
108,291
109,291
110,291
111,291
112,291
113,291
114,291
115,291
116,291
117,291
118,291
119,291
120,291
121,291
122,291
123,291
124,291
125,291
126,291
127,291
128,291
129,291
130,291
131,291
132,291
133,291
134,291
135,291
136,291
137,291
138,291
139,291
140,291
141,291
142,291
143,291
144,291
145,291
146,291
147,291
148,291
149,291
150,291
152,291
153,291
154,291
155,291
156,291
157,291
158,291
159,291
160,291
161,291
162,291
164,291
166,291
168,291
170,291
172,291
174,291
176,291
178,291
180,291
182,291
184,291
186,291
188,291
190,291
192,291
194,291
196,291
198,291
200,291
202,291
204,291
206,291
208,291
210,291
211,291
212,291
213,291
214,291
215,291
216,291
220,291
222,291
223,291
224,291
225,291
226,291
227,291
228,291
229,291
230,291
231,291
232,291
233,291
234,291
235,291
236,291
237,291
238,291
239,291
240,291
241,291
242,291
244,291
245,291
246,291
247,291
248,291
249,291
250,291
251,291
252,291
253,291
254,291
255,291
256,291
257,291
258,291
259,291
260,291
261,291
262,291
264,291
266,291
268,291
269,291
270,291
272,291
273,291
274,291
275,291
276,291
277,291
278,291
280,291
281,291
282,291
283,291
284,291
285,291
286,291
287,291
288,291
289,291
290,291
291,291
292,291
293,291
294,291
295,291
296,291
297,291
298,291
299,291
300,291
301,291
302,291
303,291
304,291
305,291
306,291
307,291
308,291
309,291
310,291
311,291
312,291
313,291
314,291
315,291
316,291
317,291
318,291
319,291
320,291
321,291
322,291
323,291
324,291
325,291
326,291
327,291
328,291
329,291
71,292
72,292
73,292
75,292
76,292
77,292
79,292
80,292
81,292
83,292
84,292
85,292
87,292
88,292
89,292
91,292
92,292
93,292
95,292
96,292
97,292
99,292
100,292
101,292
103,292
104,292
105,292
107,292
109,292
111,292
113,292
115,292
116,292
117,292
119,292
121,292
122,292
123,292
124,292
125,292
127,292
128,292
129,292
130,292
131,292
132,292
133,292
135,292
137,292
139,292
141,292
143,292
144,292
145,292
147,292
148,292
149,292
151,292
153,292
155,292
156,292
157,292
159,292
160,292
161,292
165,292
167,292
169,292
173,292
177,292
181,292
185,292
189,292
193,292
195,292
197,292
199,292
201,292
203,292
205,292
207,292
209,292
211,292
213,292
215,292
225,292
227,292
228,292
229,292
231,292
233,292
235,292
236,292
237,292
239,292
240,292
241,292
243,292
245,292
247,292
248,292
249,292
251,292
252,292
253,292
255,292
256,292
257,292
259,292
260,292
261,292
263,292
265,292
267,292
269,292
271,292
273,292
275,292
277,292
279,292
281,292
283,292
285,292
287,292
289,292
291,292
292,292
293,292
295,292
297,292
299,292
301,292
303,292
305,292
307,292
309,292
311,292
313,292
315,292
317,292
319,292
321,292
323,292
325,292
327,292
329,292
70,293
71,293
72,293
73,293
74,293
75,293
76,293
77,293
78,293
79,293
80,293
81,293
82,293
83,293
84,293
85,293
86,293
87,293
88,293
89,293
90,293
91,293
92,293
93,293
94,293
95,293
96,293
97,293
98,293
99,293
100,293
101,293
102,293
103,293
104,293
105,293
106,293
107,293
108,293
109,293
110,293
111,293
112,293
113,293
114,293
115,293
116,293
117,293
118,293
119,293
120,293
121,293
122,293
123,293
124,293
125,293
126,293
127,293
128,293
129,293
130,293
131,293
132,293
133,293
134,293
135,293
136,293
137,293
138,293
139,293
140,293
141,293
142,293
143,293
144,293
145,293
146,293
147,293
148,293
149,293
150,293
151,293
152,293
153,293
154,293
155,293
156,293
157,293
158,293
159,293
160,293
161,293
162,293
164,293
166,293
168,293
170,293
172,293
174,293
176,293
178,293
180,293
182,293
184,293
186,293
188,293
190,293
192,293
194,293
196,293
198,293
200,293
202,293
204,293
206,293
207,293
208,293
209,293
210,293
211,293
212,293
213,293
214,293
218,293
220,293
222,293
224,293
226,293
227,293
228,293
229,293
230,293
231,293
232,293
234,293
235,293
236,293
237,293
238,293
239,293
240,293
241,293
242,293
243,293
244,293
245,293
246,293
247,293
248,293
249,293
250,293
251,293
252,293
253,293
254,293
255,293
256,293
257,293
258,293
259,293
260,293
261,293
262,293
263,293
264,293
266,293
267,293
268,293
269,293
270,293
271,293
272,293
274,293
275,293
276,293
277,293
278,293
279,293
280,293
281,293
282,293
283,293
284,293
286,293
287,293
288,293
289,293
290,293
291,293
292,293
293,293
294,293
295,293
296,293
297,293
298,293
299,293
300,293
301,293
302,293
303,293
304,293
305,293
306,293
307,293
308,293
309,293
310,293
311,293
312,293
313,293
314,293
315,293
316,293
317,293
318,293
319,293
320,293
321,293
322,293
323,293
324,293
325,293
326,293
327,293
328,293
329,293
70,294
71,294
73,294
74,294
75,294
77,294
78,294
79,294
81,294
82,294
83,294
85,294
86,294
87,294
89,294
90,294
91,294
93,294
94,294
95,294
97,294
98,294
99,294
101,294
102,294
103,294
105,294
106,294
107,294
109,294
110,294
111,294
112,294
113,294
114,294
115,294
116,294
117,294
119,294
121,294
122,294
123,294
124,294
125,294
126,294
127,294
128,294
129,294
130,294
131,294
132,294
133,294
134,294
135,294
137,294
139,294
141,294
143,294
144,294
145,294
146,294
147,294
148,294
149,294
150,294
151,294
153,294
155,294
156,294
157,294
158,294
159,294
160,294
161,294
162,294
163,294
165,294
167,294
169,294
171,294
173,294
175,294
177,294
179,294
181,294
183,294
185,294
187,294
189,294
191,294
193,294
195,294
197,294
199,294
201,294
203,294
205,294
207,294
209,294
210,294
211,294
213,294
227,294
229,294
230,294
231,294
233,294
235,294
237,294
238,294
239,294
240,294
241,294
243,294
245,294
246,294
247,294
249,294
250,294
251,294
252,294
253,294
254,294
255,294
256,294
257,294
258,294
259,294
261,294
263,294
265,294
267,294
269,294
271,294
273,294
274,294
275,294
277,294
279,294
281,294
283,294
285,294
287,294
288,294
289,294
290,294
291,294
293,294
294,294
295,294
297,294
298,294
299,294
301,294
302,294
303,294
305,294
306,294
307,294
309,294
310,294
311,294
313,294
314,294
315,294
317,294
318,294
319,294
321,294
322,294
323,294
325,294
327,294
329,294
70,295
71,295
72,295
73,295
74,295
75,295
76,295
77,295
78,295
79,295
80,295
81,295
82,295
83,295
84,295
85,295
86,295
87,295
88,295
89,295
90,295
91,295
92,295
93,295
94,295
95,295
96,295
97,295
98,295
99,295
100,295
101,295
102,295
103,295
104,295
105,295
106,295
107,295
108,295
109,295
110,295
111,295
112,295
113,295
114,295
115,295
116,295
117,295
118,295
119,295
120,295
121,295
122,295
123,295
124,295
125,295
126,295
127,295
128,295
129,295
130,295
131,295
132,295
133,295
134,295
136,295
137,295
138,295
139,295
140,295
141,295
142,295
143,295
144,295
145,295
146,295
147,295
148,295
149,295
150,295
151,295
152,295
153,295
154,295
155,295
156,295
157,295
158,295
159,295
160,295
161,295
162,295
163,295
164,295
166,295
168,295
170,295
172,295
174,295
176,295
178,295
180,295
182,295
184,295
186,295
188,295
190,295
192,295
194,295
196,295
198,295
200,295
202,295
204,295
205,295
206,295
208,295
209,295
210,295
211,295
212,295
213,295
214,295
216,295
220,295
224,295
226,295
228,295
229,295
230,295
231,295
232,295
233,295
234,295
235,295
236,295
237,295
238,295
239,295
240,295
241,295
242,295
244,295
245,295
246,295
247,295
248,295
249,295
250,295
251,295
252,295
253,295
254,295
255,295
256,295
257,295
258,295
259,295
260,295
261,295
262,295
264,295
266,295
268,295
269,295
270,295
272,295
273,295
274,295
275,295
276,295
278,295
280,295
281,295
282,295
284,295
285,295
286,295
288,295
289,295
290,295
291,295
292,295
293,295
294,295
295,295
296,295
297,295
298,295
299,295
300,295
301,295
302,295
303,295
304,295
305,295
306,295
307,295
308,295
309,295
310,295
311,295
312,295
313,295
314,295
315,295
316,295
317,295
318,295
319,295
320,295
321,295
322,295
323,295
324,295
325,295
326,295
327,295
328,295
329,295
71,296
72,296
73,296
75,296
76,296
77,296
79,296
80,296
81,296
83,296
84,296
85,296
87,296
88,296
89,296
91,296
92,296
93,296
95,296
96,296
97,296
99,296
100,296
101,296
103,296
104,296
105,296
107,296
108,296
109,296
110,296
111,296
112,296
113,296
115,296
116,296
117,296
119,296
120,296
121,296
123,296
124,296
125,296
127,296
128,296
129,296
131,296
132,296
133,296
135,296
137,296
139,296
141,296
143,296
144,296
145,296
147,296
148,296
149,296
151,296
153,296
155,296
156,296
157,296
159,296
160,296
161,296
163,296
164,296
165,296
167,296
169,296
171,296
173,296
175,296
177,296
179,296
181,296
185,296
189,296
193,296
195,296
197,296
199,296
201,296
203,296
205,296
207,296
208,296
209,296
211,296
212,296
213,296
229,296
231,296
233,296
235,296
236,296
237,296
239,296
240,296
241,296
243,296
245,296
247,296
248,296
249,296
251,296
252,296
253,296
255,296
256,296
257,296
259,296
260,296
261,296
263,296
265,296
267,296
269,296
271,296
273,296
275,296
277,296
279,296
281,296
283,296
285,296
287,296
288,296
289,296
291,296
292,296
293,296
295,296
296,296
297,296
299,296
301,296
303,296
305,296
307,296
309,296
311,296
313,296
315,296
317,296
319,296
321,296
323,296
325,296
327,296
329,296
70,297
71,297
72,297
73,297
74,297
75,297
76,297
77,297
78,297
79,297
80,297
81,297
82,297
83,297
84,297
85,297
86,297
87,297
88,297
89,297
90,297
91,297
92,297
93,297
94,297
95,297
96,297
97,297
98,297
99,297
100,297
101,297
102,297
103,297
104,297
105,297
106,297
107,297
108,297
109,297
110,297
111,297
112,297
113,297
114,297
115,297
116,297
117,297
118,297
119,297
120,297
121,297
122,297
123,297
124,297
125,297
126,297
127,297
128,297
129,297
130,297
131,297
132,297
133,297
134,297
135,297
136,297
138,297
139,297
140,297
142,297
143,297
144,297
145,297
146,297
147,297
148,297
149,297
150,297
151,297
152,297
154,297
155,297
156,297
157,297
158,297
159,297
160,297
161,297
162,297
163,297
164,297
165,297
166,297
167,297
168,297
170,297
171,297
172,297
174,297
176,297
178,297
180,297
182,297
184,297
186,297
188,297
190,297
192,297
194,297
196,297
198,297
199,297
200,297
202,297
203,297
204,297
206,297
207,297
208,297
209,297
210,297
211,297
212,297
213,297
214,297
216,297
218,297
220,297
222,297
224,297
226,297
228,297
229,297
230,297
231,297
232,297
234,297
235,297
236,297
237,297
238,297
239,297
240,297
241,297
242,297
243,297
244,297
245,297
246,297
247,297
248,297
249,297
250,297
251,297
252,297
253,297
254,297
255,297
256,297
257,297
258,297
259,297
260,297
261,297
262,297
263,297
264,297
266,297
267,297
268,297
269,297
270,297
271,297
272,297
273,297
274,297
275,297
276,297
278,297
279,297
280,297
282,297
283,297
284,297
286,297
287,297
288,297
289,297
290,297
291,297
292,297
293,297
294,297
295,297
296,297
297,297
298,297
299,297
300,297
301,297
302,297
303,297
304,297
305,297
306,297
307,297
308,297
309,297
310,297
311,297
312,297
313,297
314,297
315,297
316,297
317,297
318,297
319,297
320,297
321,297
322,297
323,297
324,297
325,297
326,297
327,297
328,297
329,297
70,298
71,298
73,298
74,298
75,298
77,298
78,298
79,298
81,298
82,298
83,298
85,298
86,298
87,298
88,298
89,298
90,298
91,298
92,298
93,298
94,298
95,298
96,298
97,298
98,298
99,298
100,298
101,298
102,298
103,298
104,298
105,298
106,298
107,298
108,298
109,298
110,298
111,298
112,298
113,298
114,298
115,298
117,298
119,298
120,298
121,298
122,298
123,298
124,298
125,298
126,298
127,298
128,298
129,298
130,298
131,298
132,298
133,298
134,298
135,298
137,298
139,298
141,298
142,298
143,298
144,298
145,298
146,298
147,298
149,298
151,298
155,298
156,298
157,298
158,298
159,298
160,298
161,298
162,298
163,298
165,298
166,298
167,298
169,298
171,298
173,298
175,298
177,298
179,298
181,298
183,298
185,298
187,298
189,298
191,298
193,298
195,298
197,298
199,298
201,298
203,298
205,298
206,298
207,298
209,298
210,298
211,298
213,298
227,298
229,298
231,298
233,298
234,298
235,298
237,298
238,298
239,298
240,298
241,298
243,298
245,298
246,298
247,298
249,298
250,298
251,298
253,298
254,298
255,298
256,298
257,298
258,298
259,298
261,298
263,298
265,298
267,298
269,298
271,298
273,298
274,298
275,298
277,298
279,298
281,298
283,298
285,298
287,298
289,298
290,298
291,298
292,298
293,298
294,298
295,298
297,298
298,298
299,298
301,298
302,298
303,298
305,298
306,298
307,298
309,298
310,298
311,298
313,298
314,298
315,298
317,298
319,298
321,298
323,298
325,298
327,298
329,298
70,299
71,299
72,299
73,299
74,299
75,299
76,299
77,299
78,299
79,299
80,299
81,299
82,299
83,299
84,299
85,299
86,299
87,299
88,299
89,299
90,299
91,299
92,299
93,299
94,299
95,299
96,299
97,299
98,299
99,299
100,299
101,299
102,299
103,299
104,299
105,299
106,299
107,299
108,299
109,299
110,299
111,299
112,299
113,299
114,299
115,299
116,299
117,299
118,299
119,299
120,299
121,299
122,299
123,299
124,299
125,299
126,299
127,299
128,299
129,299
130,299
131,299
132,299
133,299
134,299
136,299
137,299
138,299
140,299
141,299
142,299
143,299
144,299
145,299
146,299
148,299
152,299
156,299
157,299
158,299
159,299
160,299
161,299
162,299
163,299
164,299
165,299
166,299
167,299
168,299
169,299
170,299
172,299
174,299
176,299
178,299
180,299
182,299
184,299
186,299
188,299
190,299
192,299
194,299
196,299
198,299
200,299
201,299
202,299
204,299
205,299
206,299
207,299
208,299
209,299
210,299
211,299
212,299
214,299
216,299
218,299
220,299
222,299
224,299
226,299
228,299
230,299
231,299
232,299
233,299
234,299
235,299
236,299
237,299
238,299
239,299
240,299
241,299
242,299
243,299
244,299
245,299
246,299
247,299
248,299
249,299
250,299
251,299
252,299
253,299
254,299
255,299
256,299
257,299
258,299
259,299
260,299
261,299
262,299
264,299
266,299
268,299
270,299
272,299
273,299
274,299
275,299
276,299
278,299
280,299
281,299
282,299
284,299
285,299
286,299
288,299
289,299
290,299
291,299
292,299
293,299
294,299
295,299
296,299
297,299
298,299
299,299
300,299
301,299
302,299
303,299
304,299
305,299
306,299
307,299
308,299
309,299
310,299
311,299
312,299
313,299
314,299
315,299
316,299
317,299
318,299
319,299
320,299
321,299
322,299
323,299
324,299
325,299
326,299
327,299
328,299
329,299
71,300
72,300
73,300
75,300
76,300
77,300
79,300
80,300
81,300
83,300
84,300
85,300
87,300
88,300
89,300
91,300
92,300
93,300
95,300
96,300
97,300
99,300
100,300
101,300
103,300
104,300
105,300
106,300
107,300
108,300
109,300
111,300
112,300
113,300
115,300
117,300
119,300
120,300
121,300
123,300
124,300
125,300
127,300
128,300
129,300
131,300
132,300
133,300
135,300
137,300
139,300
141,300
143,300
144,300
145,300
157,300
159,300
160,300
161,300
163,300
165,300
167,300
169,300
171,300
173,300
175,300
177,300
179,300
181,300
183,300
185,300
187,300
189,300
193,300
195,300
197,300
199,300
201,300
203,300
205,300
207,300
208,300
209,300
211,300
213,300
217,300
219,300
221,300
225,300
231,300
233,300
235,300
236,300
237,300
239,300
240,300
241,300
243,300
245,300
247,300
248,300
249,300
251,300
252,300
253,300
255,300
256,300
257,300
259,300
260,300
261,300
263,300
265,300
267,300
269,300
271,300
273,300
275,300
277,300
279,300
281,300
283,300
285,300
287,300
289,300
291,300
292,300
293,300
295,300
297,300
299,300
301,300
303,300
305,300
307,300
309,300
311,300
313,300
315,300
317,300
319,300
321,300
323,300
325,300
327,300
329,300
70,301
71,301
72,301
73,301
74,301
75,301
76,301
77,301
78,301
79,301
80,301
81,301
82,301
83,301
84,301
85,301
86,301
87,301
88,301
89,301
90,301
91,301
92,301
93,301
94,301
95,301
96,301
97,301
98,301
99,301
100,301
101,301
102,301
103,301
104,301
105,301
106,301
107,301
108,301
109,301
110,301
111,301
112,301
113,301
114,301
115,301
116,301
117,301
118,301
119,301
120,301
121,301
122,301
123,301
124,301
125,301
126,301
127,301
128,301
129,301
130,301
131,301
132,301
133,301
134,301
135,301
136,301
138,301
139,301
140,301
141,301
142,301
143,301
144,301
146,301
150,301
152,301
154,301
156,301
157,301
158,301
159,301
160,301
161,301
162,301
163,301
164,301
165,301
166,301
167,301
168,301
169,301
170,301
171,301
172,301
174,301
175,301
176,301
178,301
179,301
180,301
182,301
183,301
184,301
186,301
187,301
188,301
190,301
192,301
194,301
196,301
198,301
199,301
200,301
201,301
202,301
203,301
204,301
205,301
206,301
207,301
208,301
209,301
210,301
212,301
214,301
216,301
218,301
220,301
222,301
224,301
226,301
228,301
230,301
232,301
233,301
234,301
235,301
236,301
237,301
238,301
239,301
240,301
241,301
242,301
243,301
244,301
245,301
246,301
247,301
248,301
249,301
250,301
251,301
252,301
253,301
254,301
255,301
256,301
257,301
258,301
259,301
260,301
261,301
262,301
263,301
264,301
266,301
267,301
268,301
270,301
272,301
274,301
275,301
276,301
278,301
279,301
280,301
282,301
283,301
284,301
286,301
287,301
288,301
289,301
290,301
291,301
292,301
293,301
294,301
295,301
296,301
298,301
299,301
300,301
301,301
302,301
303,301
304,301
305,301
306,301
307,301
308,301
309,301
310,301
311,301
312,301
313,301
314,301
315,301
316,301
317,301
318,301
319,301
320,301
321,301
322,301
323,301
324,301
325,301
326,301
327,301
328,301
329,301
70,302
71,302
73,302
74,302
75,302
77,302
78,302
79,302
81,302
82,302
83,302
85,302
86,302
87,302
89,302
90,302
91,302
92,302
93,302
94,302
95,302
97,302
98,302
99,302
100,302
101,302
102,302
103,302
104,302
105,302
106,302
107,302
108,302
109,302
110,302
111,302
112,302
113,302
114,302
115,302
117,302
118,302
119,302
120,302
121,302
122,302
123,302
124,302
125,302
126,302
127,302
128,302
129,302
130,302
131,302
132,302
133,302
135,302
137,302
139,302
141,302
142,302
143,302
157,302
158,302
159,302
160,302
161,302
162,302
163,302
164,302
165,302
166,302
167,302
168,302
169,302
171,302
173,302
175,302
177,302
179,302
181,302
183,302
185,302
187,302
189,302
191,302
193,302
195,302
197,302
199,302
200,302
201,302
202,302
203,302
205,302
206,302
207,302
209,302
211,302
213,302
215,302
217,302
219,302
221,302
223,302
225,302
227,302
231,302
233,302
235,302
237,302
238,302
239,302
241,302
243,302
245,302
246,302
247,302
249,302
250,302
251,302
252,302
253,302
254,302
255,302
256,302
257,302
258,302
259,302
260,302
261,302
263,302
265,302
267,302
269,302
271,302
273,302
274,302
275,302
277,302
279,302
281,302
283,302
285,302
287,302
289,302
290,302
291,302
292,302
293,302
294,302
295,302
297,302
299,302
301,302
302,302
303,302
305,302
306,302
307,302
309,302
310,302
311,302
313,302
315,302
317,302
319,302
321,302
323,302
325,302
327,302
329,302
70,303
71,303
72,303
73,303
74,303
75,303
76,303
77,303
78,303
79,303
80,303
81,303
82,303
83,303
84,303
85,303
86,303
87,303
88,303
89,303
90,303
91,303
92,303
93,303
94,303
95,303
96,303
97,303
98,303
99,303
100,303
101,303
102,303
103,303
104,303
105,303
106,303
107,303
108,303
109,303
110,303
111,303
112,303
113,303
114,303
115,303
116,303
117,303
118,303
119,303
120,303
121,303
122,303
123,303
124,303
125,303
126,303
127,303
128,303
129,303
130,303
131,303
132,303
133,303
134,303
136,303
137,303
138,303
140,303
141,303
142,303
144,303
146,303
148,303
152,303
156,303
158,303
159,303
160,303
161,303
162,303
163,303
164,303
165,303
166,303
167,303
168,303
169,303
170,303
172,303
173,303
174,303
176,303
177,303
178,303
180,303
181,303
182,303
184,303
185,303
186,303
188,303
189,303
190,303
192,303
194,303
196,303
197,303
198,303
199,303
200,303
201,303
202,303
203,303
204,303
205,303
206,303
207,303
208,303
210,303
212,303
214,303
216,303
218,303
220,303
222,303
224,303
225,303
226,303
228,303
230,303
232,303
234,303
235,303
236,303
237,303
238,303
239,303
240,303
241,303
242,303
244,303
245,303
246,303
247,303
248,303
249,303
250,303
251,303
252,303
253,303
254,303
255,303
256,303
257,303
258,303
259,303
260,303
261,303
262,303
264,303
266,303
268,303
270,303
272,303
274,303
275,303
276,303
278,303
280,303
282,303
284,303
285,303
286,303
288,303
289,303
290,303
291,303
292,303
293,303
294,303
295,303
296,303
297,303
298,303
300,303
301,303
302,303
303,303
304,303
305,303
306,303
307,303
308,303
309,303
310,303
311,303
312,303
313,303
314,303
315,303
316,303
317,303
318,303
319,303
320,303
321,303
322,303
323,303
324,303
325,303
326,303
327,303
328,303
329,303
71,304
72,304
73,304
75,304
76,304
77,304
79,304
80,304
81,304
83,304
84,304
85,304
87,304
88,304
89,304
91,304
92,304
93,304
95,304
96,304
97,304
99,304
100,304
101,304
102,304
103,304
104,304
105,304
107,304
108,304
109,304
111,304
112,304
113,304
115,304
117,304
119,304
120,304
121,304
123,304
124,304
125,304
127,304
128,304
129,304
131,304
132,304
133,304
135,304
137,304
139,304
141,304
143,304
145,304
159,304
160,304
161,304
163,304
164,304
165,304
167,304
168,304
169,304
171,304
173,304
175,304
177,304
179,304
181,304
183,304
185,304
187,304
189,304
191,304
193,304
195,304
197,304
199,304
200,304
201,304
203,304
204,304
205,304
211,304
213,304
217,304
219,304
221,304
225,304
227,304
229,304
233,304
235,304
236,304
237,304
239,304
241,304
243,304
245,304
247,304
248,304
249,304
251,304
252,304
253,304
255,304
256,304
257,304
259,304
260,304
261,304
263,304
265,304
267,304
269,304
271,304
273,304
275,304
277,304
279,304
281,304
283,304
285,304
287,304
289,304
291,304
293,304
295,304
297,304
301,304
303,304
304,304
305,304
307,304
308,304
309,304
311,304
313,304
315,304
317,304
319,304
321,304
323,304
325,304
327,304
329,304
70,305
71,305
72,305
73,305
74,305
75,305
76,305
77,305
78,305
79,305
80,305
81,305
82,305
83,305
84,305
85,305
86,305
87,305
88,305
89,305
90,305
91,305
92,305
93,305
94,305
95,305
96,305
97,305
98,305
99,305
100,305
101,305
102,305
103,305
104,305
105,305
106,305
107,305
108,305
109,305
110,305
111,305
112,305
113,305
114,305
115,305
116,305
117,305
118,305
119,305
120,305
121,305
122,305
123,305
124,305
125,305
126,305
127,305
128,305
129,305
130,305
131,305
132,305
133,305
134,305
135,305
136,305
137,305
138,305
139,305
140,305
141,305
142,305
143,305
144,305
146,305
148,305
150,305
152,305
154,305
156,305
158,305
160,305
161,305
162,305
163,305
164,305
165,305
166,305
167,305
168,305
169,305
170,305
171,305
172,305
173,305
174,305
175,305
176,305
177,305
178,305
179,305
180,305
182,305
183,305
184,305
185,305
186,305
187,305
188,305
190,305
191,305
192,305
194,305
195,305
196,305
197,305
198,305
199,305
200,305
202,305
203,305
204,305
206,305
208,305
210,305
211,305
212,305
214,305
215,305
216,305
218,305
219,305
220,305
222,305
223,305
224,305
225,305
226,305
227,305
228,305
230,305
232,305
233,305
234,305
235,305
236,305
237,305
238,305
239,305
240,305
241,305
242,305
243,305
244,305
245,305
246,305
247,305
248,305
249,305
250,305
251,305
252,305
253,305
254,305
255,305
256,305
257,305
258,305
259,305
260,305
261,305
262,305
263,305
264,305
266,305
267,305
268,305
270,305
271,305
272,305
274,305
275,305
276,305
278,305
279,305
280,305
282,305
283,305
284,305
285,305
286,305
287,305
288,305
289,305
290,305
291,305
292,305
293,305
294,305
295,305
296,305
298,305
300,305
301,305
302,305
303,305
304,305
305,305
306,305
307,305
308,305
309,305
310,305
311,305
312,305
313,305
314,305
315,305
316,305
317,305
318,305
319,305
320,305
321,305
322,305
323,305
324,305
325,305
326,305
327,305
328,305
329,305
70,306
71,306
72,306
73,306
74,306
75,306
76,306
77,306
78,306
79,306
80,306
81,306
82,306
83,306
84,306
85,306
86,306
87,306
89,306
90,306
91,306
92,306
93,306
94,306
95,306
96,306
97,306
98,306
99,306
101,306
102,306
103,306
104,306
105,306
106,306
107,306
108,306
109,306
110,306
111,306
113,306
114,306
115,306
117,306
119,306
121,306
122,306
123,306
125,306
126,306
127,306
129,306
130,306
131,306
132,306
133,306
135,306
137,306
139,306
141,306
143,306
145,306
147,306
151,306
153,306
155,306
159,306
161,306
162,306
163,306
165,306
166,306
167,306
168,306
169,306
170,306
171,306
172,306
173,306
174,306
175,306
177,306
179,306
181,306
183,306
185,306
187,306
189,306
191,306
193,306
194,306
195,306
197,306
199,306
201,306
203,306
209,306
211,306
213,306
215,306
217,306
219,306
221,306
223,306
225,306
226,306
227,306
229,306
231,306
233,306
235,306
237,306
238,306
239,306
241,306
243,306
245,306
246,306
247,306
248,306
249,306
250,306
251,306
253,306
254,306
255,306
257,306
258,306
259,306
261,306
263,306
265,306
267,306
269,306
271,306
273,306
274,306
275,306
277,306
279,306
281,306
283,306
285,306
287,306
289,306
290,306
291,306
293,306
294,306
295,306
297,306
299,306
301,306
302,306
303,306
305,306
306,306
307,306
309,306
310,306
311,306
313,306
314,306
315,306
317,306
318,306
319,306
321,306
322,306
323,306
325,306
326,306
327,306
329,306
70,307
71,307
72,307
73,307
74,307
75,307
76,307
77,307
78,307
79,307
80,307
81,307
82,307
83,307
84,307
85,307
86,307
87,307
88,307
89,307
90,307
91,307
92,307
93,307
94,307
95,307
96,307
97,307
98,307
100,307
101,307
102,307
103,307
104,307
105,307
106,307
107,307
108,307
109,307
110,307
111,307
112,307
113,307
114,307
115,307
116,307
117,307
118,307
119,307
120,307
121,307
122,307
123,307
124,307
125,307
126,307
127,307
128,307
129,307
130,307
131,307
132,307
133,307
134,307
135,307
136,307
137,307
138,307
139,307
140,307
141,307
142,307
144,307
146,307
148,307
150,307
152,307
153,307
154,307
156,307
158,307
160,307
162,307
163,307
164,307
165,307
166,307
167,307
168,307
169,307
170,307
171,307
172,307
174,307
175,307
176,307
177,307
178,307
180,307
181,307
182,307
184,307
185,307
186,307
188,307
189,307
190,307
192,307
193,307
194,307
196,307
198,307
200,307
202,307
204,307
206,307
208,307
210,307
212,307
214,307
216,307
218,307
220,307
222,307
223,307
224,307
225,307
226,307
227,307
228,307
229,307
230,307
232,307
233,307
234,307
235,307
236,307
237,307
238,307
239,307
240,307
241,307
242,307
244,307
245,307
246,307
247,307
248,307
249,307
250,307
251,307
252,307
253,307
254,307
255,307
256,307
257,307
258,307
259,307
260,307
261,307
262,307
264,307
265,307
266,307
268,307
270,307
272,307
273,307
274,307
275,307
276,307
278,307
280,307
281,307
282,307
284,307
286,307
288,307
289,307
290,307
291,307
292,307
293,307
294,307
295,307
296,307
298,307
300,307
301,307
302,307
303,307
304,307
305,307
306,307
307,307
308,307
309,307
310,307
311,307
312,307
313,307
314,307
315,307
316,307
317,307
318,307
319,307
320,307
321,307
322,307
323,307
324,307
325,307
326,307
327,307
328,307
329,307
71,308
72,308
73,308
75,308
76,308
77,308
79,308
80,308
81,308
83,308
84,308
85,308
87,308
88,308
89,308
91,308
92,308
93,308
95,308
97,308
99,308
101,308
103,308
104,308
105,308
107,308
108,308
109,308
111,308
112,308
113,308
115,308
117,308
119,308
120,308
121,308
123,308
124,308
125,308
127,308
128,308
129,308
131,308
132,308
133,308
135,308
137,308
139,308
141,308
143,308
145,308
147,308
149,308
151,308
153,308
155,308
157,308
159,308
163,308
165,308
167,308
168,308
169,308
175,308
177,308
179,308
181,308
183,308
185,308
187,308
189,308
191,308
192,308
193,308
197,308
209,308
211,308
213,308
215,308
217,308
219,308
221,308
223,308
224,308
225,308
227,308
228,308
229,308
231,308
233,308
235,308
236,308
237,308
239,308
241,308
243,308
244,308
245,308
247,308
248,308
249,308
251,308
252,308
253,308
255,308
256,308
257,308
259,308
261,308
263,308
265,308
267,308
269,308
271,308
273,308
275,308
277,308
279,308
281,308
283,308
285,308
287,308
289,308
291,308
292,308
293,308
295,308
297,308
299,308
301,308
303,308
304,308
305,308
307,308
308,308
309,308
311,308
312,308
313,308
315,308
316,308
317,308
319,308
320,308
321,308
323,308
324,308
325,308
327,308
328,308
329,308
70,309
71,309
72,309
73,309
74,309
75,309
76,309
77,309
78,309
79,309
80,309
81,309
82,309
83,309
84,309
85,309
86,309
87,309
88,309
89,309
90,309
91,309
92,309
93,309
94,309
95,309
96,309
97,309
98,309
99,309
100,309
101,309
102,309
103,309
104,309
105,309
106,309
107,309
108,309
109,309
110,309
111,309
112,309
113,309
114,309
115,309
116,309
117,309
118,309
119,309
120,309
121,309
122,309
123,309
124,309
125,309
126,309
127,309
128,309
129,309
130,309
131,309
132,309
133,309
134,309
135,309
136,309
137,309
138,309
139,309
140,309
142,309
143,309
144,309
146,309
147,309
148,309
150,309
151,309
152,309
154,309
156,309
158,309
159,309
160,309
162,309
164,309
166,309
167,309
168,309
170,309
172,309
174,309
176,309
177,309
178,309
179,309
180,309
181,309
182,309
183,309
184,309
185,309
186,309
187,309
188,309
190,309
191,309
192,309
194,309
196,309
198,309
200,309
202,309
204,309
206,309
208,309
209,309
210,309
212,309
214,309
215,309
216,309
217,309
218,309
219,309
220,309
222,309
223,309
224,309
225,309
226,309
227,309
228,309
229,309
230,309
231,309
232,309
233,309
234,309
235,309
236,309
237,309
238,309
239,309
240,309
241,309
242,309
243,309
244,309
245,309
246,309
247,309
248,309
249,309
250,309
251,309
252,309
253,309
254,309
255,309
256,309
257,309
258,309
259,309
260,309
262,309
264,309
266,309
267,309
268,309
270,309
272,309
273,309
274,309
275,309
276,309
278,309
280,309
282,309
283,309
284,309
286,309
287,309
288,309
289,309
290,309
291,309
292,309
293,309
294,309
295,309
296,309
298,309
299,309
300,309
302,309
303,309
304,309
305,309
306,309
307,309
308,309
309,309
310,309
311,309
312,309
313,309
314,309
315,309
316,309
317,309
318,309
319,309
320,309
321,309
322,309
323,309
324,309
325,309
326,309
327,309
328,309
329,309
70,310
71,310
73,310
74,310
75,310
77,310
78,310
79,310
80,310
81,310
82,310
83,310
84,310
85,310
86,310
87,310
88,310
89,310
90,310
91,310
92,310
93,310
94,310
95,310
97,310
99,310
101,310
102,310
103,310
105,310
106,310
107,310
109,310
110,310
111,310
113,310
114,310
115,310
117,310
119,310
121,310
122,310
123,310
125,310
126,310
127,310
129,310
130,310
131,310
132,310
133,310
135,310
137,310
139,310
141,310
143,310
145,310
146,310
147,310
149,310
151,310
153,310
155,310
157,310
159,310
161,310
163,310
167,310
177,310
179,310
180,310
181,310
182,310
183,310
185,310
187,310
189,310
190,310
191,310
195,310
197,310
199,310
203,310
207,310
209,310
211,310
215,310
217,310
219,310
221,310
223,310
225,310
226,310
227,310
229,310
230,310
231,310
233,310
234,310
235,310
236,310
237,310
238,310
239,310
241,310
243,310
245,310
246,310
247,310
249,310
250,310
251,310
253,310
254,310
255,310
257,310
258,310
259,310
261,310
263,310
265,310
267,310
269,310
271,310
273,310
275,310
277,310
279,310
281,310
283,310
285,310
287,310
289,310
290,310
291,310
293,310
295,310
297,310
299,310
301,310
303,310
304,310
305,310
306,310
307,310
308,310
309,310
310,310
311,310
312,310
313,310
314,310
315,310
316,310
317,310
318,310
319,310
320,310
321,310
322,310
323,310
324,310
325,310
326,310
327,310
328,310
329,310
70,311
71,311
72,311
73,311
74,311
75,311
76,311
77,311
78,311
79,311
80,311
81,311
82,311
83,311
84,311
85,311
86,311
87,311
88,311
89,311
90,311
91,311
92,311
93,311
94,311
96,311
97,311
98,311
100,311
101,311
102,311
103,311
104,311
105,311
106,311
107,311
108,311
109,311
110,311
111,311
112,311
113,311
114,311
115,311
116,311
117,311
118,311
119,311
120,311
121,311
122,311
123,311
124,311
125,311
126,311
127,311
128,311
129,311
130,311
131,311
132,311
133,311
134,311
136,311
137,311
138,311
139,311
140,311
141,311
142,311
144,311
145,311
146,311
147,311
148,311
149,311
150,311
152,311
153,311
154,311
156,311
158,311
160,311
162,311
164,311
166,311
168,311
170,311
172,311
174,311
176,311
178,311
180,311
181,311
182,311
183,311
184,311
185,311
186,311
188,311
189,311
190,311
192,311
194,311
196,311
197,311
198,311
200,311
202,311
204,311
206,311
208,311
209,311
210,311
212,311
213,311
214,311
216,311
217,311
218,311
220,311
221,311
222,311
223,311
224,311
225,311
226,311
227,311
228,311
229,311
230,311
231,311
232,311
233,311
234,311
235,311
236,311
237,311
238,311
239,311
240,311
241,311
242,311
243,311
244,311
245,311
246,311
247,311
248,311
249,311
250,311
251,311
252,311
253,311
254,311
255,311
256,311
257,311
258,311
259,311
260,311
261,311
262,311
264,311
266,311
268,311
270,311
272,311
273,311
274,311
276,311
277,311
278,311
280,311
282,311
284,311
286,311
287,311
288,311
289,311
290,311
291,311
292,311
293,311
294,311
296,311
298,311
299,311
300,311
302,311
304,311
305,311
306,311
307,311
308,311
309,311
310,311
311,311
312,311
313,311
314,311
315,311
316,311
317,311
318,311
319,311
320,311
321,311
322,311
323,311
324,311
325,311
326,311
327,311
328,311
329,311
71,312
72,312
73,312
75,312
76,312
77,312
79,312
80,312
81,312
83,312
84,312
85,312
87,312
88,312
89,312
91,312
92,312
93,312
95,312
97,312
99,312
101,312
103,312
104,312
105,312
107,312
108,312
109,312
111,312
112,312
113,312
115,312
117,312
119,312
120,312
121,312
123,312
124,312
125,312
127,312
128,312
129,312
131,312
132,312
133,312
135,312
137,312
139,312
141,312
143,312
145,312
147,312
149,312
151,312
153,312
155,312
157,312
159,312
161,312
163,312
165,312
167,312
169,312
171,312
173,312
177,312
181,312
183,312
184,312
185,312
187,312
188,312
189,312
193,312
195,312
197,312
199,312
201,312
203,312
205,312
209,312
211,312
213,312
215,312
217,312
219,312
221,312
223,312
224,312
225,312
227,312
228,312
229,312
231,312
232,312
233,312
235,312
236,312
237,312
239,312
241,312
243,312
244,312
245,312
247,312
249,312
251,312
252,312
253,312
255,312
257,312
259,312
261,312
263,312
265,312
267,312
269,312
271,312
273,312
275,312
277,312
279,312
281,312
283,312
285,312
287,312
289,312
291,312
293,312
295,312
297,312
299,312
301,312
303,312
304,312
305,312
307,312
308,312
309,312
311,312
312,312
313,312
315,312
316,312
317,312
319,312
320,312
321,312
323,312
324,312
325,312
327,312
328,312
329,312
70,313
71,313
72,313
73,313
74,313
75,313
76,313
77,313
78,313
79,313
80,313
81,313
82,313
83,313
84,313
85,313
86,313
87,313
88,313
89,313
90,313
91,313
92,313
93,313
94,313
95,313
96,313
97,313
98,313
100,313
101,313
102,313
103,313
104,313
105,313
106,313
107,313
108,313
109,313
110,313
111,313
112,313
113,313
114,313
115,313
116,313
117,313
118,313
119,313
120,313
121,313
122,313
123,313
124,313
125,313
126,313
127,313
128,313
129,313
130,313
131,313
132,313
133,313
134,313
135,313
136,313
138,313
139,313
140,313
141,313
142,313
144,313
146,313
147,313
148,313
150,313
151,313
152,313
154,313
155,313
156,313
158,313
159,313
160,313
161,313
162,313
163,313
164,313
166,313
167,313
168,313
169,313
170,313
171,313
172,313
173,313
174,313
175,313
176,313
178,313
180,313
182,313
184,313
185,313
186,313
187,313
188,313
190,313
192,313
193,313
194,313
195,313
196,313
197,313
198,313
200,313
202,313
203,313
204,313
206,313
207,313
208,313
209,313
210,313
212,313
214,313
215,313
216,313
217,313
218,313
220,313
222,313
223,313
224,313
225,313
226,313
227,313
228,313
229,313
230,313
231,313
232,313
233,313
234,313
235,313
236,313
237,313
238,313
239,313
240,313
242,313
243,313
244,313
245,313
246,313
247,313
248,313
249,313
250,313
251,313
252,313
253,313
254,313
255,313
256,313
257,313
258,313
259,313
260,313
262,313
263,313
264,313
265,313
266,313
267,313
268,313
270,313
271,313
272,313
273,313
274,313
275,313
276,313
278,313
279,313
280,313
282,313
284,313
286,313
287,313
288,313
289,313
290,313
291,313
292,313
293,313
294,313
296,313
298,313
300,313
302,313
303,313
304,313
305,313
306,313
307,313
308,313
309,313
310,313
311,313
312,313
313,313
314,313
315,313
316,313
317,313
318,313
319,313
320,313
321,313
322,313
323,313
324,313
325,313
326,313
327,313
328,313
329,313
70,314
71,314
72,314
73,314
74,314
75,314
76,314
77,314
78,314
79,314
81,314
82,314
83,314
84,314
85,314
86,314
87,314
88,314
89,314
90,314
91,314
92,314
93,314
95,314
97,314
99,314
101,314
102,314
103,314
105,314
106,314
107,314
109,314
110,314
111,314
112,314
113,314
114,314
115,314
117,314
119,314
121,314
122,314
123,314
124,314
125,314
126,314
127,314
129,314
130,314
131,314
133,314
135,314
137,314
139,314
141,314
143,314
145,314
146,314
147,314
149,314
151,314
153,314
155,314
157,314
159,314
161,314
163,314
165,314
167,314
169,314
170,314
171,314
172,314
173,314
174,314
175,314
177,314
179,314
181,314
183,314
185,314
186,314
187,314
189,314
191,314
193,314
194,314
195,314
197,314
199,314
201,314
203,314
205,314
207,314
209,314
211,314
213,314
215,314
217,314
219,314
221,314
222,314
223,314
225,314
226,314
227,314
229,314
230,314
231,314
233,314
234,314
235,314
237,314
238,314
239,314
241,314
243,314
245,314
246,314
247,314
249,314
250,314
251,314
253,314
254,314
255,314
257,314
258,314
259,314
261,314
263,314
265,314
267,314
269,314
271,314
273,314
275,314
277,314
279,314
281,314
283,314
285,314
287,314
289,314
290,314
291,314
293,314
295,314
297,314
299,314
301,314
303,314
305,314
306,314
307,314
308,314
309,314
310,314
311,314
312,314
313,314
314,314
315,314
316,314
317,314
318,314
319,314
321,314
322,314
323,314
325,314
326,314
327,314
329,314
70,315
71,315
72,315
73,315
74,315
75,315
76,315
77,315
78,315
79,315
80,315
81,315
82,315
83,315
84,315
85,315
86,315
87,315
88,315
89,315
90,315
91,315
92,315
93,315
94,315
96,315
97,315
98,315
100,315
101,315
102,315
103,315
104,315
105,315
106,315
107,315
108,315
109,315
110,315
111,315
112,315
113,315
114,315
115,315
116,315
117,315
118,315
119,315
120,315
121,315
122,315
123,315
124,315
125,315
126,315
127,315
128,315
129,315
130,315
131,315
132,315
133,315
134,315
136,315
137,315
138,315
140,315
141,315
142,315
144,315
145,315
146,315
147,315
148,315
150,315
152,315
153,315
154,315
156,315
158,315
160,315
161,315
162,315
163,315
164,315
165,315
166,315
167,315
168,315
169,315
170,315
171,315
172,315
173,315
174,315
175,315
176,315
177,315
178,315
179,315
180,315
181,315
182,315
184,315
185,315
186,315
188,315
190,315
192,315
193,315
194,315
195,315
196,315
197,315
198,315
200,315
201,315
202,315
204,315
206,315
207,315
208,315
209,315
210,315
212,315
214,315
216,315
217,315
218,315
220,315
221,315
222,315
223,315
224,315
225,315
226,315
227,315
228,315
229,315
230,315
231,315
232,315
233,315
234,315
235,315
236,315
237,315
238,315
240,315
241,315
242,315
243,315
244,315
245,315
246,315
247,315
248,315
249,315
250,315
251,315
252,315
253,315
254,315
255,315
256,315
257,315
258,315
260,315
262,315
264,315
266,315
268,315
270,315
271,315
272,315
274,315
276,315
278,315
280,315
282,315
284,315
285,315
286,315
287,315
288,315
289,315
290,315
291,315
292,315
293,315
294,315
296,315
298,315
300,315
301,315
302,315
304,315
305,315
306,315
307,315
308,315
309,315
310,315
311,315
312,315
313,315
314,315
315,315
316,315
317,315
318,315
319,315
320,315
321,315
322,315
323,315
324,315
325,315
326,315
327,315
328,315
329,315
71,316
72,316
73,316
75,316
76,316
77,316
79,316
80,316
81,316
83,316
84,316
85,316
87,316
88,316
89,316
91,316
92,316
93,316
95,316
97,316
99,316
101,316
103,316
104,316
105,316
107,316
108,316
109,316
111,316
112,316
113,316
115,316
117,316
119,316
120,316
121,316
123,316
124,316
125,316
127,316
128,316
129,316
131,316
132,316
133,316
135,316
137,316
139,316
141,316
143,316
145,316
147,316
149,316
151,316
153,316
155,316
157,316
159,316
161,316
163,316
165,316
167,316
169,316
171,316
173,316
175,316
177,316
179,316
181,316
183,316
185,316
189,316
191,316
192,316
193,316
195,316
196,316
197,316
199,316
201,316
203,316
205,316
207,316
208,316
209,316
211,316
213,316
215,316
217,316
219,316
221,316
223,316
224,316
225,316
227,316
228,316
229,316
231,316
232,316
233,316
235,316
236,316
237,316
239,316
241,316
243,316
244,316
245,316
247,316
248,316
249,316
251,316
253,316
255,316
256,316
257,316
259,316
261,316
263,316
265,316
267,316
269,316
271,316
272,316
273,316
277,316
279,316
281,316
283,316
285,316
287,316
289,316
291,316
293,316
295,316
297,316
299,316
301,316
305,316
307,316
308,316
309,316
311,316
312,316
313,316
315,316
316,316
317,316
319,316
320,316
321,316
323,316
324,316
325,316
327,316
328,316
329,316
70,317
71,317
72,317
73,317
74,317
75,317
76,317
77,317
78,317
79,317
80,317
81,317
82,317
83,317
84,317
85,317
86,317
87,317
88,317
89,317
90,317
91,317
92,317
93,317
94,317
95,317
96,317
97,317
98,317
100,317
101,317
102,317
103,317
104,317
105,317
106,317
107,317
108,317
109,317
110,317
111,317
112,317
113,317
114,317
115,317
116,317
117,317
118,317
119,317
120,317
121,317
122,317
123,317
124,317
125,317
126,317
127,317
128,317
129,317
130,317
131,317
132,317
133,317
134,317
135,317
136,317
137,317
138,317
139,317
140,317
141,317
142,317
143,317
144,317
146,317
147,317
148,317
150,317
151,317
152,317
154,317
155,317
156,317
158,317
159,317
160,317
161,317
162,317
163,317
164,317
165,317
166,317
167,317
168,317
169,317
170,317
171,317
172,317
173,317
174,317
175,317
176,317
178,317
179,317
180,317
181,317
182,317
183,317
184,317
185,317
186,317
187,317
188,317
190,317
191,317
192,317
193,317
194,317
195,317
196,317
197,317
198,317
199,317
200,317
201,317
202,317
203,317
204,317
205,317
206,317
207,317
208,317
209,317
210,317
211,317
212,317
213,317
214,317
215,317
216,317
217,317
218,317
219,317
220,317
221,317
222,317
223,317
224,317
225,317
226,317
227,317
228,317
229,317
230,317
231,317
232,317
233,317
234,317
235,317
236,317
237,317
238,317
239,317
240,317
241,317
242,317
243,317
244,317
245,317
246,317
247,317
248,317
249,317
250,317
251,317
252,317
253,317
254,317
255,317
256,317
257,317
258,317
259,317
260,317
262,317
263,317
264,317
266,317
267,317
268,317
270,317
271,317
272,317
274,317
275,317
276,317
278,317
279,317
280,317
282,317
284,317
285,317
286,317
287,317
288,317
289,317
290,317
291,317
292,317
293,317
294,317
295,317
296,317
298,317
299,317
300,317
301,317
302,317
304,317
305,317
306,317
307,317
308,317
309,317
310,317
311,317
312,317
313,317
314,317
315,317
316,317
317,317
318,317
319,317
320,317
321,317
322,317
323,317
324,317
325,317
326,317
327,317
328,317
329,317
70,318
71,318
72,318
73,318
74,318
75,318
76,318
77,318
78,318
79,318
80,318
81,318
82,318
83,318
85,318
86,318
87,318
88,318
89,318
90,318
91,318
92,318
93,318
95,318
97,318
99,318
101,318
102,318
103,318
105,318
106,318
107,318
109,318
110,318
111,318
112,318
113,318
114,318
115,318
117,318
119,318
120,318
121,318
122,318
123,318
124,318
125,318
126,318
127,318
128,318
129,318
130,318
131,318
133,318
134,318
135,318
137,318
139,318
141,318
143,318
145,318
147,318
149,318
151,318
153,318
155,318
157,318
159,318
161,318
162,318
163,318
165,318
166,318
167,318
169,318
170,318
171,318
173,318
174,318
175,318
177,318
179,318
180,318
181,318
182,318
183,318
185,318
187,318
189,318
190,318
191,318
193,318
195,318
197,318
199,318
201,318
203,318
205,318
206,318
207,318
209,318
211,318
213,318
215,318
217,318
219,318
221,318
222,318
223,318
224,318
225,318
226,318
227,318
229,318
230,318
231,318
233,318
234,318
235,318
237,318
239,318
241,318
242,318
243,318
245,318
246,318
247,318
249,318
250,318
251,318
253,318
254,318
255,318
257,318
258,318
259,318
261,318
263,318
265,318
267,318
269,318
271,318
273,318
275,318
277,318
279,318
281,318
283,318
285,318
286,318
287,318
289,318
291,318
293,318
294,318
295,318
297,318
299,318
301,318
303,318
305,318
306,318
307,318
308,318
309,318
310,318
311,318
312,318
313,318
314,318
315,318
316,318
317,318
318,318
319,318
320,318
321,318
322,318
323,318
324,318
325,318
326,318
327,318
329,318
70,319
71,319
72,319
73,319
74,319
75,319
76,319
77,319
78,319
79,319
80,319
81,319
82,319
83,319
84,319
85,319
86,319
87,319
88,319
89,319
90,319
91,319
92,319
93,319
94,319
96,319
97,319
98,319
100,319
101,319
102,319
103,319
104,319
105,319
106,319
107,319
108,319
109,319
110,319
111,319
112,319
113,319
114,319
115,319
116,319
117,319
118,319
119,319
120,319
121,319
122,319
123,319
124,319
125,319
126,319
127,319
128,319
129,319
130,319
131,319
132,319
133,319
134,319
135,319
136,319
137,319
138,319
140,319
141,319
142,319
144,319
145,319
146,319
147,319
148,319
149,319
150,319
152,319
153,319
154,319
156,319
157,319
158,319
160,319
161,319
162,319
163,319
164,319
165,319
166,319
167,319
168,319
169,319
170,319
171,319
172,319
173,319
174,319
175,319
176,319
177,319
178,319
179,319
180,319
181,319
182,319
183,319
184,319
186,319
188,319
189,319
190,319
191,319
192,319
193,319
194,319
195,319
196,319
198,319
200,319
201,319
202,319
204,319
205,319
206,319
207,319
208,319
209,319
210,319
212,319
213,319
214,319
216,319
217,319
218,319
220,319
221,319
222,319
223,319
224,319
225,319
226,319
227,319
228,319
229,319
230,319
231,319
232,319
233,319
234,319
235,319
236,319
237,319
238,319
240,319
241,319
242,319
243,319
244,319
245,319
246,319
247,319
248,319
249,319
250,319
251,319
252,319
253,319
254,319
255,319
256,319
257,319
258,319
260,319
262,319
263,319
264,319
265,319
266,319
268,319
269,319
270,319
271,319
272,319
274,319
276,319
278,319
280,319
282,319
284,319
285,319
286,319
287,319
288,319
289,319
290,319
292,319
293,319
294,319
295,319
296,319
298,319
300,319
301,319
302,319
304,319
306,319
307,319
308,319
309,319
310,319
311,319
312,319
313,319
314,319
315,319
316,319
317,319
318,319
319,319
320,319
321,319
322,319
323,319
324,319
325,319
326,319
327,319
328,319
329,319
71,320
72,320
73,320
75,320
76,320
77,320
79,320
80,320
81,320
83,320
84,320
85,320
87,320
88,320
89,320
91,320
93,320
95,320
97,320
99,320
101,320
103,320
104,320
105,320
107,320
108,320
109,320
111,320
112,320
113,320
115,320
117,320
119,320
120,320
121,320
123,320
124,320
125,320
127,320
128,320
129,320
131,320
132,320
133,320
135,320
137,320
139,320
141,320
143,320
145,320
147,320
148,320
149,320
151,320
153,320
155,320
157,320
159,320
161,320
163,320
164,320
165,320
167,320
168,320
169,320
171,320
172,320
173,320
175,320
177,320
179,320
180,320
181,320
183,320
185,320
189,320
191,320
192,320
193,320
195,320
197,320
199,320
201,320
203,320
205,320
207,320
209,320
211,320
213,320
215,320
217,320
219,320
221,320
223,320
224,320
225,320
227,320
228,320
229,320
231,320
232,320
233,320
235,320
236,320
237,320
239,320
241,320
243,320
244,320
245,320
247,320
248,320
249,320
251,320
252,320
253,320
255,320
256,320
257,320
259,320
261,320
263,320
265,320
267,320
269,320
271,320
273,320
275,320
277,320
279,320
281,320
285,320
287,320
289,320
291,320
293,320
295,320
297,320
299,320
301,320
303,320
305,320
307,320
308,320
309,320
311,320
312,320
313,320
315,320
316,320
317,320
319,320
320,320
321,320
323,320
324,320
325,320
327,320
328,320
329,320
70,321
71,321
72,321
73,321
74,321
75,321
76,321
77,321
78,321
79,321
80,321
81,321
82,321
83,321
84,321
85,321
86,321
87,321
88,321
89,321
90,321
91,321
92,321
93,321
94,321
96,321
98,321
100,321
102,321
103,321
104,321
105,321
106,321
107,321
108,321
109,321
110,321
111,321
112,321
113,321
114,321
115,321
116,321
117,321
118,321
119,321
120,321
121,321
122,321
123,321
124,321
125,321
126,321
127,321
128,321
129,321
130,321
131,321
132,321
133,321
134,321
135,321
136,321
137,321
138,321
139,321
140,321
141,321
142,321
143,321
144,321
145,321
146,321
147,321
148,321
149,321
150,321
151,321
152,321
154,321
155,321
156,321
157,321
158,321
159,321
160,321
161,321
162,321
163,321
164,321
165,321
166,321
167,321
168,321
169,321
170,321
171,321
172,321
173,321
174,321
175,321
176,321
177,321
178,321
179,321
180,321
181,321
182,321
183,321
184,321
186,321
190,321
191,321
192,321
193,321
194,321
195,321
196,321
198,321
199,321
200,321
202,321
203,321
204,321
206,321
207,321
208,321
210,321
211,321
212,321
213,321
214,321
215,321
216,321
218,321
219,321
220,321
221,321
222,321
223,321
224,321
225,321
226,321
227,321
228,321
229,321
230,321
231,321
232,321
233,321
234,321
235,321
236,321
237,321
238,321
239,321
240,321
241,321
242,321
243,321
244,321
245,321
246,321
247,321
248,321
249,321
250,321
251,321
252,321
253,321
254,321
255,321
256,321
257,321
258,321
260,321
262,321
263,321
264,321
266,321
268,321
270,321
271,321
272,321
274,321
276,321
278,321
279,321
280,321
282,321
283,321
284,321
285,321
286,321
287,321
288,321
289,321
290,321
291,321
292,321
293,321
294,321
295,321
296,321
298,321
300,321
302,321
303,321
304,321
306,321
307,321
308,321
309,321
310,321
311,321
312,321
313,321
314,321
315,321
316,321
317,321
318,321
319,321
320,321
321,321
322,321
323,321
324,321
325,321
326,321
327,321
328,321
329,321
70,322
71,322
73,322
74,322
75,322
77,322
78,322
79,322
81,322
82,322
83,322
84,322
85,322
86,322
87,322
88,322
89,322
91,322
93,322
95,322
97,322
99,322
101,322
103,322
105,322
106,322
107,322
109,322
110,322
111,322
113,322
114,322
115,322
117,322
119,322
120,322
121,322
122,322
123,322
124,322
125,322
126,322
127,322
129,322
130,322
131,322
132,322
133,322
134,322
135,322
137,322
139,322
141,322
143,322
145,322
147,322
148,322
149,322
151,322
153,322
155,322
157,322
159,322
161,322
162,322
163,322
165,322
166,322
167,322
169,322
170,322
171,322
172,322
173,322
174,322
175,322
177,322
179,322
181,322
182,322
183,322
185,322
190,322
191,322
192,322
193,322
194,322
195,322
197,322
199,322
201,322
203,322
205,322
206,322
207,322
209,322
211,322
213,322
215,322
217,322
219,322
221,322
222,322
223,322
225,322
226,322
227,322
229,322
230,322
231,322
233,322
234,322
235,322
236,322
237,322
239,322
241,322
242,322
243,322
245,322
246,322
247,322
248,322
249,322
250,322
251,322
253,322
254,322
255,322
257,322
259,322
261,322
263,322
265,322
267,322
269,322
270,322
271,322
273,322
275,322
277,322
279,322
281,322
283,322
285,322
286,322
287,322
289,322
291,322
293,322
294,322
295,322
297,322
299,322
301,322
303,322
305,322
307,322
308,322
309,322
310,322
311,322
312,322
313,322
314,322
315,322
316,322
317,322
318,322
319,322
320,322
321,322
322,322
323,322
324,322
325,322
326,322
327,322
328,322
329,322
70,323
71,323
72,323
73,323
74,323
75,323
76,323
77,323
78,323
79,323
80,323
81,323
82,323
83,323
84,323
85,323
86,323
87,323
88,323
89,323
90,323
92,323
93,323
94,323
96,323
97,323
98,323
100,323
102,323
103,323
104,323
105,323
106,323
107,323
108,323
109,323
110,323
111,323
112,323
113,323
114,323
115,323
116,323
117,323
118,323
119,323
120,323
121,323
122,323
123,323
124,323
125,323
126,323
127,323
128,323
129,323
130,323
131,323
132,323
133,323
134,323
135,323
136,323
138,323
140,323
141,323
142,323
144,323
145,323
146,323
147,323
148,323
149,323
150,323
152,323
153,323
154,323
156,323
157,323
158,323
160,323
161,323
162,323
163,323
164,323
165,323
166,323
167,323
168,323
169,323
170,323
171,323
172,323
173,323
174,323
175,323
176,323
177,323
178,323
180,323
181,323
182,323
184,323
186,323
188,323
190,323
191,323
192,323
193,323
194,323
195,323
196,323
197,323
198,323
200,323
202,323
204,323
205,323
206,323
207,323
208,323
210,323
212,323
213,323
214,323
216,323
217,323
218,323
220,323
221,323
222,323
223,323
224,323
225,323
226,323
227,323
228,323
229,323
230,323
231,323
232,323
233,323
234,323
235,323
236,323
237,323
238,323
240,323
241,323
242,323
243,323
244,323
245,323
246,323
247,323
248,323
249,323
250,323
251,323
252,323
253,323
254,323
255,323
256,323
257,323
258,323
260,323
262,323
264,323
266,323
268,323
269,323
270,323
271,323
272,323
274,323
276,323
278,323
280,323
282,323
283,323
284,323
285,323
286,323
287,323
288,323
289,323
290,323
291,323
292,323
293,323
294,323
295,323
296,323
297,323
298,323
300,323
301,323
302,323
303,323
304,323
306,323
308,323
309,323
310,323
311,323
312,323
313,323
314,323
315,323
316,323
317,323
318,323
319,323
320,323
321,323
322,323
323,323
324,323
325,323
326,323
327,323
328,323
329,323
71,324
72,324
73,324
75,324
76,324
77,324
79,324
80,324
81,324
83,324
84,324
85,324
87,324
88,324
89,324
91,324
92,324
93,324
97,324
99,324
101,324
103,324
105,324
107,324
108,324
109,324
111,324
112,324
113,324
115,324
117,324
119,324
120,324
121,324
123,324
124,324
125,324
127,324
128,324
129,324
131,324
132,324
133,324
135,324
137,324
139,324
141,324
143,324
145,324
147,324
148,324
149,324
151,324
153,324
155,324
157,324
159,324
161,324
163,324
164,324
165,324
167,324
168,324
169,324
171,324
172,324
173,324
175,324
176,324
177,324
179,324
181,324
183,324
185,324
191,324
192,324
193,324
195,324
197,324
199,324
201,324
203,324
205,324
207,324
209,324
211,324
213,324
215,324
217,324
219,324
220,324
221,324
223,324
224,324
225,324
227,324
228,324
229,324
231,324
232,324
233,324
235,324
236,324
237,324
239,324
241,324
243,324
244,324
245,324
247,324
248,324
249,324
251,324
252,324
253,324
255,324
256,324
257,324
259,324
261,324
263,324
265,324
267,324
269,324
271,324
273,324
275,324
277,324
279,324
281,324
283,324
284,324
285,324
287,324
289,324
291,324
293,324
295,324
297,324
299,324
301,324
303,324
305,324
307,324
309,324
311,324
312,324
313,324
315,324
316,324
317,324
319,324
320,324
321,324
323,324
324,324
325,324
327,324
328,324
329,324
70,325
71,325
72,325
73,325
74,325
75,325
76,325
77,325
78,325
79,325
80,325
81,325
82,325
83,325
84,325
85,325
86,325
87,325
88,325
89,325
90,325
91,325
92,325
93,325
94,325
95,325
96,325
98,325
99,325
100,325
102,325
103,325
104,325
105,325
106,325
107,325
108,325
109,325
110,325
111,325
112,325
113,325
114,325
115,325
116,325
117,325
118,325
119,325
120,325
121,325
122,325
123,325
124,325
125,325
126,325
127,325
128,325
129,325
130,325
131,325
132,325
133,325
134,325
135,325
136,325
138,325
139,325
140,325
141,325
142,325
143,325
144,325
146,325
147,325
148,325
149,325
150,325
151,325
152,325
154,325
155,325
156,325
158,325
159,325
160,325
161,325
162,325
163,325
164,325
165,325
166,325
167,325
168,325
169,325
170,325
171,325
172,325
173,325
174,325
175,325
176,325
177,325
178,325
179,325
180,325
181,325
182,325
184,325
186,325
188,325
190,325
191,325
192,325
193,325
194,325
195,325
196,325
197,325
198,325
199,325
200,325
202,325
203,325
204,325
205,325
206,325
207,325
208,325
210,325
211,325
212,325
213,325
214,325
215,325
216,325
218,325
219,325
220,325
221,325
222,325
223,325
224,325
225,325
226,325
227,325
228,325
229,325
230,325
231,325
232,325
233,325
234,325
235,325
236,325
238,325
239,325
240,325
241,325
242,325
243,325
244,325
245,325
246,325
247,325
248,325
249,325
250,325
251,325
252,325
253,325
254,325
255,325
256,325
257,325
258,325
259,325
260,325
262,325
263,325
264,325
266,325
267,325
268,325
269,325
270,325
271,325
272,325
274,325
276,325
278,325
280,325
282,325
283,325
284,325
285,325
286,325
287,325
288,325
289,325
290,325
291,325
292,325
293,325
294,325
295,325
296,325
297,325
298,325
300,325
302,325
303,325
304,325
306,325
307,325
308,325
309,325
310,325
311,325
312,325
313,325
314,325
315,325
316,325
317,325
318,325
319,325
320,325
321,325
322,325
323,325
324,325
325,325
326,325
327,325
328,325
329,325
70,326
71,326
73,326
74,326
75,326
77,326
78,326
79,326
81,326
82,326
83,326
84,326
85,326
86,326
87,326
89,326
91,326
93,326
95,326
97,326
99,326
103,326
105,326
106,326
107,326
109,326
110,326
111,326
113,326
114,326
115,326
117,326
119,326
121,326
122,326
123,326
124,326
125,326
126,326
127,326
128,326
129,326
130,326
131,326
132,326
133,326
134,326
135,326
137,326
139,326
141,326
143,326
145,326
147,326
148,326
149,326
151,326
153,326
155,326
157,326
159,326
161,326
162,326
163,326
164,326
165,326
166,326
167,326
168,326
169,326
170,326
171,326
172,326
173,326
174,326
175,326
177,326
179,326
181,326
183,326
185,326
187,326
189,326
190,326
191,326
192,326
193,326
194,326
195,326
197,326
198,326
199,326
201,326
203,326
205,326
206,326
207,326
209,326
211,326
213,326
215,326
217,326
219,326
220,326
221,326
222,326
223,326
225,326
226,326
227,326
229,326
230,326
231,326
233,326
234,326
235,326
237,326
239,326
241,326
242,326
243,326
244,326
245,326
246,326
247,326
249,326
250,326
251,326
253,326
254,326
255,326
257,326
259,326
261,326
263,326
265,326
267,326
269,326
271,326
273,326
275,326
277,326
279,326
281,326
282,326
283,326
285,326
287,326
289,326
291,326
293,326
294,326
295,326
297,326
299,326
301,326
303,326
305,326
307,326
309,326
310,326
311,326
312,326
313,326
314,326
315,326
316,326
317,326
318,326
319,326
320,326
321,326
322,326
323,326
325,326
326,326
327,326
329,326
70,327
71,327
72,327
73,327
74,327
75,327
76,327
77,327
78,327
79,327
80,327
81,327
82,327
83,327
84,327
85,327
86,327
87,327
88,327
89,327
90,327
91,327
92,327
93,327
94,327
96,327
97,327
98,327
100,327
102,327
104,327
105,327
106,327
107,327
108,327
109,327
110,327
111,327
112,327
113,327
114,327
115,327
116,327
117,327
118,327
120,327
121,327
122,327
123,327
124,327
125,327
126,327
127,327
128,327
129,327
130,327
131,327
132,327
133,327
134,327
135,327
136,327
137,327
138,327
140,327
141,327
142,327
144,327
145,327
146,327
147,327
148,327
149,327
150,327
152,327
153,327
154,327
156,327
157,327
158,327
160,327
161,327
162,327
163,327
164,327
165,327
166,327
167,327
168,327
169,327
170,327
171,327
172,327
173,327
174,327
175,327
176,327
177,327
178,327
180,327
181,327
182,327
184,327
185,327
186,327
187,327
188,327
189,327
190,327
191,327
192,327
193,327
194,327
196,327
197,327
198,327
199,327
200,327
201,327
202,327
203,327
204,327
205,327
206,327
207,327
208,327
209,327
210,327
212,327
213,327
214,327
216,327
217,327
218,327
219,327
220,327
221,327
222,327
223,327
224,327
225,327
226,327
227,327
228,327
229,327
230,327
231,327
232,327
233,327
234,327
235,327
236,327
237,327
238,327
240,327
241,327
242,327
243,327
244,327
245,327
246,327
247,327
248,327
249,327
250,327
251,327
252,327
253,327
254,327
255,327
256,327
257,327
258,327
260,327
261,327
262,327
263,327
264,327
266,327
268,327
269,327
270,327
272,327
274,327
276,327
278,327
280,327
282,327
283,327
284,327
285,327
286,327
287,327
288,327
289,327
290,327
291,327
292,327
293,327
294,327
295,327
296,327
297,327
298,327
300,327
302,327
303,327
304,327
306,327
308,327
309,327
310,327
311,327
312,327
313,327
314,327
315,327
316,327
317,327
318,327
319,327
320,327
321,327
322,327
323,327
324,327
325,327
326,327
327,327
328,327
329,327
71,328
72,328
73,328
75,328
76,328
77,328
79,328
80,328
81,328
83,328
84,328
85,328
87,328
89,328
91,328
93,328
95,328
97,328
99,328
101,328
105,328
107,328
109,328
111,328
112,328
113,328
115,328
117,328
119,328
120,328
121,328
123,328
124,328
125,328
127,328
128,328
129,328
131,328
132,328
133,328
135,328
137,328
139,328
141,328
143,328
145,328
147,328
148,328
149,328
151,328
153,328
155,328
157,328
159,328
161,328
163,328
164,328
165,328
167,328
168,328
169,328
171,328
172,328
173,328
175,328
177,328
179,328
181,328
183,328
185,328
187,328
188,328
189,328
191,328
192,328
193,328
195,328
197,328
199,328
201,328
203,328
205,328
207,328
209,328
211,328
213,328
215,328
217,328
219,328
220,328
221,328
223,328
224,328
225,328
227,328
228,328
229,328
231,328
232,328
233,328
235,328
237,328
239,328
241,328
243,328
244,328
245,328
247,328
248,328
249,328
251,328
252,328
253,328
255,328
257,328
259,328
261,328
263,328
265,328
267,328
269,328
271,328
273,328
275,328
277,328
281,328
283,328
285,328
287,328
289,328
291,328
293,328
295,328
297,328
299,328
301,328
303,328
305,328
307,328
309,328
311,328
312,328
313,328
315,328
316,328
317,328
319,328
320,328
321,328
323,328
324,328
325,328
327,328
328,328
329,328
70,329
71,329
72,329
73,329
74,329
75,329
76,329
77,329
78,329
79,329
80,329
81,329
82,329
83,329
84,329
85,329
86,329
87,329
88,329
90,329
91,329
92,329
94,329
95,329
96,329
98,329
99,329
100,329
102,329
104,329
105,329
106,329
107,329
108,329
109,329
110,329
111,329
112,329
113,329
114,329
115,329
116,329
117,329
118,329
119,329
120,329
121,329
122,329
123,329
124,329
125,329
126,329
127,329
128,329
129,329
130,329
131,329
132,329
133,329
134,329
135,329
136,329
138,329
139,329
140,329
141,329
142,329
143,329
144,329
146,329
147,329
148,329
149,329
150,329
151,329
152,329
153,329
154,329
155,329
156,329
157,329
158,329
159,329
160,329
161,329
162,329
163,329
164,329
165,329
166,329
167,329
168,329
169,329
170,329
171,329
172,329
173,329
174,329
175,329
176,329
177,329
178,329
179,329
180,329
181,329
182,329
183,329
184,329
186,329
187,329
188,329
189,329
190,329
191,329
192,329
193,329
194,329
195,329
196,329
198,329
199,329
200,329
202,329
203,329
204,329
205,329
206,329
207,329
208,329
210,329
211,329
212,329
213,329
214,329
215,329
216,329
218,329
219,329
220,329
221,329
222,329
223,329
224,329
225,329
226,329
227,329
228,329
229,329
230,329
231,329
232,329
233,329
234,329
235,329
236,329
237,329
238,329
239,329
240,329
241,329
242,329
243,329
244,329
245,329
246,329
247,329
248,329
249,329
250,329
251,329
252,329
253,329
254,329
255,329
256,329
258,329
259,329
260,329
262,329
263,329
264,329
266,329
268,329
269,329
270,329
271,329
272,329
274,329
275,329
276,329
278,329
280,329
281,329
282,329
283,329
284,329
285,329
286,329
287,329
288,329
289,329
290,329
291,329
292,329
293,329
294,329
295,329
296,329
298,329
299,329
300,329
302,329
303,329
304,329
306,329
307,329
308,329
310,329
311,329
312,329
313,329
314,329
315,329
316,329
317,329
318,329
319,329
320,329
321,329
322,329
323,329
324,329
325,329
326,329
327,329
328,329
329,329
70,330
71,330
73,330
74,330
75,330
77,330
78,330
79,330
81,330
82,330
83,330
84,330
85,330
86,330
87,330
89,330
91,330
93,330
95,330
97,330
99,330
101,330
103,330
105,330
107,330
109,330
111,330
113,330
114,330
115,330
117,330
119,330
121,330
122,330
123,330
125,330
126,330
127,330
128,330
129,330
130,330
131,330
132,330
133,330
134,330
135,330
137,330
139,330
141,330
143,330
145,330
147,330
148,330
149,330
151,330
153,330
155,330
157,330
159,330
161,330
162,330
163,330
164,330
165,330
166,330
167,330
168,330
169,330
170,330
171,330
172,330
173,330
174,330
175,330
177,330
179,330
180,330
181,330
183,330
185,330
186,330
187,330
188,330
189,330
190,330
191,330
192,330
193,330
194,330
195,330
197,330
199,330
201,330
203,330
205,330
206,330
207,330
209,330
211,330
213,330
215,330
217,330
219,330
220,330
221,330
222,330
223,330
225,330
226,330
227,330
229,330
230,330
231,330
233,330
234,330
235,330
237,330
239,330
241,330
242,330
243,330
245,330
246,330
247,330
248,330
249,330
250,330
251,330
253,330
254,330
255,330
257,330
259,330
261,330
263,330
265,330
267,330
269,330
271,330
273,330
275,330
277,330
279,330
281,330
282,330
283,330
285,330
287,330
289,330
290,330
291,330
293,330
295,330
297,330
299,330
301,330
303,330
305,330
307,330
309,330
310,330
311,330
312,330
313,330
314,330
315,330
316,330
317,330
318,330
319,330
321,330
322,330
323,330
325,330
326,330
327,330
329,330
70,331
71,331
72,331
73,331
74,331
75,331
76,331
77,331
78,331
79,331
80,331
81,331
82,331
83,331
84,331
85,331
86,331
87,331
88,331
89,331
90,331
91,331
92,331
93,331
94,331
95,331
96,331
97,331
98,331
100,331
102,331
104,331
106,331
108,331
109,331
110,331
112,331
113,331
114,331
115,331
116,331
117,331
118,331
120,331
121,331
122,331
123,331
124,331
125,331
126,331
127,331
128,331
129,331
130,331
131,331
132,331
133,331
134,331
135,331
136,331
137,331
138,331
140,331
141,331
142,331
144,331
145,331
146,331
147,331
148,331
149,331
150,331
151,331
152,331
153,331
154,331
155,331
156,331
157,331
158,331
159,331
160,331
161,331
162,331
163,331
164,331
165,331
166,331
167,331
168,331
169,331
170,331
171,331
172,331
173,331
174,331
175,331
176,331
177,331
178,331
179,331
180,331
181,331
182,331
184,331
185,331
186,331
187,331
188,331
189,331
190,331
191,331
192,331
193,331
194,331
195,331
196,331
197,331
198,331
199,331
200,331
202,331
204,331
205,331
206,331
207,331
208,331
210,331
212,331
213,331
214,331
215,331
216,331
217,331
218,331
219,331
220,331
221,331
222,331
223,331
224,331
225,331
226,331
227,331
228,331
229,331
230,331
231,331
232,331
233,331
234,331
235,331
236,331
237,331
238,331
240,331
241,331
242,331
243,331
244,331
245,331
246,331
247,331
248,331
249,331
250,331
251,331
252,331
253,331
254,331
255,331
256,331
258,331
260,331
261,331
262,331
264,331
266,331
268,331
269,331
270,331
272,331
274,331
276,331
278,331
280,331
281,331
282,331
283,331
284,331
285,331
286,331
288,331
289,331
290,331
291,331
292,331
293,331
294,331
296,331
298,331
299,331
300,331
302,331
304,331
305,331
306,331
308,331
310,331
311,331
312,331
313,331
314,331
315,331
316,331
317,331
318,331
319,331
320,331
321,331
322,331
323,331
324,331
325,331
326,331
327,331
328,331
329,331
71,332
72,332
73,332
75,332
76,332
77,332
79,332
80,332
81,332
83,332
84,332
85,332
87,332
89,332
91,332
93,332
95,332
97,332
101,332
105,332
107,332
109,332
111,332
113,332
115,332
116,332
117,332
119,332
120,332
121,332
123,332
124,332
125,332
127,332
128,332
129,332
131,332
132,332
133,332
135,332
137,332
139,332
141,332
143,332
145,332
147,332
148,332
149,332
151,332
153,332
155,332
157,332
159,332
160,332
161,332
163,332
164,332
165,332
167,332
168,332
169,332
171,332
172,332
173,332
175,332
177,332
179,332
180,332
181,332
183,332
185,332
187,332
188,332
189,332
191,332
192,332
193,332
195,332
197,332
199,332
201,332
203,332
205,332
207,332
209,332
211,332
213,332
215,332
217,332
219,332
220,332
221,332
223,332
224,332
225,332
227,332
228,332
229,332
231,332
232,332
233,332
235,332
237,332
239,332
240,332
241,332
243,332
244,332
245,332
247,332
248,332
249,332
251,332
252,332
253,332
255,332
257,332
259,332
261,332
263,332
265,332
267,332
269,332
271,332
273,332
275,332
277,332
279,332
281,332
283,332
285,332
287,332
289,332
291,332
293,332
295,332
297,332
299,332
301,332
303,332
305,332
307,332
309,332
311,332
312,332
313,332
315,332
316,332
317,332
319,332
320,332
321,332
323,332
324,332
325,332
327,332
328,332
329,332
70,333
71,333
72,333
73,333
74,333
75,333
76,333
77,333
78,333
79,333
80,333
81,333
82,333
83,333
84,333
85,333
86,333
87,333
88,333
90,333
91,333
92,333
93,333
94,333
95,333
96,333
98,333
100,333
102,333
103,333
104,333
106,333
107,333
108,333
109,333
110,333
111,333
112,333
114,333
115,333
116,333
117,333
118,333
119,333
120,333
121,333
122,333
123,333
124,333
125,333
126,333
127,333
128,333
129,333
130,333
131,333
132,333
133,333
134,333
135,333
136,333
137,333
138,333
139,333
140,333
141,333
142,333
143,333
144,333
145,333
146,333
147,333
148,333
149,333
150,333
151,333
152,333
153,333
154,333
155,333
156,333
157,333
158,333
159,333
160,333
161,333
162,333
163,333
164,333
165,333
166,333
167,333
168,333
169,333
170,333
171,333
172,333
173,333
174,333
175,333
176,333
177,333
178,333
179,333
180,333
181,333
182,333
183,333
184,333
186,333
187,333
188,333
189,333
190,333
191,333
192,333
193,333
194,333
195,333
196,333
197,333
198,333
199,333
200,333
202,333
203,333
204,333
205,333
206,333
207,333
208,333
210,333
211,333
212,333
214,333
215,333
216,333
218,333
219,333
220,333
221,333
222,333
223,333
224,333
225,333
226,333
227,333
228,333
229,333
230,333
231,333
232,333
233,333
234,333
235,333
236,333
237,333
238,333
239,333
240,333
241,333
242,333
243,333
244,333
245,333
246,333
247,333
248,333
249,333
250,333
251,333
252,333
253,333
254,333
255,333
256,333
258,333
260,333
261,333
262,333
263,333
264,333
266,333
267,333
268,333
269,333
270,333
272,333
274,333
275,333
276,333
278,333
280,333
281,333
282,333
283,333
284,333
285,333
286,333
287,333
288,333
289,333
290,333
291,333
292,333
293,333
294,333
295,333
296,333
297,333
298,333
299,333
300,333
302,333
303,333
304,333
305,333
306,333
308,333
310,333
311,333
312,333
313,333
314,333
315,333
316,333
317,333
318,333
319,333
320,333
321,333
322,333
323,333
324,333
325,333
326,333
327,333
328,333
329,333
70,334
71,334
73,334
74,334
75,334
77,334
78,334
79,334
81,334
82,334
83,334
85,334
86,334
87,334
89,334
91,334
93,334
95,334
97,334
99,334
101,334
103,334
107,334
109,334
111,334
113,334
115,334
117,334
119,334
121,334
122,334
123,334
125,334
126,334
127,334
129,334
130,334
131,334
132,334
133,334
134,334
135,334
137,334
139,334
141,334
143,334
145,334
146,334
147,334
149,334
151,334
153,334
155,334
157,334
159,334
160,334
161,334
162,334
163,334
165,334
166,334
167,334
168,334
169,334
170,334
171,334
172,334
173,334
174,334
175,334
177,334
179,334
181,334
183,334
185,334
186,334
187,334
188,334
189,334
190,334
191,334
192,334
193,334
194,334
195,334
197,334
198,334
199,334
201,334
203,334
205,334
206,334
207,334
209,334
211,334
213,334
215,334
217,334
219,334
220,334
221,334
222,334
223,334
224,334
225,334
226,334
227,334
229,334
230,334
231,334
233,334
234,334
235,334
237,334
239,334
241,334
242,334
243,334
245,334
246,334
247,334
249,334
250,334
251,334
252,334
253,334
254,334
255,334
257,334
259,334
261,334
263,334
265,334
267,334
269,334
271,334
273,334
275,334
277,334
279,334
281,334
282,334
283,334
285,334
287,334
289,334
291,334
293,334
295,334
297,334
299,334
301,334
303,334
305,334
307,334
309,334
311,334
312,334
313,334
314,334
315,334
316,334
317,334
318,334
319,334
321,334
322,334
323,334
325,334
326,334
327,334
329,334
70,335
71,335
72,335
73,335
74,335
75,335
76,335
77,335
78,335
79,335
80,335
81,335
82,335
83,335
84,335
85,335
86,335
88,335
90,335
92,335
93,335
94,335
96,335
97,335
98,335
100,335
102,335
104,335
106,335
108,335
109,335
110,335
112,335
114,335
115,335
116,335
117,335
118,335
120,335
121,335
122,335
123,335
124,335
125,335
126,335
127,335
128,335
129,335
130,335
131,335
132,335
133,335
134,335
135,335
136,335
137,335
138,335
139,335
140,335
141,335
142,335
144,335
145,335
146,335
147,335
148,335
150,335
151,335
152,335
153,335
154,335
156,335
157,335
158,335
159,335
160,335
161,335
162,335
163,335
164,335
165,335
166,335
167,335
168,335
169,335
170,335
171,335
172,335
173,335
174,335
175,335
176,335
177,335
178,335
179,335
180,335
181,335
182,335
184,335
185,335
186,335
187,335
188,335
189,335
190,335
191,335
192,335
193,335
194,335
195,335
196,335
197,335
198,335
199,335
200,335
202,335
204,335
205,335
206,335
207,335
208,335
210,335
212,335
213,335
214,335
216,335
217,335
218,335
219,335
220,335
221,335
222,335
223,335
224,335
225,335
226,335
227,335
228,335
229,335
230,335
231,335
232,335
233,335
234,335
235,335
236,335
237,335
238,335
240,335
241,335
242,335
243,335
244,335
245,335
246,335
247,335
248,335
249,335
250,335
251,335
252,335
253,335
254,335
255,335
256,335
258,335
260,335
261,335
262,335
264,335
266,335
267,335
268,335
269,335
270,335
272,335
274,335
276,335
278,335
280,335
281,335
282,335
283,335
284,335
285,335
286,335
287,335
288,335
289,335
290,335
292,335
293,335
294,335
295,335
296,335
297,335
298,335
300,335
302,335
304,335
305,335
306,335
308,335
310,335
312,335
313,335
314,335
315,335
316,335
317,335
318,335
319,335
320,335
321,335
322,335
323,335
324,335
325,335
326,335
327,335
328,335
329,335
71,336
72,336
73,336
75,336
76,336
77,336
79,336
80,336
81,336
83,336
84,336
85,336
87,336
89,336
91,336
93,336
95,336
97,336
99,336
101,336
103,336
105,336
109,336
111,336
113,336
115,336
116,336
117,336
119,336
121,336
123,336
124,336
125,336
127,336
128,336
129,336
131,336
132,336
133,336
135,336
137,336
139,336
141,336
143,336
145,336
147,336
149,336
151,336
153,336
155,336
157,336
159,336
160,336
161,336
163,336
164,336
165,336
167,336
168,336
169,336
171,336
172,336
173,336
175,336
177,336
179,336
181,336
183,336
185,336
187,336
188,336
189,336
191,336
192,336
193,336
195,336
197,336
199,336
201,336
203,336
205,336
207,336
209,336
211,336
213,336
215,336
217,336
219,336
220,336
221,336
223,336
224,336
225,336
227,336
228,336
229,336
231,336
232,336
233,336
235,336
237,336
239,336
240,336
241,336
243,336
244,336
245,336
247,336
248,336
249,336
251,336
252,336
253,336
255,336
257,336
259,336
261,336
263,336
265,336
267,336
268,336
269,336
271,336
273,336
275,336
277,336
279,336
281,336
283,336
285,336
287,336
289,336
291,336
293,336
295,336
297,336
299,336
301,336
305,336
307,336
309,336
311,336
312,336
313,336
315,336
316,336
317,336
319,336
320,336
321,336
323,336
324,336
325,336
327,336
328,336
329,336
70,337
71,337
72,337
73,337
74,337
75,337
76,337
77,337
78,337
79,337
80,337
81,337
82,337
83,337
84,337
85,337
86,337
87,337
88,337
90,337
91,337
92,337
93,337
94,337
96,337
97,337
98,337
100,337
102,337
103,337
104,337
106,337
108,337
109,337
110,337
111,337
112,337
114,337
115,337
116,337
117,337
118,337
119,337
120,337
121,337
122,337
123,337
124,337
125,337
126,337
127,337
128,337
129,337
130,337
131,337
132,337
133,337
134,337
135,337
136,337
137,337
138,337
139,337
140,337
141,337
142,337
143,337
144,337
145,337
146,337
147,337
148,337
150,337
151,337
152,337
153,337
154,337
155,337
156,337
158,337
159,337
160,337
161,337
162,337
163,337
164,337
165,337
166,337
167,337
168,337
169,337
170,337
171,337
172,337
173,337
174,337
175,337
176,337
177,337
178,337
179,337
180,337
181,337
182,337
184,337
185,337
186,337
187,337
188,337
189,337
190,337
191,337
192,337
193,337
194,337
195,337
196,337
197,337
198,337
199,337
200,337
202,337
203,337
204,337
205,337
206,337
207,337
208,337
210,337
211,337
212,337
214,337
215,337
216,337
218,337
219,337
220,337
221,337
222,337
223,337
224,337
225,337
226,337
227,337
228,337
229,337
230,337
231,337
232,337
233,337
234,337
235,337
236,337
238,337
239,337
240,337
241,337
242,337
243,337
244,337
245,337
246,337
247,337
248,337
249,337
250,337
251,337
252,337
253,337
254,337
255,337
256,337
258,337
259,337
260,337
262,337
263,337
264,337
266,337
267,337
268,337
270,337
272,337
274,337
276,337
278,337
279,337
280,337
281,337
282,337
283,337
284,337
285,337
286,337
287,337
288,337
289,337
290,337
291,337
292,337
293,337
294,337
295,337
296,337
297,337
298,337
299,337
300,337
302,337
303,337
304,337
305,337
306,337
308,337
310,337
311,337
312,337
313,337
314,337
315,337
316,337
317,337
318,337
319,337
320,337
321,337
322,337
323,337
324,337
325,337
326,337
327,337
328,337
329,337
70,338
71,338
73,338
74,338
75,338
77,338
78,338
79,338
81,338
82,338
83,338
85,338
86,338
87,338
89,338
91,338
93,338
95,338
97,338
99,338
101,338
103,338
105,338
107,338
109,338
111,338
113,338
114,338
115,338
117,338
119,338
121,338
122,338
123,338
124,338
125,338
126,338
127,338
128,338
129,338
130,338
131,338
132,338
133,338
134,338
135,338
137,338
139,338
141,338
143,338
145,338
146,338
147,338
149,338
151,338
153,338
155,338
157,338
159,338
160,338
161,338
162,338
163,338
165,338
166,338
167,338
168,338
169,338
170,338
171,338
173,338
174,338
175,338
177,338
179,338
181,338
183,338
185,338
186,338
187,338
189,338
190,338
191,338
192,338
193,338
194,338
195,338
197,338
199,338
201,338
203,338
205,338
206,338
207,338
209,338
211,338
213,338
215,338
217,338
219,338
220,338
221,338
222,338
223,338
224,338
225,338
226,338
227,338
228,338
229,338
230,338
231,338
233,338
234,338
235,338
237,338
239,338
241,338
242,338
243,338
245,338
246,338
247,338
248,338
249,338
250,338
251,338
253,338
254,338
255,338
257,338
259,338
261,338
263,338
265,338
267,338
269,338
271,338
273,338
275,338
277,338
279,338
281,338
283,338
285,338
287,338
289,338
291,338
293,338
294,338
295,338
297,338
299,338
301,338
303,338
305,338
307,338
309,338
311,338
313,338
314,338
315,338
317,338
318,338
319,338
321,338
322,338
323,338
325,338
326,338
327,338
329,338
70,339
71,339
72,339
73,339
74,339
75,339
76,339
77,339
78,339
79,339
80,339
81,339
82,339
83,339
84,339
85,339
86,339
88,339
89,339
90,339
92,339
93,339
94,339
96,339
97,339
98,339
99,339
100,339
102,339
104,339
106,339
108,339
110,339
112,339
113,339
114,339
115,339
116,339
117,339
118,339
120,339
121,339
122,339
123,339
124,339
125,339
126,339
127,339
128,339
129,339
130,339
131,339
132,339
133,339
134,339
136,339
137,339
138,339
139,339
140,339
142,339
144,339
145,339
146,339
148,339
150,339
152,339
154,339
156,339
157,339
158,339
159,339
160,339
161,339
162,339
163,339
164,339
165,339
166,339
167,339
168,339
169,339
170,339
171,339
172,339
173,339
174,339
175,339
176,339
177,339
178,339
179,339
180,339
181,339
182,339
184,339
185,339
186,339
187,339
188,339
189,339
190,339
191,339
192,339
193,339
194,339
196,339
197,339
198,339
199,339
200,339
201,339
202,339
204,339
205,339
206,339
208,339
210,339
212,339
213,339
214,339
216,339
218,339
219,339
220,339
221,339
222,339
223,339
224,339
225,339
226,339
227,339
228,339
229,339
230,339
231,339
232,339
233,339
234,339
235,339
236,339
237,339
238,339
240,339
241,339
242,339
243,339
244,339
245,339
246,339
247,339
248,339
249,339
250,339
251,339
252,339
253,339
254,339
255,339
256,339
257,339
258,339
260,339
262,339
264,339
266,339
267,339
268,339
270,339
272,339
274,339
276,339
278,339
279,339
280,339
281,339
282,339
283,339
284,339
285,339
286,339
288,339
289,339
290,339
291,339
292,339
293,339
294,339
296,339
297,339
298,339
299,339
300,339
302,339
304,339
305,339
306,339
308,339
310,339
312,339
313,339
314,339
315,339
316,339
317,339
318,339
319,339
320,339
321,339
322,339
323,339
324,339
325,339
326,339
327,339
328,339
329,339
71,340
72,340
73,340
75,340
76,340
77,340
79,340
80,340
81,340
83,340
84,340
85,340
87,340
89,340
91,340
93,340
95,340
97,340
99,340
101,340
105,340
107,340
109,340
111,340
113,340
115,340
117,340
119,340
120,340
121,340
123,340
124,340
125,340
127,340
128,340
129,340
131,340
132,340
133,340
135,340
137,340
139,340
141,340
143,340
145,340
147,340
149,340
151,340
153,340
155,340
157,340
159,340
160,340
161,340
163,340
164,340
165,340
167,340
168,340
169,340
171,340
172,340
173,340
175,340
177,340
179,340
181,340
183,340
185,340
187,340
188,340
189,340
191,340
192,340
193,340
195,340
197,340
199,340
201,340
203,340
205,340
207,340
209,340
211,340
213,340
215,340
217,340
219,340
220,340
221,340
223,340
224,340
225,340
227,340
228,340
229,340
231,340
232,340
233,340
235,340
237,340
239,340
240,340
241,340
243,340
244,340
245,340
247,340
248,340
249,340
251,340
252,340
253,340
255,340
257,340
259,340
261,340
263,340
265,340
267,340
269,340
271,340
273,340
277,340
279,340
281,340
283,340
285,340
287,340
289,340
291,340
293,340
295,340
297,340
299,340
301,340
303,340
305,340
307,340
309,340
311,340
313,340
315,340
316,340
317,340
319,340
320,340
321,340
323,340
324,340
325,340
327,340
328,340
329,340
70,341
71,341
72,341
73,341
74,341
75,341
76,341
77,341
78,341
79,341
80,341
81,341
82,341
83,341
84,341
85,341
86,341
87,341
88,341
90,341
91,341
92,341
94,341
95,341
96,341
97,341
98,341
99,341
100,341
102,341
104,341
106,341
107,341
108,341
110,341
111,341
112,341
113,341
114,341
115,341
116,341
118,341
119,341
120,341
121,341
122,341
123,341
124,341
125,341
126,341
127,341
128,341
129,341
130,341
131,341
132,341
133,341
134,341
135,341
136,341
138,341
139,341
140,341
142,341
143,341
144,341
145,341
146,341
147,341
148,341
150,341
151,341
152,341
153,341
154,341
155,341
156,341
158,341
159,341
160,341
161,341
162,341
163,341
164,341
165,341
166,341
167,341
168,341
169,341
170,341
171,341
172,341
173,341
174,341
175,341
176,341
177,341
178,341
179,341
180,341
182,341
183,341
184,341
186,341
187,341
188,341
189,341
190,341
191,341
192,341
193,341
194,341
195,341
196,341
197,341
198,341
199,341
200,341
202,341
203,341
204,341
205,341
206,341
207,341
208,341
210,341
211,341
212,341
214,341
215,341
216,341
218,341
219,341
220,341
221,341
222,341
223,341
224,341
225,341
226,341
227,341
228,341
229,341
230,341
231,341
232,341
233,341
234,341
235,341
236,341
238,341
239,341
240,341
241,341
242,341
243,341
244,341
245,341
246,341
247,341
248,341
249,341
250,341
251,341
252,341
253,341
254,341
255,341
256,341
258,341
259,341
260,341
261,341
262,341
264,341
266,341
267,341
268,341
270,341
271,341
272,341
274,341
276,341
277,341
278,341
279,341
280,341
281,341
282,341
283,341
284,341
286,341
287,341
288,341
289,341
290,341
291,341
292,341
293,341
294,341
295,341
296,341
297,341
298,341
299,341
300,341
302,341
303,341
304,341
306,341
307,341
308,341
310,341
312,341
313,341
314,341
315,341
316,341
317,341
318,341
319,341
320,341
321,341
322,341
323,341
324,341
325,341
326,341
327,341
328,341
329,341
70,342
71,342
73,342
74,342
75,342
77,342
78,342
79,342
81,342
82,342
83,342
84,342
85,342
87,342
89,342
91,342
93,342
95,342
97,342
98,342
99,342
101,342
103,342
105,342
107,342
109,342
111,342
113,342
114,342
115,342
117,342
119,342
121,342
122,342
123,342
125,342
126,342
127,342
128,342
129,342
130,342
131,342
132,342
133,342
135,342
137,342
139,342
141,342
143,342
145,342
146,342
147,342
149,342
151,342
153,342
155,342
157,342
159,342
161,342
162,342
163,342
165,342
166,342
167,342
169,342
170,342
171,342
172,342
173,342
174,342
175,342
177,342
178,342
179,342
181,342
183,342
185,342
186,342
187,342
188,342
189,342
190,342
191,342
193,342
194,342
195,342
197,342
199,342
201,342
203,342
205,342
206,342
207,342
209,342
211,342
213,342
215,342
217,342
219,342
220,342
221,342
222,342
223,342
224,342
225,342
226,342
227,342
229,342
230,342
231,342
233,342
234,342
235,342
237,342
239,342
241,342
242,342
243,342
245,342
246,342
247,342
249,342
250,342
251,342
253,342
254,342
255,342
257,342
259,342
261,342
263,342
265,342
266,342
267,342
269,342
271,342
273,342
275,342
277,342
278,342
279,342
281,342
282,342
283,342
285,342
287,342
289,342
290,342
291,342
293,342
295,342
297,342
299,342
301,342
303,342
305,342
307,342
309,342
311,342
313,342
314,342
315,342
317,342
318,342
319,342
321,342
322,342
323,342
325,342
326,342
327,342
329,342
70,343
71,343
72,343
73,343
74,343
75,343
76,343
77,343
78,343
79,343
80,343
81,343
82,343
83,343
84,343
85,343
86,343
88,343
90,343
92,343
93,343
94,343
96,343
97,343
98,343
99,343
100,343
101,343
102,343
104,343
106,343
108,343
110,343
112,343
113,343
114,343
115,343
116,343
117,343
118,343
119,343
120,343
121,343
122,343
123,343
124,343
125,343
126,343
127,343
128,343
129,343
130,343
131,343
132,343
133,343
134,343
136,343
138,343
140,343
142,343
144,343
145,343
146,343
147,343
148,343
149,343
150,343
152,343
153,343
154,343
156,343
157,343
158,343
159,343
160,343
161,343
162,343
163,343
164,343
165,343
166,343
167,343
168,343
169,343
170,343
171,343
172,343
173,343
174,343
175,343
176,343
177,343
178,343
179,343
180,343
181,343
182,343
184,343
185,343
186,343
187,343
188,343
189,343
190,343
191,343
192,343
193,343
194,343
196,343
197,343
198,343
200,343
201,343
202,343
204,343
205,343
206,343
208,343
209,343
210,343
212,343
213,343
214,343
216,343
217,343
218,343
219,343
220,343
221,343
222,343
223,343
224,343
225,343
226,343
227,343
228,343
229,343
230,343
231,343
232,343
233,343
234,343
235,343
236,343
237,343
238,343
240,343
241,343
242,343
243,343
244,343
245,343
246,343
247,343
248,343
249,343
250,343
251,343
252,343
253,343
254,343
255,343
256,343
258,343
260,343
261,343
262,343
264,343
266,343
267,343
268,343
270,343
272,343
274,343
276,343
277,343
278,343
280,343
281,343
282,343
284,343
286,343
287,343
288,343
289,343
290,343
291,343
292,343
293,343
294,343
295,343
296,343
297,343
298,343
300,343
301,343
302,343
304,343
306,343
308,343
310,343
312,343
313,343
314,343
315,343
316,343
317,343
318,343
319,343
320,343
321,343
322,343
323,343
324,343
325,343
326,343
327,343
328,343
329,343
71,344
72,344
73,344
75,344
76,344
77,344
79,344
80,344
81,344
83,344
84,344
85,344
87,344
89,344
91,344
93,344
95,344
97,344
99,344
101,344
103,344
105,344
107,344
109,344
113,344
115,344
117,344
119,344
120,344
121,344
123,344
124,344
125,344
127,344
128,344
129,344
131,344
132,344
133,344
135,344
137,344
139,344
141,344
143,344
145,344
147,344
149,344
151,344
153,344
155,344
157,344
159,344
160,344
161,344
163,344
164,344
165,344
167,344
168,344
169,344
171,344
172,344
173,344
175,344
177,344
179,344
181,344
183,344
185,344
187,344
188,344
189,344
191,344
192,344
193,344
195,344
197,344
199,344
201,344
203,344
205,344
207,344
209,344
211,344
213,344
215,344
217,344
219,344
220,344
221,344
223,344
224,344
225,344
227,344
228,344
229,344
231,344
232,344
233,344
235,344
237,344
239,344
240,344
241,344
243,344
244,344
245,344
247,344
248,344
249,344
251,344
252,344
253,344
255,344
257,344
259,344
261,344
263,344
265,344
267,344
269,344
271,344
273,344
275,344
277,344
279,344
281,344
283,344
285,344
287,344
289,344
291,344
293,344
295,344
297,344
299,344
301,344
303,344
305,344
307,344
309,344
311,344
313,344
315,344
317,344
319,344
321,344
323,344
325,344
327,344
329,344
70,345
71,345
72,345
73,345
74,345
75,345
76,345
77,345
78,345
79,345
80,345
81,345
82,345
83,345
84,345
85,345
86,345
87,345
88,345
90,345
91,345
92,345
94,345
96,345
97,345
98,345
99,345
100,345
101,345
102,345
103,345
104,345
106,345
107,345
108,345
110,345
112,345
113,345
114,345
115,345
116,345
117,345
118,345
119,345
120,345
121,345
122,345
123,345
124,345
125,345
126,345
127,345
128,345
129,345
130,345
131,345
132,345
133,345
134,345
135,345
136,345
138,345
139,345
140,345
142,345
143,345
144,345
145,345
146,345
147,345
148,345
150,345
151,345
152,345
153,345
154,345
155,345
156,345
158,345
159,345
160,345
161,345
162,345
163,345
164,345
165,345
166,345
167,345
168,345
169,345
170,345
171,345
172,345
173,345
174,345
175,345
176,345
177,345
178,345
179,345
180,345
182,345
183,345
184,345
185,345
186,345
187,345
188,345
189,345
190,345
191,345
192,345
193,345
194,345
196,345
197,345
198,345
199,345
200,345
202,345
203,345
204,345
205,345
206,345
207,345
208,345
210,345
211,345
212,345
213,345
214,345
215,345
216,345
218,345
219,345
220,345
221,345
222,345
223,345
224,345
225,345
226,345
227,345
228,345
229,345
230,345
231,345
232,345
233,345
234,345
235,345
236,345
237,345
238,345
239,345
240,345
241,345
242,345
243,345
244,345
245,345
246,345
247,345
248,345
249,345
250,345
251,345
252,345
253,345
254,345
255,345
256,345
258,345
259,345
260,345
262,345
264,345
266,345
267,345
268,345
270,345
271,345
272,345
274,345
275,345
276,345
277,345
278,345
279,345
280,345
281,345
282,345
283,345
284,345
286,345
287,345
288,345
289,345
290,345
291,345
292,345
293,345
294,345
295,345
296,345
297,345
298,345
299,345
300,345
301,345
302,345
303,345
304,345
306,345
307,345
308,345
310,345
312,345
313,345
314,345
315,345
316,345
317,345
318,345
319,345
320,345
321,345
322,345
323,345
324,345
325,345
326,345
327,345
328,345
329,345
70,346
71,346
73,346
74,346
75,346
77,346
78,346
79,346
81,346
82,346
83,346
84,346
85,346
87,346
89,346
91,346
93,346
95,346
97,346
98,346
99,346
101,346
103,346
105,346
107,346
109,346
111,346
113,346
114,346
115,346
117,346
119,346
121,346
122,346
123,346
125,346
126,346
127,346
129,346
130,346
131,346
132,346
133,346
135,346
137,346
139,346
141,346
143,346
145,346
146,346
147,346
149,346
151,346
153,346
154,346
155,346
157,346
158,346
159,346
161,346
162,346
163,346
165,346
166,346
167,346
168,346
169,346
170,346
171,346
172,346
173,346
174,346
175,346
177,346
178,346
179,346
181,346
183,346
185,346
186,346
187,346
188,346
189,346
190,346
191,346
193,346
195,346
197,346
199,346
201,346
203,346
205,346
206,346
207,346
209,346
211,346
213,346
215,346
217,346
219,346
220,346
221,346
222,346
223,346
225,346
226,346
227,346
229,346
230,346
231,346
233,346
234,346
235,346
237,346
239,346
241,346
242,346
243,346
244,346
245,346
246,346
247,346
249,346
250,346
251,346
253,346
254,346
255,346
257,346
259,346
261,346
263,346
265,346
266,346
267,346
269,346
271,346
273,346
275,346
277,346
279,346
281,346
283,346
285,346
287,346
289,346
291,346
293,346
294,346
295,346
297,346
299,346
301,346
303,346
305,346
307,346
309,346
311,346
313,346
314,346
315,346
317,346
319,346
321,346
323,346
325,346
327,346
329,346
70,347
71,347
72,347
73,347
74,347
75,347
76,347
77,347
78,347
79,347
80,347
81,347
82,347
83,347
84,347
85,347
86,347
88,347
90,347
92,347
94,347
96,347
97,347
98,347
99,347
100,347
101,347
102,347
104,347
106,347
108,347
110,347
112,347
113,347
114,347
115,347
116,347
117,347
118,347
119,347
120,347
121,347
122,347
123,347
124,347
125,347
126,347
127,347
128,347
129,347
130,347
131,347
132,347
133,347
134,347
136,347
137,347
138,347
139,347
140,347
141,347
142,347
144,347
145,347
146,347
147,347
148,347
149,347
150,347
152,347
153,347
154,347
156,347
157,347
158,347
159,347
160,347
161,347
162,347
163,347
164,347
165,347
166,347
167,347
168,347
169,347
170,347
171,347
172,347
173,347
174,347
176,347
177,347
178,347
179,347
180,347
181,347
182,347
184,347
185,347
186,347
187,347
188,347
189,347
190,347
191,347
192,347
193,347
194,347
196,347
197,347
198,347
200,347
201,347
202,347
204,347
205,347
206,347
208,347
209,347
210,347
212,347
213,347
214,347
216,347
217,347
218,347
219,347
220,347
221,347
222,347
223,347
224,347
225,347
226,347
227,347
228,347
229,347
230,347
231,347
232,347
233,347
234,347
235,347
236,347
237,347
238,347
239,347
240,347
241,347
242,347
243,347
244,347
245,347
246,347
247,347
248,347
249,347
250,347
251,347
252,347
253,347
254,347
255,347
256,347
258,347
260,347
262,347
264,347
265,347
266,347
268,347
270,347
272,347
274,347
276,347
277,347
278,347
279,347
280,347
281,347
282,347
284,347
285,347
286,347
288,347
289,347
290,347
292,347
293,347
294,347
295,347
296,347
297,347
298,347
300,347
301,347
302,347
304,347
306,347
308,347
310,347
312,347
313,347
314,347
315,347
316,347
317,347
318,347
320,347
321,347
322,347
324,347
325,347
326,347
328,347
329,347
71,348
72,348
73,348
75,348
76,348
77,348
79,348
80,348
81,348
83,348
84,348
85,348
87,348
89,348
91,348
93,348
95,348
96,348
97,348
99,348
101,348
103,348
105,348
107,348
109,348
111,348
113,348
115,348
117,348
119,348
120,348
121,348
123,348
124,348
125,348
127,348
128,348
129,348
131,348
132,348
133,348
137,348
139,348
141,348
143,348
145,348
147,348
149,348
151,348
153,348
155,348
157,348
159,348
160,348
161,348
163,348
164,348
165,348
167,348
168,348
169,348
171,348
172,348
173,348
175,348
177,348
179,348
181,348
183,348
185,348
186,348
187,348
188,348
189,348
191,348
192,348
193,348
195,348
197,348
199,348
201,348
203,348
205,348
207,348
209,348
211,348
213,348
215,348
217,348
219,348
220,348
221,348
223,348
224,348
225,348
227,348
228,348
229,348
231,348
232,348
233,348
235,348
237,348
239,348
240,348
241,348
243,348
244,348
245,348
247,348
248,348
249,348
251,348
253,348
255,348
257,348
259,348
261,348
263,348
265,348
267,348
269,348
271,348
273,348
275,348
277,348
279,348
281,348
283,348
285,348
287,348
289,348
291,348
293,348
295,348
297,348
299,348
301,348
303,348
305,348
307,348
309,348
311,348
313,348
315,348
316,348
317,348
319,348
321,348
323,348
325,348
327,348
329,348
70,349
71,349
72,349
73,349
74,349
75,349
76,349
77,349
78,349
79,349
80,349
81,349
82,349
83,349
84,349
85,349
86,349
87,349
88,349
90,349
91,349
92,349
94,349
95,349
96,349
97,349
98,349
99,349
100,349
101,349
102,349
103,349
104,349
106,349
108,349
110,349
112,349
113,349
114,349
115,349
116,349
117,349
118,349
119,349
120,349
121,349
122,349
123,349
124,349
125,349
126,349
127,349
128,349
129,349
130,349
131,349
132,349
133,349
134,349
136,349
137,349
138,349
139,349
140,349
142,349
143,349
144,349
145,349
146,349
147,349
148,349
150,349
151,349
152,349
154,349
155,349
156,349
158,349
159,349
160,349
161,349
162,349
163,349
164,349
165,349
166,349
167,349
168,349
169,349
170,349
171,349
172,349
173,349
174,349
175,349
176,349
178,349
179,349
180,349
182,349
183,349
184,349
185,349
186,349
187,349
188,349
189,349
190,349
191,349
192,349
193,349
194,349
195,349
196,349
197,349
198,349
199,349
200,349
201,349
202,349
203,349
204,349
205,349
206,349
207,349
208,349
210,349
211,349
212,349
214,349
215,349
216,349
218,349
219,349
220,349
221,349
222,349
223,349
224,349
225,349
226,349
227,349
228,349
229,349
230,349
231,349
232,349
233,349
234,349
235,349
236,349
237,349
238,349
239,349
240,349
241,349
242,349
243,349
244,349
245,349
246,349
247,349
248,349
249,349
250,349
251,349
252,349
253,349
254,349
255,349
256,349
258,349
259,349
260,349
262,349
263,349
264,349
265,349
266,349
268,349
270,349
272,349
274,349
275,349
276,349
277,349
278,349
279,349
280,349
281,349
282,349
283,349
284,349
285,349
286,349
287,349
288,349
289,349
290,349
291,349
292,349
293,349
294,349
295,349
296,349
297,349
298,349
299,349
300,349
301,349
302,349
303,349
304,349
306,349
307,349
308,349
310,349
311,349
312,349
314,349
315,349
316,349
317,349
318,349
319,349
320,349
321,349
322,349
323,349
324,349
325,349
326,349
327,349
328,349
329,349
70,350
71,350
73,350
74,350
75,350
77,350
78,350
79,350
81,350
82,350
83,350
85,350
87,350
89,350
91,350
93,350
95,350
97,350
99,350
101,350
103,350
105,350
107,350
109,350
111,350
113,350
114,350
115,350
117,350
119,350
121,350
122,350
123,350
124,350
125,350
126,350
127,350
129,350
130,350
131,350
133,350
134,350
135,350
137,350
139,350
141,350
143,350
145,350
146,350
147,350
149,350
151,350
153,350
155,350
157,350
158,350
159,350
161,350
162,350
163,350
165,350
166,350
167,350
169,350
170,350
171,350
173,350
174,350
175,350
177,350
178,350
179,350
181,350
183,350
185,350
186,350
187,350
188,350
189,350
190,350
191,350
192,350
193,350
195,350
197,350
199,350
201,350
203,350
205,350
206,350
207,350
209,350
211,350
213,350
215,350
217,350
219,350
221,350
222,350
223,350
224,350
225,350
226,350
227,350
229,350
230,350
231,350
233,350
234,350
235,350
237,350
239,350
240,350
241,350
242,350
243,350
245,350
246,350
247,350
249,350
250,350
251,350
253,350
254,350
255,350
257,350
259,350
261,350
263,350
265,350
267,350
269,350
271,350
273,350
275,350
277,350
279,350
281,350
282,350
283,350
285,350
287,350
289,350
291,350
293,350
295,350
297,350
299,350
301,350
303,350
305,350
307,350
309,350
311,350
313,350
315,350
317,350
319,350
321,350
323,350
325,350
327,350
329,350
70,351
71,351
72,351
73,351
74,351
75,351
76,351
77,351
78,351
79,351
80,351
81,351
82,351
83,351
84,351
85,351
86,351
87,351
88,351
90,351
92,351
93,351
94,351
96,351
97,351
98,351
100,351
101,351
102,351
104,351
105,351
106,351
108,351
110,351
112,351
113,351
114,351
115,351
116,351
117,351
118,351
119,351
120,351
121,351
122,351
123,351
124,351
125,351
126,351
127,351
128,351
129,351
130,351
131,351
132,351
133,351
134,351
136,351
137,351
138,351
140,351
141,351
142,351
144,351
145,351
146,351
148,351
150,351
152,351
153,351
154,351
156,351
158,351
159,351
160,351
161,351
162,351
163,351
164,351
165,351
166,351
167,351
168,351
169,351
170,351
171,351
172,351
173,351
174,351
176,351
177,351
178,351
179,351
180,351
181,351
182,351
184,351
185,351
186,351
187,351
188,351
189,351
190,351
191,351
192,351
193,351
194,351
196,351
197,351
198,351
199,351
200,351
201,351
202,351
204,351
205,351
206,351
208,351
209,351
210,351
212,351
213,351
214,351
216,351
218,351
219,351
220,351
221,351
222,351
223,351
224,351
225,351
226,351
227,351
228,351
229,351
230,351
231,351
232,351
233,351
234,351
235,351
236,351
237,351
238,351
239,351
240,351
241,351
242,351
243,351
244,351
245,351
246,351
247,351
248,351
249,351
250,351
251,351
252,351
253,351
254,351
255,351
256,351
258,351
260,351
262,351
264,351
265,351
266,351
268,351
270,351
272,351
274,351
275,351
276,351
277,351
278,351
279,351
280,351
281,351
282,351
283,351
284,351
285,351
286,351
288,351
290,351
291,351
292,351
293,351
294,351
295,351
296,351
297,351
298,351
300,351
301,351
302,351
304,351
306,351
308,351
310,351
312,351
314,351
315,351
316,351
317,351
318,351
319,351
320,351
321,351
322,351
323,351
324,351
325,351
326,351
327,351
328,351
329,351
71,352
73,352
75,352
77,352
79,352
81,352
83,352
85,352
87,352
89,352
91,352
93,352
95,352
96,352
97,352
99,352
101,352
103,352
105,352
107,352
109,352
111,352
113,352
115,352
117,352
119,352
120,352
121,352
123,352
124,352
125,352
127,352
128,352
129,352
131,352
132,352
133,352
135,352
137,352
139,352
141,352
143,352
145,352
147,352
149,352
151,352
153,352
155,352
157,352
159,352
160,352
161,352
163,352
164,352
165,352
167,352
168,352
169,352
171,352
172,352
173,352
175,352
177,352
179,352
181,352
183,352
185,352
187,352
188,352
189,352
191,352
192,352
193,352
195,352
197,352
199,352
201,352
203,352
205,352
207,352
209,352
211,352
213,352
215,352
217,352
219,352
220,352
221,352
223,352
224,352
225,352
227,352
228,352
229,352
231,352
232,352
233,352
235,352
237,352
239,352
240,352
241,352
243,352
244,352
245,352
247,352
248,352
249,352
251,352
252,352
253,352
255,352
257,352
259,352
261,352
263,352
265,352
269,352
273,352
275,352
277,352
279,352
281,352
283,352
285,352
287,352
289,352
291,352
293,352
295,352
297,352
299,352
301,352
303,352
305,352
307,352
309,352
311,352
313,352
315,352
317,352
319,352
321,352
323,352
325,352
327,352
329,352
70,353
71,353
72,353
73,353
74,353
75,353
76,353
77,353
78,353
79,353
80,353
81,353
82,353
83,353
84,353
85,353
86,353
87,353
88,353
90,353
91,353
92,353
94,353
95,353
96,353
97,353
98,353
99,353
100,353
101,353
102,353
103,353
104,353
105,353
106,353
107,353
108,353
110,353
112,353
113,353
114,353
115,353
116,353
118,353
119,353
120,353
121,353
122,353
123,353
124,353
125,353
126,353
127,353
128,353
129,353
130,353
131,353
132,353
133,353
134,353
136,353
137,353
138,353
139,353
140,353
142,353
143,353
144,353
145,353
146,353
147,353
148,353
150,353
151,353
152,353
153,353
154,353
155,353
156,353
158,353
159,353
160,353
161,353
162,353
163,353
164,353
165,353
166,353
167,353
168,353
169,353
170,353
171,353
172,353
173,353
174,353
175,353
176,353
177,353
178,353
179,353
180,353
182,353
183,353
184,353
185,353
186,353
187,353
188,353
189,353
190,353
191,353
192,353
193,353
194,353
195,353
196,353
198,353
199,353
200,353
202,353
203,353
204,353
205,353
206,353
207,353
208,353
210,353
211,353
212,353
214,353
215,353
216,353
218,353
219,353
220,353
221,353
222,353
223,353
224,353
225,353
226,353
227,353
228,353
229,353
230,353
231,353
232,353
233,353
234,353
235,353
236,353
238,353
239,353
240,353
241,353
242,353
243,353
244,353
245,353
246,353
247,353
248,353
249,353
250,353
251,353
252,353
253,353
254,353
255,353
256,353
258,353
259,353
260,353
262,353
264,353
265,353
266,353
267,353
268,353
270,353
272,353
274,353
275,353
276,353
277,353
278,353
279,353
280,353
281,353
282,353
283,353
284,353
285,353
286,353
287,353
288,353
290,353
291,353
292,353
293,353
294,353
295,353
296,353
297,353
298,353
299,353
300,353
302,353
303,353
304,353
306,353
307,353
308,353
310,353
311,353
312,353
314,353
315,353
316,353
317,353
318,353
319,353
320,353
321,353
322,353
323,353
324,353
325,353
326,353
327,353
328,353
329,353
70,354
71,354
73,354
74,354
75,354
77,354
78,354
79,354
81,354
82,354
83,354
85,354
87,354
89,354
91,354
93,354
95,354
97,354
98,354
99,354
101,354
103,354
105,354
107,354
109,354
111,354
113,354
114,354
115,354
117,354
119,354
121,354
122,354
123,354
125,354
126,354
127,354
129,354
130,354
131,354
133,354
135,354
137,354
139,354
141,354
143,354
145,354
146,354
147,354
149,354
151,354
153,354
155,354
157,354
158,354
159,354
160,354
161,354
162,354
163,354
164,354
165,354
166,354
167,354
169,354
170,354
171,354
173,354
174,354
175,354
177,354
178,354
179,354
181,354
183,354
185,354
186,354
187,354
189,354
190,354
191,354
193,354
195,354
197,354
199,354
201,354
203,354
205,354
206,354
207,354
209,354
211,354
213,354
215,354
217,354
219,354
221,354
222,354
223,354
224,354
225,354
226,354
227,354
228,354
229,354
230,354
231,354
232,354
233,354
234,354
235,354
237,354
239,354
240,354
241,354
242,354
243,354
245,354
246,354
247,354
249,354
250,354
251,354
253,354
254,354
255,354
257,354
259,354
261,354
263,354
265,354
267,354
269,354
271,354
273,354
275,354
277,354
279,354
281,354
282,354
283,354
285,354
287,354
289,354
291,354
293,354
295,354
297,354
299,354
301,354
303,354
305,354
307,354
309,354
311,354
313,354
315,354
317,354
318,354
319,354
321,354
322,354
323,354
325,354
326,354
327,354
329,354
70,355
71,355
72,355
73,355
74,355
75,355
76,355
77,355
78,355
79,355
80,355
81,355
82,355
83,355
84,355
85,355
86,355
88,355
90,355
92,355
94,355
95,355
96,355
97,355
98,355
99,355
100,355
101,355
102,355
104,355
105,355
106,355
108,355
110,355
112,355
113,355
114,355
115,355
116,355
117,355
118,355
119,355
120,355
121,355
122,355
123,355
124,355
125,355
126,355
127,355
128,355
129,355
130,355
131,355
132,355
133,355
134,355
136,355
137,355
138,355
140,355
141,355
142,355
144,355
145,355
146,355
148,355
149,355
150,355
152,355
153,355
154,355
156,355
157,355
158,355
159,355
160,355
161,355
162,355
163,355
164,355
165,355
166,355
167,355
168,355
169,355
170,355
171,355
172,355
173,355
174,355
176,355
177,355
178,355
179,355
180,355
182,355
184,355
185,355
186,355
187,355
188,355
189,355
190,355
191,355
192,355
193,355
194,355
196,355
198,355
199,355
200,355
202,355
204,355
205,355
206,355
208,355
209,355
210,355
212,355
213,355
214,355
216,355
217,355
218,355
219,355
220,355
221,355
222,355
223,355
224,355
225,355
226,355
227,355
228,355
229,355
230,355
231,355
232,355
233,355
234,355
235,355
236,355
237,355
238,355
239,355
240,355
241,355
242,355
243,355
244,355
245,355
246,355
247,355
248,355
249,355
250,355
251,355
252,355
253,355
254,355
256,355
258,355
260,355
262,355
264,355
265,355
266,355
268,355
270,355
272,355
273,355
274,355
276,355
277,355
278,355
280,355
281,355
282,355
283,355
284,355
285,355
286,355
288,355
289,355
290,355
291,355
292,355
293,355
294,355
295,355
296,355
297,355
298,355
300,355
301,355
302,355
304,355
305,355
306,355
308,355
310,355
312,355
314,355
316,355
317,355
318,355
319,355
320,355
321,355
322,355
323,355
324,355
325,355
326,355
327,355
328,355
329,355
71,356
73,356
75,356
77,356
79,356
81,356
83,356
85,356
87,356
89,356
91,356
93,356
95,356
96,356
97,356
99,356
101,356
103,356
105,356
107,356
109,356
113,356
115,356
117,356
119,356
120,356
121,356
123,356
124,356
125,356
127,356
128,356
129,356
131,356
132,356
133,356
135,356
137,356
139,356
141,356
143,356
145,356
147,356
149,356
151,356
153,356
155,356
157,356
159,356
160,356
161,356
163,356
164,356
165,356
167,356
168,356
169,356
171,356
172,356
173,356
175,356
177,356
179,356
181,356
183,356
185,356
187,356
188,356
189,356
191,356
192,356
193,356
195,356
197,356
199,356
201,356
203,356
205,356
207,356
209,356
211,356
213,356
215,356
217,356
219,356
220,356
221,356
223,356
224,356
225,356
227,356
228,356
229,356
231,356
232,356
233,356
235,356
237,356
239,356
240,356
241,356
243,356
244,356
245,356
247,356
248,356
249,356
251,356
253,356
257,356
259,356
261,356
263,356
265,356
267,356
269,356
271,356
273,356
275,356
277,356
279,356
281,356
283,356
285,356
287,356
289,356
291,356
293,356
295,356
297,356
299,356
301,356
303,356
305,356
307,356
309,356
311,356
313,356
315,356
317,356
319,356
320,356
321,356
323,356
325,356
327,356
329,356
70,357
71,357
72,357
73,357
74,357
75,357
76,357
77,357
78,357
79,357
80,357
81,357
82,357
83,357
84,357
85,357
86,357
87,357
88,357
90,357
91,357
92,357
94,357
95,357
96,357
97,357
98,357
99,357
100,357
101,357
102,357
103,357
104,357
105,357
106,357
107,357
108,357
110,357
112,357
113,357
114,357
115,357
116,357
118,357
119,357
120,357
121,357
122,357
123,357
124,357
125,357
126,357
127,357
128,357
129,357
130,357
131,357
132,357
133,357
134,357
136,357
138,357
139,357
140,357
142,357
143,357
144,357
145,357
146,357
147,357
148,357
149,357
150,357
151,357
152,357
153,357
154,357
155,357
156,357
157,357
158,357
159,357
160,357
161,357
162,357
163,357
164,357
165,357
166,357
167,357
168,357
169,357
170,357
171,357
172,357
173,357
174,357
175,357
176,357
178,357
179,357
180,357
182,357
184,357
185,357
186,357
187,357
188,357
189,357
190,357
191,357
192,357
193,357
194,357
195,357
196,357
197,357
198,357
199,357
200,357
202,357
203,357
204,357
205,357
206,357
207,357
208,357
210,357
211,357
212,357
213,357
214,357
215,357
216,357
217,357
218,357
219,357
220,357
221,357
222,357
223,357
224,357
225,357
226,357
227,357
228,357
229,357
230,357
231,357
232,357
233,357
234,357
235,357
236,357
238,357
239,357
240,357
241,357
242,357
243,357
244,357
245,357
246,357
247,357
248,357
249,357
250,357
251,357
252,357
253,357
254,357
256,357
258,357
259,357
260,357
262,357
263,357
264,357
265,357
266,357
268,357
270,357
271,357
272,357
274,357
275,357
276,357
277,357
278,357
279,357
280,357
281,357
282,357
283,357
284,357
285,357
286,357
287,357
288,357
290,357
291,357
292,357
293,357
294,357
295,357
296,357
297,357
298,357
299,357
300,357
301,357
302,357
303,357
304,357
306,357
308,357
310,357
311,357
312,357
314,357
315,357
316,357
317,357
318,357
319,357
320,357
321,357
322,357
323,357
324,357
325,357
326,357
327,357
328,357
329,357
70,358
71,358
73,358
75,358
77,358
78,358
79,358
81,358
82,358
83,358
85,358
87,358
89,358
91,358
93,358
95,358
97,358
98,358
99,358
101,358
102,358
103,358
105,358
107,358
109,358
111,358
113,358
114,358
115,358
117,358
119,358
121,358
122,358
123,358
125,358
126,358
127,358
129,358
130,358
131,358
133,358
135,358
137,358
139,358
141,358
143,358
145,358
146,358
147,358
149,358
151,358
153,358
155,358
157,358
158,358
159,358
160,358
161,358
162,358
163,358
165,358
166,358
167,358
168,358
169,358
170,358
171,358
172,358
173,358
174,358
175,358
177,358
178,358
179,358
181,358
183,358
185,358
186,358
187,358
188,358
189,358
190,358
191,358
193,358
195,358
197,358
199,358
201,358
203,358
205,358
206,358
207,358
209,358
211,358
213,358
215,358
217,358
219,358
220,358
221,358
222,358
223,358
224,358
225,358
226,358
227,358
229,358
230,358
231,358
233,358
234,358
235,358
237,358
239,358
241,358
242,358
243,358
245,358
246,358
247,358
249,358
250,358
251,358
253,358
255,358
257,358
259,358
261,358
263,358
265,358
267,358
269,358
271,358
273,358
275,358
277,358
279,358
281,358
283,358
285,358
286,358
287,358
289,358
291,358
293,358
295,358
297,358
299,358
301,358
302,358
303,358
305,358
307,358
309,358
311,358
313,358
315,358
317,358
319,358
320,358
321,358
322,358
323,358
325,358
326,358
327,358
329,358
70,359
71,359
72,359
73,359
74,359
75,359
76,359
77,359
78,359
79,359
80,359
81,359
82,359
84,359
85,359
86,359
88,359
90,359
91,359
92,359
94,359
96,359
97,359
98,359
99,359
100,359
101,359
102,359
103,359
104,359
105,359
106,359
108,359
109,359
110,359
112,359
113,359
114,359
115,359
116,359
117,359
118,359
119,359
120,359
121,359
122,359
123,359
124,359
125,359
126,359
127,359
128,359
129,359
130,359
131,359
132,359
133,359
134,359
136,359
137,359
138,359
139,359
140,359
141,359
142,359
144,359
145,359
146,359
148,359
149,359
150,359
152,359
153,359
154,359
156,359
157,359
158,359
159,359
160,359
161,359
162,359
163,359
164,359
165,359
166,359
167,359
168,359
169,359
170,359
171,359
172,359
173,359
174,359
175,359
176,359
177,359
178,359
179,359
180,359
181,359
182,359
184,359
185,359
186,359
187,359
188,359
189,359
190,359
191,359
192,359
193,359
194,359
196,359
197,359
198,359
200,359
202,359
204,359
205,359
206,359
208,359
209,359
210,359
212,359
213,359
214,359
216,359
217,359
218,359
219,359
220,359
221,359
222,359
223,359
224,359
225,359
226,359
227,359
228,359
229,359
230,359
231,359
232,359
233,359
234,359
235,359
236,359
237,359
238,359
239,359
240,359
241,359
242,359
243,359
244,359
245,359
246,359
247,359
248,359
249,359
250,359
251,359
252,359
253,359
254,359
256,359
257,359
258,359
260,359
262,359
263,359
264,359
266,359
268,359
270,359
272,359
273,359
274,359
275,359
276,359
277,359
278,359
279,359
280,359
281,359
282,359
283,359
284,359
285,359
286,359
287,359
288,359
290,359
292,359
293,359
294,359
295,359
296,359
297,359
298,359
300,359
301,359
302,359
304,359
305,359
306,359
308,359
309,359
310,359
312,359
314,359
316,359
317,359
318,359
319,359
320,359
321,359
322,359
323,359
324,359
325,359
326,359
327,359
328,359
329,359
71,360
73,360
75,360
77,360
79,360
81,360
83,360
85,360
87,360
89,360
91,360
93,360
95,360
97,360
99,360
101,360
103,360
105,360
107,360
109,360
111,360
113,360
115,360
117,360
119,360
121,360
123,360
124,360
125,360
127,360
128,360
129,360
131,360
132,360
133,360
135,360
137,360
139,360
141,360
143,360
145,360
147,360
149,360
151,360
153,360
155,360
157,360
159,360
160,360
161,360
163,360
164,360
165,360
167,360
168,360
169,360
171,360
172,360
173,360
175,360
177,360
179,360
181,360
183,360
185,360
187,360
189,360
191,360
192,360
193,360
195,360
197,360
199,360
201,360
203,360
205,360
207,360
209,360
211,360
213,360
215,360
217,360
219,360
220,360
221,360
223,360
224,360
225,360
227,360
228,360
229,360
231,360
232,360
233,360
235,360
237,360
239,360
240,360
241,360
243,360
244,360
245,360
247,360
248,360
249,360
251,360
253,360
255,360
257,360
259,360
261,360
263,360
265,360
267,360
269,360
271,360
273,360
275,360
277,360
279,360
281,360
283,360
285,360
287,360
289,360
291,360
293,360
295,360
297,360
299,360
301,360
303,360
305,360
307,360
309,360
311,360
313,360
315,360
317,360
319,360
320,360
321,360
323,360
324,360
325,360
327,360
328,360
329,360
70,361
71,361
72,361
73,361
74,361
75,361
76,361
77,361
78,361
79,361
80,361
81,361
82,361
83,361
84,361
85,361
86,361
87,361
88,361
90,361
91,361
92,361
94,361
95,361
96,361
97,361
98,361
99,361
100,361
101,361
102,361
103,361
104,361
105,361
106,361
107,361
108,361
109,361
110,361
112,361
113,361
114,361
115,361
116,361
118,361
119,361
120,361
121,361
122,361
123,361
124,361
125,361
126,361
127,361
128,361
129,361
130,361
131,361
132,361
133,361
134,361
135,361
136,361
137,361
138,361
139,361
140,361
142,361
143,361
144,361
145,361
146,361
147,361
148,361
150,361
151,361
152,361
153,361
154,361
155,361
156,361
157,361
158,361
159,361
160,361
161,361
162,361
163,361
164,361
165,361
166,361
167,361
168,361
169,361
170,361
171,361
172,361
173,361
174,361
175,361
176,361
177,361
178,361
179,361
180,361
182,361
183,361
184,361
185,361
186,361
187,361
188,361
189,361
190,361
191,361
192,361
193,361
194,361
195,361
196,361
197,361
198,361
199,361
200,361
202,361
203,361
204,361
205,361
206,361
207,361
208,361
210,361
211,361
212,361
213,361
214,361
215,361
216,361
217,361
218,361
219,361
220,361
221,361
222,361
223,361
224,361
225,361
226,361
227,361
228,361
229,361
230,361
231,361
232,361
233,361
234,361
235,361
236,361
237,361
238,361
239,361
240,361
241,361
242,361
243,361
244,361
245,361
246,361
247,361
248,361
249,361
250,361
251,361
252,361
253,361
254,361
256,361
258,361
260,361
262,361
263,361
264,361
266,361
268,361
270,361
271,361
272,361
274,361
275,361
276,361
278,361
279,361
280,361
281,361
282,361
283,361
284,361
285,361
286,361
287,361
288,361
289,361
290,361
291,361
292,361
293,361
294,361
295,361
296,361
297,361
298,361
299,361
300,361
302,361
303,361
304,361
306,361
308,361
309,361
310,361
312,361
314,361
316,361
317,361
318,361
319,361
320,361
321,361
322,361
323,361
324,361
325,361
326,361
327,361
328,361
329,361
70,362
71,362
73,362
75,362
77,362
78,362
79,362
81,362
82,362
83,362
85,362
87,362
89,362
91,362
93,362
95,362
97,362
99,362
101,362
102,362
103,362
105,362
107,362
109,362
111,362
113,362
114,362
115,362
117,362
119,362
121,362
122,362
123,362
125,362
126,362
127,362
129,362
130,362
131,362
133,362
135,362
137,362
139,362
141,362
143,362
145,362
147,362
149,362
151,362
153,362
155,362
157,362
158,362
159,362
160,362
161,362
162,362
163,362
164,362
165,362
166,362
167,362
168,362
169,362
170,362
171,362
172,362
173,362
174,362
175,362
177,362
179,362
181,362
183,362
185,362
186,362
187,362
189,362
190,362
191,362
192,362
193,362
195,362
197,362
199,362
201,362
203,362
205,362
206,362
207,362
209,362
211,362
213,362
215,362
217,362
219,362
220,362
221,362
222,362
223,362
225,362
226,362
227,362
229,362
230,362
231,362
233,362
234,362
235,362
237,362
239,362
241,362
242,362
243,362
245,362
246,362
247,362
249,362
250,362
251,362
253,362
255,362
257,362
259,362
261,362
263,362
265,362
267,362
269,362
271,362
273,362
275,362
277,362
279,362
281,362
282,362
283,362
285,362
287,362
289,362
291,362
293,362
295,362
297,362
299,362
301,362
303,362
305,362
307,362
309,362
311,362
313,362
315,362
317,362
318,362
319,362
321,362
322,362
323,362
325,362
326,362
327,362
329,362
70,363
71,363
72,363
73,363
74,363
75,363
76,363
77,363
78,363
79,363
80,363
81,363
82,363
84,363
85,363
86,363
88,363
90,363
91,363
92,363
94,363
96,363
97,363
98,363
99,363
100,363
101,363
102,363
103,363
104,363
105,363
106,363
107,363
108,363
110,363
112,363
113,363
114,363
115,363
116,363
117,363
118,363
120,363
121,363
122,363
123,363
124,363
125,363
126,363
127,363
128,363
129,363
130,363
131,363
132,363
133,363
134,363
136,363
137,363
138,363
140,363
142,363
144,363
145,363
146,363
148,363
149,363
150,363
152,363
153,363
154,363
156,363
157,363
158,363
159,363
160,363
161,363
162,363
163,363
164,363
165,363
166,363
167,363
168,363
169,363
170,363
171,363
172,363
173,363
174,363
175,363
176,363
177,363
178,363
180,363
181,363
182,363
184,363
186,363
188,363
189,363
190,363
191,363
192,363
193,363
194,363
196,363
197,363
198,363
200,363
201,363
202,363
204,363
205,363
206,363
208,363
210,363
212,363
213,363
214,363
216,363
217,363
218,363
219,363
220,363
221,363
222,363
223,363
224,363
225,363
226,363
227,363
228,363
229,363
230,363
231,363
232,363
233,363
234,363
236,363
237,363
238,363
239,363
240,363
241,363
242,363
243,363
244,363
245,363
246,363
247,363
248,363
249,363
250,363
251,363
252,363
253,363
254,363
256,363
258,363
260,363
262,363
263,363
264,363
266,363
268,363
270,363
272,363
273,363
274,363
276,363
277,363
278,363
280,363
281,363
282,363
283,363
284,363
285,363
286,363
287,363
288,363
289,363
290,363
292,363
294,363
295,363
296,363
297,363
298,363
300,363
302,363
303,363
304,363
306,363
308,363
309,363
310,363
312,363
313,363
314,363
316,363
317,363
318,363
319,363
320,363
321,363
322,363
323,363
324,363
325,363
326,363
327,363
328,363
329,363
71,364
73,364
75,364
77,364
79,364
81,364
83,364
85,364
87,364
89,364
91,364
93,364
95,364
96,364
97,364
99,364
101,364
103,364
105,364
107,364
109,364
111,364
113,364
115,364
117,364
119,364
121,364
123,364
124,364
125,364
127,364
129,364
131,364
132,364
133,364
137,364
139,364
141,364
143,364
144,364
145,364
147,364
149,364
151,364
153,364
155,364
157,364
159,364
160,364
161,364
163,364
164,364
165,364
167,364
168,364
169,364
171,364
172,364
173,364
175,364
177,364
179,364
181,364
185,364
189,364
191,364
192,364
193,364
195,364
197,364
199,364
201,364
203,364
205,364
207,364
209,364
211,364
213,364
215,364
217,364
219,364
220,364
221,364
223,364
224,364
225,364
227,364
228,364
229,364
231,364
232,364
233,364
235,364
237,364
239,364
240,364
241,364
243,364
245,364
247,364
249,364
251,364
252,364
253,364
255,364
257,364
259,364
261,364
263,364
265,364
267,364
269,364
271,364
273,364
275,364
277,364
279,364
281,364
283,364
285,364
287,364
289,364
291,364
293,364
295,364
297,364
299,364
301,364
303,364
305,364
307,364
309,364
311,364
313,364
315,364
317,364
319,364
321,364
323,364
324,364
325,364
327,364
328,364
329,364
70,365
71,365
72,365
73,365
74,365
75,365
76,365
77,365
78,365
79,365
80,365
81,365
82,365
83,365
84,365
85,365
86,365
87,365
88,365
90,365
91,365
92,365
94,365
95,365
96,365
97,365
98,365
99,365
100,365
101,365
102,365
103,365
104,365
105,365
106,365
107,365
108,365
110,365
112,365
113,365
114,365
115,365
116,365
117,365
118,365
119,365
120,365
121,365
122,365
123,365
124,365
125,365
126,365
127,365
128,365
129,365
130,365
131,365
132,365
133,365
134,365
135,365
136,365
138,365
139,365
140,365
142,365
143,365
144,365
145,365
146,365
147,365
148,365
150,365
151,365
152,365
154,365
155,365
156,365
158,365
159,365
160,365
161,365
162,365
163,365
164,365
165,365
166,365
167,365
168,365
169,365
170,365
171,365
172,365
173,365
174,365
175,365
176,365
178,365
179,365
180,365
182,365
184,365
186,365
188,365
189,365
190,365
191,365
192,365
193,365
194,365
195,365
196,365
197,365
198,365
199,365
200,365
201,365
202,365
203,365
204,365
205,365
206,365
207,365
208,365
210,365
211,365
212,365
213,365
214,365
216,365
218,365
219,365
220,365
221,365
222,365
223,365
224,365
225,365
226,365
227,365
228,365
229,365
230,365
231,365
232,365
233,365
234,365
235,365
236,365
237,365
238,365
239,365
240,365
241,365
242,365
243,365
244,365
245,365
246,365
247,365
248,365
249,365
250,365
251,365
252,365
254,365
256,365
258,365
260,365
262,365
263,365
264,365
266,365
267,365
268,365
270,365
271,365
272,365
273,365
274,365
275,365
276,365
277,365
278,365
279,365
280,365
281,365
282,365
283,365
284,365
285,365
286,365
287,365
288,365
289,365
290,365
291,365
292,365
294,365
295,365
296,365
297,365
298,365
299,365
300,365
302,365
303,365
304,365
306,365
308,365
309,365
310,365
311,365
312,365
314,365
315,365
316,365
317,365
318,365
319,365
320,365
321,365
322,365
323,365
324,365
325,365
326,365
327,365
328,365
329,365
71,366
73,366
75,366
77,366
78,366
79,366
81,366
83,366
85,366
87,366
89,366
91,366
93,366
95,366
97,366
98,366
99,366
101,366
102,366
103,366
105,366
107,366
109,366
111,366
113,366
114,366
115,366
117,366
119,366
121,366
122,366
123,366
125,366
126,366
127,366
129,366
130,366
131,366
133,366
135,366
137,366
139,366
141,366
143,366
145,366
147,366
149,366
151,366
153,366
155,366
157,366
158,366
159,366
160,366
161,366
162,366
163,366
164,366
165,366
166,366
167,366
168,366
169,366
170,366
171,366
173,366
174,366
175,366
177,366
179,366
181,366
187,366
189,366
190,366
191,366
192,366
193,366
195,366
197,366
199,366
201,366
203,366
205,366
206,366
207,366
209,366
211,366
213,366
215,366
217,366
219,366
221,366
222,366
223,366
225,366
226,366
227,366
229,366
230,366
231,366
233,366
234,366
235,366
237,366
239,366
240,366
241,366
242,366
243,366
244,366
245,366
246,366
247,366
249,366
251,366
253,366
255,366
257,366
259,366
261,366
263,366
265,366
267,366
269,366
270,366
271,366
273,366
275,366
277,366
279,366
281,366
283,366
285,366
287,366
289,366
290,366
291,366
293,366
295,366
297,366
299,366
301,366
303,366
305,366
307,366
309,366
311,366
313,366
315,366
317,366
318,366
319,366
321,366
322,366
323,366
324,366
325,366
326,366
327,366
328,366
329,366
70,367
71,367
72,367
73,367
74,367
75,367
76,367
77,367
78,367
79,367
80,367
81,367
82,367
84,367
85,367
86,367
88,367
89,367
90,367
92,367
94,367
96,367
97,367
98,367
99,367
100,367
101,367
102,367
103,367
104,367
105,367
106,367
107,367
108,367
110,367
112,367
113,367
114,367
115,367
116,367
117,367
118,367
120,367
121,367
122,367
123,367
124,367
125,367
126,367
127,367
128,367
129,367
130,367
131,367
132,367
133,367
134,367
136,367
137,367
138,367
140,367
142,367
144,367
145,367
146,367
148,367
150,367
151,367
152,367
153,367
154,367
156,367
157,367
158,367
159,367
160,367
161,367
162,367
163,367
164,367
165,367
166,367
167,367
168,367
169,367
170,367
171,367
172,367
173,367
174,367
176,367
178,367
180,367
182,367
184,367
186,367
188,367
189,367
190,367
191,367
192,367
193,367
194,367
196,367
197,367
198,367
200,367
201,367
202,367
204,367
205,367
206,367
208,367
209,367
210,367
212,367
213,367
214,367
216,367
218,367
219,367
220,367
221,367
222,367
223,367
224,367
225,367
226,367
227,367
228,367
229,367
230,367
231,367
232,367
233,367
234,367
235,367
236,367
237,367
238,367
239,367
240,367
241,367
242,367
243,367
244,367
245,367
246,367
247,367
248,367
249,367
250,367
251,367
252,367
253,367
254,367
256,367
257,367
258,367
260,367
261,367
262,367
263,367
264,367
266,367
268,367
270,367
272,367
274,367
275,367
276,367
277,367
278,367
279,367
280,367
281,367
282,367
283,367
284,367
285,367
286,367
287,367
288,367
289,367
290,367
291,367
292,367
294,367
296,367
297,367
298,367
300,367
301,367
302,367
303,367
304,367
305,367
306,367
308,367
309,367
310,367
312,367
314,367
316,367
317,367
318,367
319,367
320,367
321,367
322,367
323,367
324,367
325,367
326,367
327,367
328,367
329,367
71,368
73,368
75,368
77,368
79,368
81,368
83,368
85,368
87,368
89,368
91,368
93,368
95,368
97,368
99,368
101,368
103,368
105,368
107,368
109,368
111,368
113,368
115,368
117,368
119,368
121,368
123,368
125,368
127,368
128,368
129,368
131,368
132,368
133,368
135,368
137,368
139,368
141,368
143,368
144,368
145,368
147,368
149,368
151,368
153,368
155,368
157,368
159,368
160,368
161,368
163,368
164,368
165,368
167,368
168,368
169,368
171,368
172,368
173,368
175,368
177,368
179,368
181,368
183,368
187,368
188,368
189,368
191,368
192,368
193,368
195,368
197,368
199,368
201,368
203,368
204,368
205,368
207,368
209,368
211,368
213,368
215,368
217,368
219,368
220,368
221,368
223,368
225,368
227,368
228,368
229,368
231,368
232,368
233,368
235,368
237,368
239,368
240,368
241,368
243,368
244,368
245,368
247,368
248,368
249,368
251,368
252,368
253,368
255,368
257,368
259,368
261,368
263,368
265,368
267,368
269,368
271,368
275,368
277,368
279,368
281,368
283,368
285,368
287,368
289,368
291,368
293,368
295,368
297,368
299,368
301,368
303,368
305,368
307,368
309,368
311,368
313,368
315,368
317,368
319,368
321,368
323,368
324,368
325,368
327,368
328,368
329,368
70,369
71,369
72,369
73,369
74,369
75,369
76,369
77,369
78,369
79,369
80,369
81,369
82,369
83,369
84,369
85,369
86,369
87,369
88,369
89,369
90,369
91,369
92,369
94,369
95,369
96,369
97,369
98,369
99,369
100,369
101,369
102,369
103,369
104,369
105,369
106,369
107,369
108,369
110,369
111,369
112,369
113,369
114,369
115,369
116,369
117,369
118,369
119,369
120,369
121,369
122,369
123,369
124,369
125,369
126,369
127,369
128,369
129,369
130,369
131,369
132,369
133,369
134,369
136,369
137,369
138,369
139,369
140,369
142,369
143,369
144,369
145,369
146,369
147,369
148,369
150,369
151,369
152,369
154,369
155,369
156,369
157,369
158,369
159,369
160,369
161,369
162,369
163,369
164,369
165,369
166,369
167,369
168,369
169,369
170,369
171,369
172,369
173,369
174,369
175,369
176,369
178,369
179,369
180,369
182,369
183,369
184,369
186,369
187,369
188,369
189,369
190,369
191,369
192,369
193,369
194,369
195,369
196,369
197,369
198,369
199,369
200,369
202,369
203,369
204,369
205,369
206,369
207,369
208,369
210,369
211,369
212,369
213,369
214,369
215,369
216,369
218,369
219,369
220,369
221,369
222,369
223,369
224,369
225,369
226,369
227,369
228,369
229,369
230,369
231,369
232,369
233,369
234,369
235,369
236,369
237,369
238,369
239,369
240,369
241,369
242,369
243,369
244,369
245,369
246,369
247,369
248,369
249,369
250,369
251,369
252,369
253,369
254,369
256,369
258,369
259,369
260,369
262,369
263,369
264,369
266,369
268,369
270,369
271,369
272,369
274,369
276,369
277,369
278,369
279,369
280,369
281,369
282,369
283,369
284,369
285,369
286,369
287,369
288,369
289,369
290,369
291,369
292,369
294,369
295,369
296,369
297,369
298,369
299,369
300,369
301,369
302,369
303,369
304,369
306,369
308,369
309,369
310,369
312,369
314,369
316,369
318,369
319,369
320,369
321,369
322,369
323,369
324,369
325,369
326,369
327,369
328,369
329,369
71,370
73,370
75,370
77,370
78,370
79,370
81,370
83,370
85,370
87,370
89,370
90,370
91,370
93,370
95,370
97,370
99,370
101,370
102,370
103,370
105,370
107,370
109,370
111,370
113,370
114,370
115,370
117,370
119,370
121,370
122,370
123,370
124,370
125,370
126,370
127,370
129,370
130,370
131,370
133,370
135,370
137,370
139,370
141,370
143,370
144,370
145,370
147,370
149,370
151,370
153,370
155,370
157,370
158,370
159,370
160,370
161,370
162,370
163,370
165,370
166,370
167,370
169,370
170,370
171,370
173,370
175,370
177,370
179,370
181,370
183,370
184,370
185,370
186,370
187,370
188,370
189,370
190,370
191,370
192,370
193,370
195,370
197,370
199,370
201,370
203,370
205,370
207,370
209,370
211,370
213,370
215,370
217,370
219,370
220,370
221,370
222,370
223,370
225,370
226,370
227,370
229,370
230,370
231,370
233,370
234,370
235,370
237,370
239,370
241,370
242,370
243,370
245,370
246,370
247,370
249,370
250,370
251,370
253,370
255,370
257,370
259,370
261,370
263,370
265,370
267,370
269,370
271,370
275,370
277,370
279,370
281,370
283,370
285,370
286,370
287,370
289,370
291,370
293,370
295,370
297,370
299,370
301,370
302,370
303,370
305,370
307,370
309,370
311,370
313,370
315,370
317,370
319,370
321,370
322,370
323,370
324,370
325,370
326,370
327,370
328,370
329,370
70,371
71,371
72,371
73,371
74,371
75,371
76,371
77,371
78,371
79,371
80,371
81,371
82,371
84,371
85,371
86,371
88,371
89,371
90,371
92,371
94,371
96,371
97,371
98,371
99,371
100,371
101,371
102,371
103,371
104,371
105,371
106,371
108,371
110,371
112,371
113,371
114,371
115,371
116,371
117,371
118,371
119,371
120,371
121,371
122,371
123,371
124,371
125,371
126,371
127,371
128,371
129,371
130,371
131,371
132,371
133,371
134,371
136,371
137,371
138,371
140,371
141,371
142,371
144,371
145,371
146,371
148,371
149,371
150,371
152,371
153,371
154,371
156,371
157,371
158,371
159,371
160,371
161,371
162,371
163,371
164,371
165,371
166,371
167,371
168,371
169,371
170,371
171,371
172,371
173,371
174,371
176,371
177,371
178,371
180,371
181,371
182,371
183,371
184,371
185,371
186,371
187,371
188,371
189,371
190,371
191,371
192,371
194,371
196,371
197,371
198,371
200,371
202,371
204,371
205,371
206,371
208,371
210,371
212,371
213,371
214,371
216,371
217,371
218,371
219,371
220,371
221,371
222,371
223,371
224,371
225,371
226,371
227,371
228,371
229,371
230,371
231,371
232,371
233,371
234,371
235,371
236,371
237,371
238,371
239,371
240,371
241,371
242,371
243,371
244,371
245,371
246,371
247,371
248,371
249,371
250,371
251,371
252,371
253,371
254,371
256,371
257,371
258,371
260,371
262,371
263,371
264,371
266,371
268,371
270,371
272,371
274,371
276,371
277,371
278,371
279,371
280,371
281,371
282,371
283,371
284,371
285,371
286,371
287,371
288,371
289,371
290,371
291,371
292,371
293,371
294,371
296,371
298,371
300,371
301,371
302,371
303,371
304,371
305,371
306,371
308,371
309,371
310,371
312,371
314,371
316,371
318,371
319,371
320,371
321,371
322,371
323,371
324,371
325,371
326,371
327,371
328,371
329,371
71,372
73,372
75,372
77,372
79,372
81,372
83,372
85,372
87,372
89,372
91,372
93,372
95,372
96,372
97,372
99,372
101,372
103,372
105,372
107,372
109,372
111,372
113,372
115,372
116,372
117,372
119,372
121,372
123,372
124,372
125,372
127,372
128,372
129,372
131,372
132,372
133,372
135,372
137,372
139,372
141,372
143,372
144,372
145,372
147,372
149,372
151,372
153,372
155,372
157,372
159,372
160,372
161,372
163,372
164,372
165,372
167,372
168,372
169,372
171,372
172,372
173,372
175,372
177,372
179,372
181,372
183,372
184,372
185,372
187,372
188,372
189,372
191,372
192,372
193,372
195,372
197,372
199,372
201,372
203,372
204,372
205,372
207,372
209,372
211,372
213,372
215,372
217,372
219,372
220,372
221,372
223,372
224,372
225,372
227,372
229,372
231,372
233,372
235,372
237,372
239,372
240,372
241,372
243,372
245,372
247,372
248,372
249,372
251,372
252,372
253,372
255,372
257,372
259,372
261,372
263,372
265,372
267,372
269,372
271,372
277,372
279,372
281,372
283,372
285,372
287,372
289,372
291,372
293,372
295,372
297,372
299,372
301,372
303,372
305,372
309,372
311,372
313,372
315,372
317,372
319,372
321,372
323,372
324,372
325,372
327,372
328,372
329,372
70,373
71,373
72,373
73,373
74,373
75,373
76,373
77,373
78,373
79,373
80,373
81,373
82,373
83,373
84,373
86,373
87,373
88,373
89,373
90,373
91,373
92,373
94,373
95,373
96,373
97,373
98,373
99,373
100,373
101,373
102,373
103,373
104,373
105,373
106,373
107,373
108,373
110,373
111,373
112,373
113,373
114,373
115,373
116,373
117,373
118,373
119,373
120,373
121,373
122,373
123,373
124,373
125,373
126,373
127,373
128,373
129,373
130,373
131,373
132,373
133,373
134,373
135,373
136,373
137,373
138,373
139,373
140,373
142,373
143,373
144,373
145,373
146,373
147,373
148,373
149,373
150,373
151,373
152,373
153,373
154,373
155,373
156,373
157,373
158,373
159,373
160,373
161,373
162,373
163,373
164,373
165,373
166,373
167,373
168,373
169,373
170,373
171,373
172,373
173,373
174,373
175,373
176,373
178,373
179,373
180,373
182,373
183,373
184,373
185,373
186,373
187,373
188,373
189,373
190,373
191,373
192,373
194,373
195,373
196,373
198,373
199,373
200,373
202,373
203,373
204,373
205,373
206,373
207,373
208,373
209,373
210,373
212,373
213,373
214,373
215,373
216,373
217,373
218,373
219,373
220,373
221,373
222,373
223,373
224,373
225,373
226,373
227,373
228,373
229,373
230,373
231,373
232,373
233,373
234,373
235,373
236,373
238,373
239,373
240,373
241,373
242,373
243,373
244,373
245,373
246,373
247,373
248,373
249,373
250,373
251,373
252,373
253,373
254,373
256,373
258,373
260,373
262,373
263,373
264,373
266,373
267,373
268,373
270,373
272,373
274,373
276,373
278,373
279,373
280,373
281,373
282,373
283,373
284,373
285,373
286,373
287,373
288,373
289,373
290,373
291,373
292,373
293,373
294,373
295,373
296,373
298,373
299,373
300,373
302,373
303,373
304,373
306,373
308,373
310,373
311,373
312,373
314,373
315,373
316,373
318,373
319,373
320,373
321,373
322,373
323,373
324,373
325,373
326,373
327,373
328,373
329,373
70,374
71,374
73,374
75,374
77,374
79,374
81,374
83,374
85,374
87,374
89,374
90,374
91,374
93,374
95,374
97,374
98,374
99,374
101,374
102,374
103,374
105,374
107,374
109,374
111,374
113,374
114,374
115,374
117,374
119,374
121,374
122,374
123,374
125,374
126,374
127,374
129,374
130,374
131,374
133,374
135,374
137,374
139,374
141,374
143,374
145,374
147,374
149,374
151,374
153,374
155,374
157,374
158,374
159,374
161,374
162,374
163,374
164,374
165,374
166,374
167,374
168,374
169,374
170,374
171,374
173,374
175,374
177,374
178,374
179,374
181,374
183,374
184,374
185,374
186,374
187,374
188,374
189,374
190,374
191,374
193,374
195,374
197,374
199,374
201,374
203,374
205,374
207,374
209,374
211,374
213,374
215,374
217,374
219,374
221,374
222,374
223,374
225,374
226,374
227,374
229,374
230,374
231,374
233,374
234,374
235,374
237,374
239,374
241,374
242,374
243,374
245,374
246,374
247,374
249,374
250,374
251,374
253,374
255,374
257,374
259,374
261,374
262,374
263,374
265,374
267,374
269,374
271,374
277,374
279,374
281,374
283,374
285,374
287,374
289,374
291,374
293,374
294,374
295,374
297,374
299,374
301,374
302,374
303,374
305,374
307,374
309,374
310,374
311,374
313,374
315,374
317,374
319,374
321,374
323,374
324,374
325,374
326,374
327,374
328,374
329,374
70,375
71,375
72,375
73,375
74,375
75,375
76,375
77,375
78,375
79,375
80,375
81,375
82,375
83,375
84,375
86,375
88,375
89,375
90,375
92,375
94,375
95,375
96,375
97,375
98,375
99,375
100,375
101,375
102,375
103,375
104,375
105,375
106,375
108,375
110,375
112,375
113,375
114,375
115,375
116,375
117,375
118,375
120,375
121,375
122,375
123,375
124,375
125,375
126,375
127,375
128,375
129,375
130,375
131,375
132,375
133,375
134,375
136,375
137,375
138,375
140,375
141,375
142,375
143,375
144,375
145,375
146,375
148,375
149,375
150,375
152,375
153,375
154,375
156,375
157,375
158,375
159,375
160,375
161,375
162,375
163,375
164,375
165,375
166,375
167,375
168,375
169,375
170,375
171,375
172,375
173,375
174,375
176,375
177,375
178,375
180,375
181,375
182,375
183,375
184,375
185,375
186,375
187,375
188,375
189,375
190,375
191,375
192,375
193,375
194,375
196,375
197,375
198,375
200,375
201,375
202,375
204,375
205,375
206,375
208,375
209,375
210,375
212,375
213,375
214,375
216,375
217,375
218,375
219,375
220,375
221,375
222,375
223,375
224,375
225,375
226,375
227,375
228,375
229,375
230,375
231,375
232,375
233,375
234,375
235,375
236,375
237,375
238,375
239,375
240,375
241,375
242,375
243,375
244,375
245,375
246,375
247,375
248,375
249,375
250,375
251,375
252,375
253,375
254,375
256,375
257,375
258,375
260,375
261,375
262,375
264,375
266,375
268,375
270,375
272,375
274,375
276,375
278,375
279,375
280,375
281,375
282,375
284,375
285,375
286,375
287,375
288,375
289,375
290,375
291,375
292,375
293,375
294,375
295,375
296,375
298,375
300,375
301,375
302,375
303,375
304,375
306,375
308,375
310,375
312,375
314,375
316,375
318,375
319,375
320,375
321,375
322,375
323,375
324,375
325,375
326,375
327,375
328,375
329,375
71,376
73,376
75,376
77,376
79,376
80,376
81,376
83,376
85,376
87,376
89,376
91,376
93,376
95,376
97,376
99,376
101,376
103,376
105,376
107,376
109,376
111,376
113,376
115,376
116,376
117,376
119,376
121,376
123,376
124,376
125,376
127,376
128,376
129,376
131,376
132,376
133,376
135,376
137,376
139,376
141,376
143,376
144,376
145,376
147,376
149,376
151,376
153,376
155,376
157,376
159,376
160,376
161,376
163,376
164,376
165,376
167,376
168,376
169,376
171,376
172,376
173,376
175,376
177,376
179,376
181,376
183,376
184,376
185,376
187,376
188,376
189,376
191,376
192,376
193,376
195,376
197,376
199,376
201,376
203,376
205,376
207,376
209,376
211,376
213,376
215,376
217,376
219,376
220,376
221,376
223,376
224,376
225,376
227,376
228,376
229,376
231,376
232,376
233,376
235,376
237,376
239,376
241,376
243,376
244,376
245,376
247,376
249,376
251,376
252,376
253,376
255,376
257,376
259,376
261,376
263,376
265,376
267,376
269,376
273,376
277,376
279,376
281,376
283,376
285,376
287,376
289,376
291,376
293,376
295,376
297,376
299,376
301,376
303,376
305,376
307,376
309,376
311,376
313,376
315,376
317,376
319,376
321,376
323,376
325,376
327,376
328,376
329,376
70,377
71,377
72,377
73,377
74,377
75,377
76,377
77,377
78,377
79,377
80,377
81,377
82,377
83,377
84,377
86,377
87,377
88,377
89,377
90,377
91,377
92,377
94,377
95,377
96,377
97,377
98,377
99,377
100,377
101,377
102,377
103,377
104,377
105,377
106,377
107,377
108,377
110,377
111,377
112,377
113,377
114,377
115,377
116,377
117,377
118,377
119,377
120,377
121,377
122,377
123,377
124,377
125,377
126,377
127,377
128,377
129,377
130,377
131,377
132,377
133,377
134,377
135,377
136,377
138,377
139,377
140,377
142,377
143,377
144,377
145,377
146,377
147,377
148,377
150,377
151,377
152,377
154,377
155,377
156,377
157,377
158,377
159,377
160,377
161,377
162,377
163,377
164,377
165,377
166,377
167,377
168,377
169,377
170,377
171,377
172,377
173,377
174,377
175,377
176,377
177,377
178,377
179,377
180,377
182,377
183,377
184,377
185,377
186,377
187,377
188,377
189,377
190,377
191,377
192,377
194,377
195,377
196,377
197,377
198,377
199,377
200,377
202,377
203,377
204,377
205,377
206,377
207,377
208,377
210,377
211,377
212,377
213,377
214,377
215,377
216,377
218,377
219,377
220,377
221,377
222,377
223,377
224,377
225,377
226,377
227,377
228,377
229,377
230,377
231,377
232,377
233,377
234,377
235,377
236,377
238,377
239,377
240,377
241,377
242,377
243,377
244,377
245,377
246,377
247,377
248,377
249,377
250,377
251,377
252,377
254,377
255,377
256,377
258,377
260,377
261,377
262,377
263,377
264,377
266,377
267,377
268,377
270,377
272,377
274,377
276,377
278,377
279,377
280,377
281,377
282,377
283,377
284,377
285,377
286,377
287,377
288,377
289,377
290,377
291,377
292,377
293,377
294,377
295,377
296,377
298,377
300,377
301,377
302,377
303,377
304,377
306,377
308,377
310,377
311,377
312,377
314,377
315,377
316,377
318,377
319,377
320,377
321,377
322,377
323,377
324,377
325,377
326,377
327,377
328,377
329,377
70,378
71,378
73,378
74,378
75,378
77,378
78,378
79,378
81,378
83,378
85,378
87,378
89,378
91,378
93,378
95,378
97,378
98,378
99,378
101,378
103,378
105,378
106,378
107,378
109,378
111,378
113,378
114,378
115,378
117,378
119,378
121,378
122,378
123,378
125,378
126,378
127,378
129,378
130,378
131,378
133,378
135,378
137,378
139,378
141,378
143,378
145,378
147,378
149,378
151,378
153,378
155,378
157,378
158,378
159,378
161,378
162,378
163,378
165,378
166,378
167,378
169,378
170,378
171,378
173,378
175,378
177,378
179,378
181,378
183,378
185,378
186,378
187,378
188,378
189,378
190,378
191,378
193,378
195,378
197,378
198,378
199,378
201,378
203,378
205,378
206,378
207,378
209,378
211,378
213,378
215,378
217,378
219,378
221,378
223,378
225,378
226,378
227,378
229,378
230,378
231,378
233,378
234,378
235,378
237,378
239,378
241,378
242,378
243,378
245,378
246,378
247,378
249,378
250,378
251,378
253,378
255,378
257,378
259,378
261,378
263,378
265,378
267,378
269,378
273,378
279,378
281,378
283,378
285,378
287,378
289,378
291,378
293,378
295,378
297,378
299,378
301,378
302,378
303,378
305,378
307,378
309,378
310,378
311,378
313,378
315,378
317,378
319,378
321,378
323,378
325,378
326,378
327,378
328,378
329,378
70,379
71,379
72,379
73,379
74,379
75,379
76,379
77,379
78,379
79,379
80,379
81,379
82,379
83,379
84,379
85,379
86,379
88,379
89,379
90,379
92,379
94,379
95,379
96,379
97,379
98,379
99,379
100,379
101,379
102,379
103,379
104,379
105,379
106,379
107,379
108,379
110,379
112,379
113,379
114,379
115,379
116,379
117,379
118,379
120,379
121,379
122,379
123,379
124,379
125,379
126,379
127,379
128,379
129,379
130,379
131,379
132,379
133,379
134,379
136,379
138,379
140,379
142,379
144,379
145,379
146,379
148,379
150,379
152,379
153,379
154,379
156,379
157,379
158,379
159,379
160,379
161,379
162,379
163,379
164,379
165,379
166,379
167,379
168,379
169,379
170,379
171,379
172,379
173,379
174,379
176,379
177,379
178,379
180,379
181,379
182,379
183,379
184,379
185,379
186,379
187,379
188,379
189,379
190,379
191,379
192,379
193,379
194,379
196,379
197,379
198,379
200,379
201,379
202,379
203,379
204,379
205,379
206,379
208,379
210,379
212,379
213,379
214,379
216,379
218,379
219,379
220,379
221,379
222,379
223,379
224,379
225,379
226,379
227,379
228,379
229,379
230,379
231,379
232,379
233,379
234,379
236,379
237,379
238,379
239,379
240,379
241,379
242,379
243,379
244,379
245,379
246,379
247,379
248,379
249,379
250,379
251,379
252,379
253,379
254,379
256,379
257,379
258,379
260,379
261,379
262,379
264,379
265,379
266,379
268,379
270,379
272,379
274,379
276,379
278,379
280,379
281,379
282,379
284,379
285,379
286,379
287,379
288,379
289,379
290,379
291,379
292,379
293,379
294,379
295,379
296,379
297,379
298,379
300,379
301,379
302,379
303,379
304,379
306,379
308,379
310,379
312,379
314,379
316,379
318,379
320,379
321,379
322,379
323,379
324,379
325,379
326,379
327,379
328,379
329,379
71,380
72,380
73,380
75,380
76,380
77,380
79,380
81,380
83,380
85,380
87,380
88,380
89,380
91,380
93,380
95,380
96,380
97,380
99,380
101,380
103,380
105,380
107,380
109,380
111,380
113,380
115,380
116,380
117,380
119,380
121,380
123,380
124,380
125,380
127,380
129,380
131,380
133,380
135,380
137,380
139,380
141,380
143,380
144,380
145,380
147,380
149,380
151,380
153,380
155,380
157,380
159,380
160,380
161,380
163,380
164,380
165,380
167,380
169,380
171,380
172,380
173,380
175,380
177,380
179,380
181,380
183,380
184,380
185,380
187,380
189,380
191,380
193,380
195,380
197,380
199,380
201,380
203,380
204,380
205,380
207,380
209,380
211,380
213,380
217,380
219,380
220,380
221,380
223,380
224,380
225,380
227,380
228,380
229,380
231,380
233,380
235,380
237,380
239,380
241,380
243,380
245,380
247,380
249,380
251,380
253,380
255,380
257,380
259,380
261,380
263,380
265,380
267,380
269,380
273,380
275,380
281,380
283,380
285,380
287,380
289,380
291,380
293,380
295,380
297,380
301,380
303,380
305,380
307,380
309,380
311,380
313,380
315,380
317,380
319,380
321,380
323,380
325,380
327,380
328,380
329,380
70,381
71,381
72,381
73,381
74,381
75,381
76,381
77,381
78,381
79,381
80,381
82,381
83,381
84,381
86,381
87,381
88,381
89,381
90,381
91,381
92,381
94,381
95,381
96,381
97,381
98,381
99,381
100,381
101,381
102,381
103,381
104,381
105,381
106,381
107,381
108,381
110,381
111,381
112,381
113,381
114,381
115,381
116,381
117,381
118,381
119,381
120,381
121,381
122,381
123,381
124,381
125,381
126,381
127,381
128,381
129,381
130,381
131,381
132,381
133,381
134,381
135,381
136,381
137,381
138,381
139,381
140,381
142,381
143,381
144,381
145,381
146,381
147,381
148,381
150,381
151,381
152,381
153,381
154,381
155,381
156,381
157,381
158,381
159,381
160,381
161,381
162,381
163,381
164,381
165,381
166,381
167,381
168,381
169,381
170,381
171,381
172,381
173,381
174,381
175,381
176,381
177,381
178,381
179,381
180,381
181,381
182,381
183,381
184,381
185,381
186,381
187,381
188,381
189,381
190,381
191,381
192,381
194,381
195,381
196,381
198,381
199,381
200,381
202,381
203,381
204,381
205,381
206,381
207,381
208,381
210,381
211,381
212,381
214,381
215,381
216,381
218,381
219,381
220,381
221,381
222,381
223,381
224,381
225,381
226,381
227,381
228,381
229,381
230,381
231,381
232,381
233,381
234,381
235,381
236,381
238,381
239,381
240,381
241,381
242,381
243,381
244,381
245,381
246,381
247,381
248,381
249,381
250,381
251,381
252,381
254,381
256,381
258,381
260,381
261,381
262,381
264,381
265,381
266,381
267,381
268,381
270,381
272,381
274,381
275,381
276,381
278,381
280,381
282,381
283,381
284,381
285,381
286,381
287,381
288,381
289,381
290,381
291,381
292,381
293,381
294,381
295,381
296,381
297,381
298,381
300,381
301,381
302,381
303,381
304,381
306,381
308,381
310,381
311,381
312,381
314,381
315,381
316,381
318,381
319,381
320,381
321,381
322,381
323,381
324,381
325,381
326,381
327,381
328,381
329,381
70,382
71,382
73,382
74,382
75,382
77,382
78,382
79,382
81,382
83,382
85,382
87,382
89,382
91,382
93,382
95,382
97,382
98,382
99,382
101,382
103,382
105,382
107,382
109,382
111,382
113,382
114,382
115,382
117,382
118,382
119,382
121,382
123,382
125,382
126,382
127,382
129,382
130,382
131,382
133,382
134,382
135,382
137,382
139,382
141,382
143,382
144,382
145,382
147,382
149,382
151,382
153,382
155,382
157,382
158,382
159,382
161,382
162,382
163,382
165,382
166,382
167,382
169,382
170,382
171,382
173,382
175,382
177,382
179,382
181,382
183,382
184,382
185,382
186,382
187,382
189,382
190,382
191,382
193,382
195,382
197,382
199,382
201,382
203,382
204,382
205,382
207,382
209,382
211,382
213,382
215,382
217,382
219,382
220,382
221,382
222,382
223,382
225,382
226,382
227,382
229,382
230,382
231,382
233,382
234,382
235,382
237,382
238,382
239,382
240,382
241,382
242,382
243,382
244,382
245,382
246,382
247,382
249,382
251,382
253,382
255,382
257,382
259,382
261,382
263,382
265,382
266,382
267,382
269,382
275,382
279,382
281,382
283,382
285,382
287,382
289,382
291,382
293,382
294,382
295,382
297,382
299,382
301,382
302,382
303,382
305,382
307,382
309,382
310,382
311,382
313,382
315,382
317,382
319,382
321,382
322,382
323,382
325,382
326,382
327,382
328,382
329,382
70,383
71,383
72,383
73,383
74,383
75,383
76,383
77,383
78,383
79,383
80,383
81,383
82,383
84,383
85,383
86,383
88,383
89,383
90,383
92,383
94,383
95,383
96,383
97,383
98,383
99,383
100,383
101,383
102,383
103,383
104,383
105,383
106,383
108,383
110,383
112,383
113,383
114,383
115,383
116,383
117,383
118,383
119,383
120,383
122,383
123,383
124,383
125,383
126,383
127,383
128,383
129,383
130,383
131,383
132,383
133,383
134,383
136,383
137,383
138,383
140,383
141,383
142,383
144,383
145,383
146,383
148,383
149,383
150,383
152,383
153,383
154,383
156,383
157,383
158,383
159,383
160,383
161,383
162,383
163,383
164,383
165,383
166,383
167,383
168,383
169,383
170,383
171,383
172,383
173,383
174,383
176,383
177,383
178,383
180,383
181,383
182,383
183,383
184,383
185,383
186,383
187,383
188,383
189,383
190,383
191,383
192,383
194,383
196,383
197,383
198,383
200,383
202,383
203,383
204,383
205,383
206,383
208,383
209,383
210,383
211,383
212,383
213,383
214,383
216,383
218,383
219,383
220,383
221,383
222,383
223,383
224,383
225,383
226,383
227,383
228,383
229,383
230,383
231,383
232,383
233,383
234,383
236,383
237,383
238,383
239,383
240,383
241,383
242,383
243,383
244,383
245,383
246,383
247,383
248,383
249,383
250,383
251,383
252,383
254,383
256,383
258,383
260,383
261,383
262,383
264,383
265,383
266,383
268,383
269,383
270,383
272,383
274,383
276,383
278,383
280,383
282,383
284,383
285,383
286,383
287,383
288,383
289,383
290,383
291,383
292,383
293,383
294,383
295,383
296,383
297,383
298,383
300,383
301,383
302,383
304,383
306,383
308,383
310,383
311,383
312,383
314,383
316,383
317,383
318,383
320,383
321,383
322,383
323,383
324,383
325,383
326,383
327,383
328,383
329,383
71,384
73,384
75,384
76,384
77,384
79,384
81,384
83,384
85,384
87,384
88,384
89,384
91,384
93,384
95,384
96,384
97,384
99,384
101,384
103,384
105,384
107,384
109,384
111,384
112,384
113,384
115,384
117,384
119,384
121,384
123,384
124,384
125,384
127,384
129,384
131,384
132,384
133,384
135,384
137,384
139,384
141,384
143,384
144,384
145,384
147,384
149,384
151,384
153,384
155,384
157,384
159,384
160,384
161,384
163,384
164,384
165,384
167,384
168,384
169,384
171,384
172,384
173,384
175,384
177,384
179,384
181,384
183,384
184,384
185,384
187,384
188,384
189,384
191,384
193,384
195,384
197,384
199,384
201,384
203,384
204,384
205,384
207,384
209,384
211,384
213,384
215,384
217,384
219,384
220,384
221,384
223,384
225,384
227,384
228,384
229,384
231,384
232,384
233,384
235,384
237,384
239,384
240,384
241,384
243,384
244,384
245,384
247,384
248,384
249,384
251,384
253,384
255,384
257,384
259,384
261,384
263,384
265,384
267,384
269,384
277,384
281,384
283,384
285,384
287,384
289,384
291,384
293,384
295,384
297,384
299,384
301,384
303,384
305,384
307,384
309,384
311,384
313,384
315,384
317,384
319,384
321,384
323,384
325,384
327,384
328,384
329,384
70,385
71,385
72,385
73,385
74,385
75,385
76,385
77,385
78,385
79,385
80,385
81,385
82,385
83,385
84,385
86,385
87,385
88,385
89,385
90,385
91,385
92,385
94,385
95,385
96,385
97,385
98,385
99,385
100,385
101,385
102,385
103,385
104,385
105,385
106,385
107,385
108,385
110,385
111,385
112,385
113,385
114,385
115,385
116,385
117,385
118,385
119,385
120,385
122,385
123,385
124,385
125,385
126,385
127,385
128,385
129,385
130,385
131,385
132,385
133,385
134,385
136,385
137,385
138,385
139,385
140,385
141,385
142,385
143,385
144,385
145,385
146,385
147,385
148,385
149,385
150,385
151,385
152,385
154,385
155,385
156,385
157,385
158,385
159,385
160,385
161,385
162,385
163,385
164,385
165,385
166,385
167,385
168,385
169,385
170,385
171,385
172,385
174,385
175,385
176,385
177,385
178,385
179,385
180,385
181,385
182,385
183,385
184,385
185,385
186,385
187,385
188,385
189,385
190,385
191,385
192,385
194,385
195,385
196,385
197,385
198,385
200,385
202,385
203,385
204,385
205,385
206,385
207,385
208,385
209,385
210,385
211,385
212,385
214,385
215,385
216,385
217,385
218,385
219,385
220,385
221,385
222,385
223,385
224,385
225,385
226,385
227,385
228,385
229,385
230,385
231,385
232,385
233,385
234,385
235,385
236,385
237,385
238,385
239,385
240,385
241,385
242,385
243,385
244,385
245,385
246,385
247,385
248,385
249,385
250,385
251,385
252,385
254,385
255,385
256,385
258,385
259,385
260,385
261,385
262,385
263,385
264,385
266,385
267,385
268,385
269,385
270,385
272,385
274,385
276,385
278,385
280,385
282,385
283,385
284,385
285,385
286,385
287,385
288,385
289,385
290,385
291,385
292,385
293,385
294,385
295,385
296,385
297,385
298,385
299,385
300,385
301,385
302,385
303,385
304,385
306,385
308,385
310,385
311,385
312,385
314,385
315,385
316,385
317,385
318,385
320,385
321,385
322,385
323,385
324,385
325,385
326,385
327,385
328,385
329,385
70,386
71,386
73,386
74,386
75,386
77,386
78,386
79,386
81,386
83,386
85,386
87,386
88,386
89,386
91,386
93,386
95,386
97,386
98,386
99,386
101,386
103,386
105,386
107,386
109,386
111,386
113,386
115,386
117,386
118,386
119,386
121,386
123,386
125,386
126,386
127,386
129,386
130,386
131,386
133,386
134,386
135,386
137,386
139,386
141,386
143,386
144,386
145,386
147,386
149,386
151,386
153,386
155,386
157,386
158,386
159,386
161,386
162,386
163,386
165,386
166,386
167,386
169,386
170,386
171,386
173,386
175,386
177,386
179,386
181,386
183,386
185,386
186,386
187,386
189,386
190,386
191,386
193,386
195,386
197,386
199,386
201,386
203,386
204,386
205,386
207,386
209,386
211,386
213,386
215,386
217,386
218,386
219,386
221,386
222,386
223,386
225,386
226,386
227,386
228,386
229,386
230,386
231,386
233,386
234,386
235,386
237,386
238,386
239,386
241,386
242,386
243,386
244,386
245,386
246,386
247,386
249,386
250,386
251,386
253,386
255,386
257,386
259,386
261,386
263,386
265,386
267,386
269,386
271,386
279,386
283,386
285,386
287,386
289,386
291,386
293,386
295,386
297,386
299,386
301,386
303,386
305,386
307,386
309,386
311,386
313,386
315,386
317,386
319,386
321,386
323,386
325,386
327,386
328,386
329,386
70,387
71,387
72,387
73,387
74,387
75,387
76,387
77,387
78,387
79,387
80,387
81,387
82,387
84,387
85,387
86,387
88,387
89,387
90,387
92,387
94,387
95,387
96,387
97,387
98,387
99,387
100,387
101,387
102,387
103,387
104,387
105,387
106,387
108,387
110,387
112,387
113,387
114,387
115,387
116,387
117,387
118,387
119,387
120,387
121,387
122,387
123,387
124,387
125,387
126,387
127,387
128,387
129,387
130,387
131,387
132,387
133,387
134,387
136,387
137,387
138,387
140,387
141,387
142,387
143,387
144,387
145,387
146,387
148,387
149,387
150,387
152,387
153,387
154,387
156,387
157,387
158,387
159,387
160,387
161,387
162,387
163,387
164,387
165,387
166,387
167,387
168,387
169,387
170,387
171,387
172,387
173,387
174,387
176,387
177,387
178,387
180,387
181,387
182,387
183,387
184,387
185,387
186,387
187,387
188,387
189,387
190,387
191,387
192,387
193,387
194,387
196,387
197,387
198,387
200,387
201,387
202,387
203,387
204,387
205,387
206,387
208,387
209,387
210,387
212,387
213,387
214,387
216,387
217,387
218,387
219,387
220,387
221,387
222,387
223,387
224,387
225,387
226,387
227,387
228,387
229,387
230,387
231,387
232,387
233,387
234,387
236,387
237,387
238,387
239,387
240,387
241,387
242,387
243,387
244,387
245,387
246,387
247,387
248,387
249,387
250,387
251,387
252,387
254,387
256,387
258,387
260,387
261,387
262,387
264,387
266,387
267,387
268,387
269,387
270,387
272,387
274,387
276,387
278,387
280,387
282,387
284,387
285,387
286,387
288,387
289,387
290,387
292,387
293,387
294,387
296,387
297,387
298,387
299,387
300,387
301,387
302,387
304,387
306,387
308,387
310,387
311,387
312,387
314,387
316,387
317,387
318,387
320,387
321,387
322,387
323,387
324,387
325,387
326,387
327,387
328,387
329,387
71,388
73,388
75,388
76,388
77,388
79,388
81,388
83,388
85,388
87,388
88,388
89,388
91,388
93,388
95,388
96,388
97,388
99,388
101,388
103,388
105,388
107,388
109,388
111,388
113,388
115,388
117,388
119,388
121,388
123,388
125,388
127,388
128,388
129,388
131,388
132,388
133,388
135,388
137,388
139,388
141,388
143,388
144,388
145,388
147,388
149,388
151,388
153,388
155,388
157,388
159,388
160,388
161,388
163,388
164,388
165,388
167,388
168,388
169,388
171,388
172,388
173,388
175,388
177,388
179,388
181,388
183,388
184,388
185,388
187,388
188,388
189,388
191,388
193,388
195,388
197,388
199,388
201,388
203,388
204,388
205,388
207,388
209,388
211,388
213,388
215,388
217,388
219,388
220,388
221,388
223,388
224,388
225,388
227,388
228,388
229,388
231,388
232,388
233,388
235,388
237,388
239,388
240,388
241,388
243,388
244,388
245,388
247,388
249,388
251,388
253,388
255,388
257,388
259,388
261,388
263,388
265,388
267,388
269,388
271,388
285,388
287,388
289,388
291,388
293,388
295,388
297,388
299,388
301,388
303,388
305,388
309,388
311,388
313,388
315,388
317,388
319,388
321,388
323,388
325,388
327,388
328,388
329,388
70,389
71,389
72,389
73,389
74,389
75,389
76,389
77,389
78,389
79,389
80,389
81,389
82,389
83,389
84,389
86,389
87,389
88,389
90,389
91,389
92,389
94,389
95,389
96,389
97,389
98,389
99,389
100,389
101,389
102,389
103,389
104,389
105,389
106,389
108,389
110,389
111,389
112,389
113,389
114,389
115,389
116,389
117,389
118,389
119,389
120,389
122,389
123,389
124,389
125,389
126,389
127,389
128,389
129,389
130,389
131,389
132,389
133,389
134,389
135,389
136,389
137,389
138,389
139,389
140,389
142,389
143,389
144,389
146,389
147,389
148,389
150,389
151,389
152,389
154,389
155,389
156,389
157,389
158,389
159,389
160,389
161,389
162,389
163,389
164,389
165,389
166,389
167,389
168,389
169,389
170,389
171,389
172,389
173,389
174,389
175,389
176,389
177,389
178,389
179,389
180,389
182,389
183,389
184,389
185,389
186,389
187,389
188,389
189,389
190,389
191,389
192,389
194,389
195,389
196,389
197,389
198,389
199,389
200,389
201,389
202,389
203,389
204,389
205,389
206,389
207,389
208,389
210,389
211,389
212,389
214,389
215,389
216,389
217,389
218,389
219,389
220,389
221,389
222,389
223,389
224,389
225,389
226,389
227,389
228,389
229,389
230,389
231,389
232,389
233,389
234,389
235,389
236,389
238,389
239,389
240,389
241,389
242,389
243,389
244,389
245,389
246,389
247,389
248,389
249,389
250,389
251,389
252,389
254,389
255,389
256,389
258,389
259,389
260,389
262,389
263,389
264,389
266,389
267,389
268,389
269,389
270,389
272,389
274,389
276,389
278,389
280,389
282,389
284,389
285,389
286,389
287,389
288,389
289,389
290,389
291,389
292,389
293,389
294,389
295,389
296,389
298,389
299,389
300,389
301,389
302,389
304,389
306,389
308,389
310,389
311,389
312,389
314,389
315,389
316,389
318,389
320,389
321,389
322,389
323,389
324,389
325,389
326,389
327,389
328,389
329,389
70,390
71,390
73,390
74,390
75,390
77,390
78,390
79,390
81,390
83,390
85,390
87,390
89,390
91,390
93,390
95,390
97,390
98,390
99,390
101,390
103,390
105,390
107,390
109,390
111,390
113,390
114,390
115,390
117,390
119,390
121,390
123,390
125,390
126,390
127,390
129,390
130,390
131,390
133,390
135,390
137,390
139,390
141,390
143,390
145,390
147,390
149,390
151,390
153,390
155,390
157,390
158,390
159,390
161,390
162,390
163,390
165,390
166,390
167,390
169,390
170,390
171,390
173,390
175,390
177,390
179,390
181,390
183,390
184,390
185,390
186,390
187,390
189,390
190,390
191,390
193,390
195,390
197,390
199,390
201,390
203,390
205,390
207,390
209,390
211,390
213,390
215,390
217,390
218,390
219,390
220,390
221,390
222,390
223,390
224,390
225,390
226,390
227,390
229,390
230,390
231,390
233,390
234,390
235,390
237,390
238,390
239,390
241,390
242,390
243,390
245,390
246,390
247,390
249,390
250,390
251,390
253,390
255,390
257,390
259,390
261,390
263,390
265,390
267,390
269,390
279,390
281,390
283,390
285,390
287,390
289,390
291,390
293,390
295,390
297,390
298,390
299,390
301,390
303,390
305,390
307,390
309,390
311,390
313,390
315,390
317,390
319,390
321,390
323,390
325,390
326,390
327,390
329,390
70,391
71,391
72,391
73,391
74,391
75,391
76,391
77,391
78,391
80,391
81,391
82,391
84,391
85,391
86,391
87,391
88,391
89,391
90,391
92,391
94,391
96,391
97,391
98,391
99,391
100,391
101,391
102,391
103,391
104,391
105,391
106,391
108,391
109,391
110,391
111,391
112,391
113,391
114,391
115,391
116,391
117,391
118,391
119,391
120,391
121,391
122,391
124,391
125,391
126,391
127,391
128,391
129,391
130,391
131,391
132,391
133,391
134,391
136,391
137,391
138,391
140,391
142,391
143,391
144,391
145,391
146,391
148,391
150,391
152,391
154,391
156,391
157,391
158,391
159,391
160,391
161,391
162,391
163,391
164,391
165,391
166,391
167,391
168,391
169,391
170,391
171,391
172,391
173,391
174,391
175,391
176,391
177,391
178,391
180,391
181,391
182,391
183,391
184,391
185,391
186,391
187,391
188,391
189,391
190,391
191,391
192,391
193,391
194,391
196,391
197,391
198,391
200,391
202,391
203,391
204,391
205,391
206,391
208,391
209,391
210,391
212,391
213,391
214,391
216,391
217,391
218,391
219,391
220,391
221,391
222,391
223,391
224,391
225,391
226,391
227,391
228,391
229,391
230,391
231,391
232,391
233,391
234,391
236,391
237,391
238,391
239,391
240,391
241,391
242,391
243,391
244,391
245,391
246,391
247,391
248,391
249,391
250,391
251,391
252,391
254,391
256,391
258,391
260,391
262,391
264,391
266,391
268,391
269,391
270,391
272,391
276,391
278,391
280,391
282,391
284,391
286,391
288,391
289,391
290,391
292,391
293,391
294,391
296,391
297,391
298,391
299,391
300,391
301,391
302,391
304,391
306,391
308,391
310,391
311,391
312,391
314,391
316,391
317,391
318,391
320,391
321,391
322,391
323,391
324,391
325,391
326,391
327,391
328,391
329,391
71,392
72,392
73,392
75,392
76,392
77,392
79,392
81,392
83,392
85,392
87,392
88,392
89,392
91,392
93,392
95,392
96,392
97,392
99,392
101,392
103,392
105,392
107,392
109,392
111,392
113,392
115,392
117,392
119,392
121,392
123,392
125,392
127,392
128,392
129,392
131,392
132,392
133,392
135,392
137,392
139,392
141,392
143,392
144,392
145,392
147,392
149,392
151,392
153,392
155,392
157,392
159,392
161,392
163,392
164,392
165,392
167,392
169,392
171,392
172,392
173,392
175,392
177,392
179,392
181,392
183,392
184,392
185,392
187,392
188,392
189,392
191,392
193,392
195,392
197,392
199,392
201,392
203,392
204,392
205,392
207,392
209,392
211,392
213,392
215,392
217,392
219,392
220,392
221,392
223,392
224,392
225,392
227,392
228,392
229,392
231,392
232,392
233,392
235,392
237,392
239,392
241,392
243,392
245,392
247,392
249,392
251,392
253,392
255,392
257,392
259,392
260,392
261,392
263,392
265,392
267,392
269,392
281,392
285,392
287,392
289,392
291,392
293,392
295,392
297,392
299,392
301,392
305,392
307,392
309,392
311,392
312,392
313,392
315,392
317,392
319,392
321,392
323,392
325,392
327,392
329,392
70,393
71,393
72,393
73,393
74,393
75,393
76,393
77,393
78,393
79,393
80,393
81,393
82,393
83,393
84,393
86,393
87,393
88,393
90,393
91,393
92,393
94,393
95,393
96,393
97,393
98,393
99,393
100,393
101,393
102,393
103,393
104,393
106,393
108,393
110,393
111,393
112,393
113,393
114,393
115,393
116,393
117,393
118,393
119,393
120,393
122,393
123,393
124,393
125,393
126,393
127,393
128,393
129,393
130,393
131,393
132,393
133,393
134,393
135,393
136,393
138,393
139,393
140,393
142,393
143,393
144,393
146,393
147,393
148,393
150,393
151,393
152,393
154,393
155,393
156,393
157,393
158,393
159,393
160,393
161,393
162,393
163,393
164,393
165,393
166,393
167,393
168,393
169,393
170,393
171,393
172,393
173,393
174,393
175,393
176,393
177,393
178,393
179,393
180,393
182,393
183,393
184,393
185,393
186,393
187,393
188,393
189,393
190,393
191,393
192,393
194,393
195,393
196,393
198,393
200,393
202,393
203,393
204,393
205,393
206,393
207,393
208,393
209,393
210,393
211,393
212,393
214,393
215,393
216,393
217,393
218,393
219,393
220,393
221,393
222,393
223,393
224,393
225,393
226,393
227,393
228,393
229,393
230,393
231,393
232,393
233,393
234,393
235,393
236,393
238,393
239,393
240,393
241,393
242,393
243,393
244,393
245,393
246,393
247,393
248,393
249,393
250,393
251,393
252,393
254,393
255,393
256,393
258,393
259,393
260,393
262,393
264,393
266,393
267,393
268,393
270,393
272,393
274,393
276,393
278,393
280,393
282,393
284,393
286,393
287,393
288,393
289,393
290,393
291,393
292,393
293,393
294,393
295,393
296,393
297,393
298,393
299,393
300,393
301,393
302,393
304,393
306,393
308,393
310,393
311,393
312,393
313,393
314,393
315,393
316,393
318,393
319,393
320,393
321,393
322,393
323,393
324,393
325,393
326,393
327,393
328,393
329,393
70,394
71,394
73,394
74,394
75,394
76,394
77,394
79,394
81,394
83,394
85,394
87,394
89,394
91,394
93,394
95,394
97,394
98,394
99,394
101,394
103,394
105,394
107,394
109,394
111,394
113,394
115,394
117,394
118,394
119,394
121,394
123,394
125,394
126,394
127,394
129,394
130,394
131,394
132,394
133,394
135,394
137,394
139,394
141,394
143,394
145,394
147,394
149,394
151,394
153,394
155,394
157,394
158,394
159,394
161,394
162,394
163,394
164,394
165,394
166,394
167,394
169,394
170,394
171,394
173,394
175,394
177,394
179,394
181,394
182,394
183,394
185,394
186,394
187,394
189,394
190,394
191,394
193,394
195,394
197,394
199,394
201,394
203,394
205,394
207,394
209,394
211,394
213,394
215,394
217,394
218,394
219,394
221,394
222,394
223,394
225,394
226,394
227,394
229,394
230,394
231,394
233,394
235,394
237,394
239,394
241,394
243,394
245,394
246,394
247,394
249,394
250,394
251,394
253,394
255,394
257,394
259,394
261,394
263,394
265,394
267,394
269,394
271,394
273,394
279,394
283,394
287,394
289,394
291,394
293,394
295,394
297,394
298,394
299,394
301,394
303,394
305,394
307,394
309,394
311,394
313,394
315,394
317,394
319,394
321,394
323,394
325,394
327,394
329,394
70,395
71,395
72,395
73,395
74,395
75,395
76,395
77,395
78,395
80,395
81,395
82,395
84,395
86,395
87,395
88,395
90,395
92,395
94,395
96,395
97,395
98,395
99,395
100,395
101,395
102,395
104,395
106,395
108,395
109,395
110,395
112,395
113,395
114,395
115,395
116,395
117,395
118,395
119,395
120,395
121,395
122,395
124,395
125,395
126,395
127,395
128,395
129,395
130,395
131,395
132,395
133,395
134,395
136,395
137,395
138,395
140,395
141,395
142,395
143,395
144,395
145,395
146,395
148,395
149,395
150,395
152,395
153,395
154,395
156,395
157,395
158,395
159,395
160,395
161,395
162,395
163,395
164,395
165,395
166,395
167,395
168,395
169,395
170,395
171,395
172,395
173,395
174,395
176,395
177,395
178,395
180,395
182,395
183,395
184,395
185,395
186,395
187,395
188,395
189,395
190,395
192,395
194,395
195,395
196,395
197,395
198,395
200,395
201,395
202,395
203,395
204,395
205,395
206,395
208,395
209,395
210,395
211,395
212,395
213,395
214,395
216,395
217,395
218,395
219,395
220,395
221,395
222,395
223,395
224,395
225,395
226,395
227,395
228,395
229,395
230,395
231,395
232,395
233,395
234,395
236,395
238,395
239,395
240,395
241,395
242,395
243,395
244,395
245,395
246,395
247,395
248,395
249,395
250,395
251,395
252,395
254,395
256,395
258,395
260,395
261,395
262,395
264,395
265,395
266,395
268,395
269,395
270,395
272,395
274,395
276,395
278,395
280,395
282,395
284,395
286,395
288,395
289,395
290,395
291,395
292,395
293,395
294,395
296,395
297,395
298,395
299,395
300,395
301,395
302,395
304,395
305,395
306,395
308,395
310,395
311,395
312,395
313,395
314,395
316,395
317,395
318,395
320,395
322,395
323,395
324,395
325,395
326,395
327,395
328,395
329,395
71,396
72,396
73,396
75,396
76,396
77,396
79,396
81,396
83,396
85,396
87,396
89,396
91,396
93,396
95,396
96,396
97,396
99,396
101,396
103,396
105,396
107,396
109,396
111,396
113,396
115,396
117,396
119,396
120,396
121,396
123,396
125,396
127,396
128,396
129,396
131,396
132,396
133,396
135,396
137,396
139,396
141,396
143,396
144,396
145,396
147,396
149,396
151,396
153,396
155,396
157,396
159,396
160,396
161,396
163,396
164,396
165,396
167,396
168,396
169,396
171,396
172,396
173,396
175,396
177,396
179,396
181,396
183,396
185,396
187,396
188,396
189,396
191,396
193,396
195,396
197,396
199,396
201,396
203,396
205,396
207,396
209,396
211,396
213,396
215,396
217,396
219,396
220,396
221,396
223,396
224,396
225,396
227,396
229,396
231,396
233,396
235,396
237,396
239,396
241,396
243,396
244,396
245,396
247,396
248,396
249,396
251,396
253,396
255,396
257,396
259,396
261,396
263,396
265,396
267,396
269,396
273,396
279,396
285,396
287,396
289,396
291,396
293,396
295,396
297,396
299,396
301,396
305,396
307,396
309,396
311,396
313,396
315,396
317,396
319,396
321,396
323,396
325,396
327,396
329,396
70,397
71,397
72,397
73,397
74,397
75,397
76,397
77,397
78,397
79,397
80,397
81,397
82,397
83,397
84,397
85,397
86,397
87,397
88,397
90,397
91,397
92,397
94,397
95,397
96,397
97,397
98,397
99,397
100,397
101,397
102,397
103,397
104,397
106,397
107,397
108,397
109,397
110,397
111,397
112,397
113,397
114,397
115,397
116,397
117,397
118,397
119,397
120,397
121,397
122,397
123,397
124,397
125,397
126,397
127,397
128,397
129,397
130,397
131,397
132,397
134,397
135,397
136,397
137,397
138,397
139,397
140,397
141,397
142,397
143,397
144,397
146,397
147,397
148,397
149,397
150,397
151,397
152,397
154,397
155,397
156,397
157,397
158,397
159,397
160,397
161,397
162,397
163,397
164,397
165,397
166,397
167,397
168,397
169,397
170,397
171,397
172,397
173,397
174,397
175,397
176,397
177,397
178,397
179,397
180,397
182,397
183,397
184,397
185,397
186,397
187,397
188,397
189,397
190,397
191,397
192,397
193,397
194,397
195,397
196,397
198,397
199,397
200,397
201,397
202,397
203,397
204,397
206,397
207,397
208,397
209,397
210,397
211,397
212,397
213,397
214,397
215,397
216,397
217,397
218,397
219,397
220,397
221,397
222,397
223,397
224,397
225,397
226,397
227,397
228,397
229,397
230,397
231,397
232,397
233,397
234,397
235,397
236,397
237,397
238,397
239,397
240,397
241,397
242,397
243,397
244,397
245,397
246,397
247,397
248,397
249,397
250,397
251,397
252,397
254,397
255,397
256,397
258,397
259,397
260,397
262,397
264,397
265,397
266,397
267,397
268,397
269,397
270,397
272,397
274,397
276,397
278,397
279,397
280,397
282,397
284,397
286,397
288,397
289,397
290,397
291,397
292,397
294,397
295,397
296,397
297,397
298,397
299,397
300,397
301,397
302,397
304,397
306,397
308,397
310,397
311,397
312,397
313,397
314,397
316,397
318,397
319,397
320,397
322,397
323,397
324,397
325,397
326,397
327,397
328,397
329,397
70,398
71,398
72,398
73,398
74,398
75,398
76,398
77,398
79,398
81,398
83,398
85,398
86,398
87,398
89,398
91,398
93,398
95,398
97,398
98,398
99,398
101,398
103,398
105,398
107,398
109,398
111,398
113,398
115,398
117,398
118,398
119,398
121,398
123,398
125,398
126,398
127,398
129,398
130,398
131,398
133,398
135,398
137,398
139,398
141,398
143,398
145,398
147,398
149,398
151,398
153,398
155,398
157,398
158,398
159,398
161,398
162,398
163,398
165,398
166,398
167,398
169,398
170,398
171,398
173,398
175,398
177,398
179,398
181,398
182,398
183,398
185,398
186,398
187,398
189,398
190,398
191,398
193,398
195,398
197,398
199,398
201,398
202,398
203,398
205,398
207,398
209,398
211,398
213,398
215,398
217,398
218,398
219,398
221,398
222,398
223,398
225,398
226,398
227,398
229,398
230,398
231,398
233,398
235,398
237,398
238,398
239,398
241,398
242,398
243,398
244,398
245,398
246,398
247,398
249,398
250,398
251,398
253,398
255,398
257,398
259,398
261,398
263,398
265,398
267,398
269,398
271,398
273,398
275,398
279,398
280,398
281,398
283,398
285,398
287,398
289,398
291,398
293,398
295,398
297,398
298,398
299,398
301,398
303,398
305,398
307,398
309,398
311,398
313,398
315,398
317,398
319,398
321,398
323,398
325,398
326,398
327,398
329,398
70,399
71,399
72,399
73,399
74,399
75,399
76,399
77,399
78,399
80,399
81,399
82,399
84,399
85,399
86,399
87,399
88,399
90,399
92,399
93,399
94,399
96,399
97,399
98,399
99,399
100,399
101,399
102,399
104,399
106,399
108,399
109,399
110,399
112,399
113,399
114,399
115,399
116,399
117,399
118,399
119,399
120,399
121,399
122,399
124,399
125,399
126,399
127,399
128,399
129,399
130,399
131,399
132,399
133,399
134,399
136,399
137,399
138,399
140,399
141,399
142,399
143,399
144,399
145,399
146,399
148,399
149,399
150,399
152,399
153,399
154,399
156,399
157,399
158,399
159,399
160,399
161,399
162,399
163,399
164,399
165,399
166,399
167,399
168,399
169,399
170,399
171,399
172,399
173,399
174,399
175,399
176,399
177,399
178,399
180,399
181,399
182,399
183,399
184,399
185,399
186,399
187,399
188,399
189,399
190,399
192,399
193,399
194,399
196,399
197,399
198,399
200,399
201,399
202,399
203,399
204,399
205,399
206,399
208,399
209,399
210,399
212,399
213,399
214,399
216,399
217,399
218,399
219,399
220,399
221,399
222,399
223,399
224,399
225,399
226,399
227,399
228,399
229,399
230,399
231,399
232,399
233,399
234,399
236,399
237,399
238,399
239,399
240,399
241,399
242,399
243,399
244,399
245,399
246,399
247,399
248,399
249,399
250,399
251,399
252,399
254,399
256,399
258,399
259,399
260,399
262,399
264,399
265,399
266,399
267,399
268,399
269,399
270,399
272,399
274,399
276,399
278,399
279,399
280,399
281,399
282,399
284,399
286,399
288,399
290,399
292,399
294,399
296,399
297,399
298,399
299,399
300,399
301,399
302,399
304,399
306,399
308,399
309,399
310,399
312,399
313,399
314,399
316,399
318,399
320,399
322,399
324,399
325,399
326,399
327,399
328,399
329,399
71,400
72,400
73,400
75,400
76,400
77,400
79,400
81,400
83,400
85,400
87,400
89,400
91,400
93,400
95,400
97,400
99,400
101,400
103,400
105,400
107,400
109,400
111,400
113,400
115,400
117,400
119,400
120,400
121,400
123,400
125,400
127,400
128,400
129,400
130,400
131,400
133,400
135,400
137,400
139,400
141,400
143,400
145,400
147,400
149,400
151,400
153,400
155,400
157,400
159,400
160,400
161,400
163,400
164,400
165,400
167,400
168,400
169,400
171,400
172,400
173,400
175,400
177,400
179,400
181,400
182,400
183,400
184,400
185,400
187,400
188,400
189,400
191,400
193,400
195,400
197,400
199,400
201,400
203,400
205,400
207,400
209,400
211,400
213,400
215,400
217,400
219,400
220,400
221,400
223,400
224,400
225,400
227,400
229,400
231,400
233,400
235,400
237,400
239,400
240,400
241,400
243,400
244,400
245,400
247,400
248,400
249,400
251,400
253,400
255,400
257,400
259,400
261,400
263,400
265,400
267,400
269,400
271,400
273,400
275,400
277,400
279,400
280,400
281,400
282,400
283,400
285,400
289,400
291,400
293,400
295,400
297,400
299,400
301,400
305,400
307,400
309,400
311,400
313,400
315,400
317,400
319,400
321,400
323,400
325,400
327,400
329,400
70,401
71,401
72,401
73,401
74,401
75,401
76,401
77,401
78,401
79,401
80,401
82,401
83,401
84,401
85,401
86,401
87,401
88,401
90,401
91,401
92,401
94,401
95,401
96,401
97,401
98,401
99,401
100,401
101,401
102,401
103,401
104,401
106,401
107,401
108,401
110,401
111,401
112,401
113,401
114,401
115,401
116,401
117,401
118,401
119,401
120,401
121,401
122,401
123,401
124,401
125,401
126,401
127,401
128,401
129,401
130,401
131,401
132,401
134,401
135,401
136,401
137,401
138,401
140,401
142,401
143,401
144,401
146,401
147,401
148,401
150,401
151,401
152,401
154,401
156,401
157,401
158,401
159,401
160,401
161,401
162,401
163,401
164,401
165,401
166,401
167,401
168,401
169,401
170,401
171,401
172,401
173,401
174,401
175,401
176,401
178,401
179,401
180,401
181,401
182,401
183,401
184,401
185,401
186,401
187,401
188,401
189,401
190,401
192,401
193,401
194,401
195,401
196,401
198,401
199,401
200,401
202,401
203,401
204,401
206,401
207,401
208,401
210,401
211,401
212,401
214,401
216,401
217,401
218,401
219,401
220,401
221,401
222,401
223,401
224,401
225,401
226,401
227,401
228,401
229,401
230,401
231,401
232,401
233,401
234,401
235,401
236,401
237,401
238,401
239,401
240,401
241,401
242,401
243,401
244,401
245,401
246,401
247,401
248,401
249,401
250,401
251,401
252,401
254,401
255,401
256,401
258,401
259,401
260,401
262,401
263,401
264,401
265,401
266,401
267,401
268,401
269,401
270,401
271,401
272,401
274,401
275,401
276,401
278,401
279,401
280,401
281,401
282,401
283,401
284,401
285,401
286,401
288,401
290,401
291,401
292,401
294,401
295,401
296,401
297,401
298,401
299,401
300,401
301,401
302,401
304,401
306,401
307,401
308,401
310,401
311,401
312,401
313,401
314,401
316,401
318,401
319,401
320,401
322,401
323,401
324,401
325,401
326,401
327,401
328,401
329,401
70,402
71,402
72,402
73,402
74,402
75,402
76,402
77,402
79,402
81,402
83,402
85,402
86,402
87,402
89,402
91,402
93,402
95,402
97,402
98,402
99,402
101,402
103,402
105,402
107,402
109,402
111,402
113,402
115,402
117,402
118,402
119,402
121,402
123,402
125,402
126,402
127,402
129,402
130,402
131,402
133,402
135,402
137,402
139,402
141,402
143,402
145,402
147,402
149,402
151,402
153,402
155,402
157,402
158,402
159,402
161,402
162,402
163,402
165,402
166,402
167,402
169,402
170,402
171,402
173,402
175,402
177,402
179,402
181,402
182,402
183,402
184,402
185,402
186,402
187,402
188,402
189,402
190,402
191,402
193,402
195,402
197,402
199,402
201,402
202,402
203,402
205,402
207,402
209,402
211,402
213,402
215,402
217,402
218,402
219,402
220,402
221,402
222,402
223,402
225,402
226,402
227,402
229,402
230,402
231,402
233,402
235,402
237,402
238,402
239,402
241,402
242,402
243,402
244,402
245,402
246,402
247,402
248,402
249,402
250,402
251,402
253,402
255,402
257,402
259,402
261,402
263,402
265,402
267,402
269,402
271,402
273,402
275,402
277,402
279,402
280,402
281,402
282,402
283,402
284,402
285,402
286,402
287,402
291,402
293,402
295,402
297,402
299,402
301,402
303,402
305,402
307,402
309,402
311,402
313,402
315,402
317,402
319,402
321,402
323,402
325,402
327,402
329,402
70,403
71,403
72,403
73,403
74,403
75,403
76,403
77,403
78,403
79,403
80,403
81,403
82,403
84,403
85,403
86,403
88,403
89,403
90,403
91,403
92,403
94,403
96,403
97,403
98,403
99,403
100,403
101,403
102,403
104,403
106,403
108,403
109,403
110,403
112,403
113,403
114,403
115,403
116,403
117,403
118,403
119,403
120,403
121,403
122,403
124,403
125,403
126,403
127,403
128,403
129,403
130,403
131,403
132,403
133,403
134,403
136,403
138,403
140,403
142,403
143,403
144,403
145,403
146,403
148,403
149,403
150,403
152,403
154,403
156,403
157,403
158,403
159,403
160,403
161,403
162,403
163,403
164,403
165,403
166,403
167,403
168,403
169,403
170,403
171,403
172,403
173,403
174,403
175,403
176,403
177,403
178,403
180,403
181,403
182,403
183,403
184,403
185,403
186,403
187,403
188,403
189,403
190,403
192,403
193,403
194,403
196,403
198,403
200,403
201,403
202,403
203,403
204,403
206,403
208,403
209,403
210,403
211,403
212,403
214,403
216,403
217,403
218,403
219,403
220,403
221,403
222,403
223,403
224,403
225,403
226,403
227,403
228,403
229,403
230,403
231,403
232,403
233,403
234,403
236,403
237,403
238,403
239,403
240,403
241,403
242,403
243,403
244,403
245,403
246,403
247,403
248,403
249,403
250,403
251,403
252,403
254,403
256,403
258,403
259,403
260,403
262,403
264,403
265,403
266,403
268,403
269,403
270,403
272,403
274,403
276,403
278,403
279,403
280,403
281,403
282,403
283,403
284,403
285,403
286,403
287,403
288,403
290,403
292,403
294,403
295,403
296,403
297,403
298,403
299,403
300,403
301,403
302,403
304,403
305,403
306,403
308,403
309,403
310,403
312,403
313,403
314,403
316,403
318,403
320,403
322,403
324,403
325,403
326,403
327,403
328,403
329,403
71,404
72,404
73,404
75,404
77,404
79,404
81,404
83,404
85,404
87,404
89,404
91,404
93,404
95,404
97,404
99,404
100,404
101,404
103,404
105,404
107,404
109,404
111,404
113,404
115,404
117,404
119,404
121,404
123,404
125,404
127,404
128,404
129,404
131,404
133,404
135,404
137,404
139,404
141,404
143,404
145,404
147,404
149,404
151,404
153,404
155,404
157,404
159,404
160,404
161,404
163,404
164,404
165,404
167,404
168,404
169,404
171,404
173,404
175,404
177,404
179,404
181,404
183,404
185,404
187,404
188,404
189,404
191,404
193,404
195,404
197,404
199,404
201,404
203,404
205,404
207,404
209,404
211,404
213,404
215,404
217,404
219,404
220,404
221,404
223,404
225,404
227,404
228,404
229,404
231,404
232,404
233,404
235,404
237,404
239,404
240,404
241,404
243,404
244,404
245,404
247,404
249,404
251,404
253,404
255,404
257,404
259,404
261,404
263,404
265,404
267,404
269,404
271,404
273,404
275,404
277,404
279,404
280,404
281,404
282,404
283,404
284,404
285,404
286,404
287,404
289,404
293,404
295,404
297,404
299,404
301,404
303,404
305,404
307,404
309,404
311,404
313,404
315,404
317,404
319,404
321,404
323,404
325,404
327,404
329,404
